BitUtil.java,com.xceptance.xlt.report.util.lucene.BitUtil,org.pitest.mutationtest.engine.gregor.mutators.MathMutator,isPowerOfTwo,807,KILLED,com.xceptance.xlt.report.util.lucene.BitUtilTest.[engine:junit-jupiter]/[class:com.xceptance.xlt.report.util.lucene.BitUtilTest]/[method:testIsPowerOfTwo()]
BitUtil.java,com.xceptance.xlt.report.util.lucene.BitUtil,org.pitest.mutationtest.engine.gregor.mutators.MathMutator,isPowerOfTwo,807,KILLED,com.xceptance.xlt.report.util.lucene.BitUtilTest.[engine:junit-jupiter]/[class:com.xceptance.xlt.report.util.lucene.BitUtilTest]/[method:testIsPowerOfTwo()]
BitUtil.java,com.xceptance.xlt.report.util.lucene.BitUtil,org.pitest.mutationtest.engine.gregor.mutators.RemoveConditionalMutator_EQUAL_ELSE,isPowerOfTwo,807,KILLED,com.xceptance.xlt.report.util.lucene.BitUtilTest.[engine:junit-jupiter]/[class:com.xceptance.xlt.report.util.lucene.BitUtilTest]/[method:testIsPowerOfTwo()]
BitUtil.java,com.xceptance.xlt.report.util.lucene.BitUtil,org.pitest.mutationtest.engine.gregor.mutators.RemoveConditionalMutator_EQUAL_IF,isPowerOfTwo,807,KILLED,com.xceptance.xlt.report.util.lucene.BitUtilTest.[engine:junit-jupiter]/[class:com.xceptance.xlt.report.util.lucene.BitUtilTest]/[method:testIsPowerOfTwo()]
BitUtil.java,com.xceptance.xlt.report.util.lucene.BitUtil,org.pitest.mutationtest.engine.gregor.mutators.returns.BooleanFalseReturnValsMutator,isPowerOfTwo,807,KILLED,com.xceptance.xlt.report.util.lucene.BitUtilTest.[engine:junit-jupiter]/[class:com.xceptance.xlt.report.util.lucene.BitUtilTest]/[method:testIsPowerOfTwo()]
BitUtil.java,com.xceptance.xlt.report.util.lucene.BitUtil,org.pitest.mutationtest.engine.gregor.mutators.returns.BooleanTrueReturnValsMutator,isPowerOfTwo,807,KILLED,com.xceptance.xlt.report.util.lucene.BitUtilTest.[engine:junit-jupiter]/[class:com.xceptance.xlt.report.util.lucene.BitUtilTest]/[method:testIsPowerOfTwo()]
BitUtil.java,com.xceptance.xlt.report.util.lucene.BitUtil,org.pitest.mutationtest.engine.gregor.mutators.MathMutator,isPowerOfTwo,812,NO_COVERAGE,none
BitUtil.java,com.xceptance.xlt.report.util.lucene.BitUtil,org.pitest.mutationtest.engine.gregor.mutators.MathMutator,isPowerOfTwo,812,NO_COVERAGE,none
BitUtil.java,com.xceptance.xlt.report.util.lucene.BitUtil,org.pitest.mutationtest.engine.gregor.mutators.RemoveConditionalMutator_EQUAL_ELSE,isPowerOfTwo,812,NO_COVERAGE,none
BitUtil.java,com.xceptance.xlt.report.util.lucene.BitUtil,org.pitest.mutationtest.engine.gregor.mutators.RemoveConditionalMutator_EQUAL_IF,isPowerOfTwo,812,NO_COVERAGE,none
BitUtil.java,com.xceptance.xlt.report.util.lucene.BitUtil,org.pitest.mutationtest.engine.gregor.mutators.returns.BooleanFalseReturnValsMutator,isPowerOfTwo,812,NO_COVERAGE,none
BitUtil.java,com.xceptance.xlt.report.util.lucene.BitUtil,org.pitest.mutationtest.engine.gregor.mutators.returns.BooleanTrueReturnValsMutator,isPowerOfTwo,812,NO_COVERAGE,none
BitUtil.java,com.xceptance.xlt.report.util.lucene.BitUtil,org.pitest.mutationtest.engine.gregor.mutators.IncrementsMutator,nextHighestPowerOfTwo,817,KILLED,com.xceptance.xlt.report.util.RuntimeHistogramTest.[engine:junit-jupiter]/[class:com.xceptance.xlt.report.util.RuntimeHistogramTest]/[method:testBasicStats()]
BitUtil.java,com.xceptance.xlt.report.util.lucene.BitUtil,org.pitest.mutationtest.engine.gregor.mutators.IncrementsMutator,nextHighestPowerOfTwo,823,SURVIVED,none
BitUtil.java,com.xceptance.xlt.report.util.lucene.BitUtil,org.pitest.mutationtest.engine.gregor.mutators.MathMutator,nextHighestPowerOfTwo,818,SURVIVED,none
BitUtil.java,com.xceptance.xlt.report.util.lucene.BitUtil,org.pitest.mutationtest.engine.gregor.mutators.MathMutator,nextHighestPowerOfTwo,818,SURVIVED,none
BitUtil.java,com.xceptance.xlt.report.util.lucene.BitUtil,org.pitest.mutationtest.engine.gregor.mutators.MathMutator,nextHighestPowerOfTwo,819,SURVIVED,none
BitUtil.java,com.xceptance.xlt.report.util.lucene.BitUtil,org.pitest.mutationtest.engine.gregor.mutators.MathMutator,nextHighestPowerOfTwo,819,SURVIVED,none
BitUtil.java,com.xceptance.xlt.report.util.lucene.BitUtil,org.pitest.mutationtest.engine.gregor.mutators.MathMutator,nextHighestPowerOfTwo,820,SURVIVED,none
BitUtil.java,com.xceptance.xlt.report.util.lucene.BitUtil,org.pitest.mutationtest.engine.gregor.mutators.MathMutator,nextHighestPowerOfTwo,820,KILLED,com.xceptance.xlt.report.util.RuntimeHistogramTest.[engine:junit-jupiter]/[class:com.xceptance.xlt.report.util.RuntimeHistogramTest]/[method:testPrecision()]
BitUtil.java,com.xceptance.xlt.report.util.lucene.BitUtil,org.pitest.mutationtest.engine.gregor.mutators.MathMutator,nextHighestPowerOfTwo,821,SURVIVED,none
BitUtil.java,com.xceptance.xlt.report.util.lucene.BitUtil,org.pitest.mutationtest.engine.gregor.mutators.MathMutator,nextHighestPowerOfTwo,821,KILLED,com.xceptance.xlt.report.util.RuntimeHistogramTest.[engine:junit-jupiter]/[class:com.xceptance.xlt.report.util.RuntimeHistogramTest]/[method:testPrecision()]
BitUtil.java,com.xceptance.xlt.report.util.lucene.BitUtil,org.pitest.mutationtest.engine.gregor.mutators.MathMutator,nextHighestPowerOfTwo,822,SURVIVED,none
BitUtil.java,com.xceptance.xlt.report.util.lucene.BitUtil,org.pitest.mutationtest.engine.gregor.mutators.MathMutator,nextHighestPowerOfTwo,822,KILLED,com.xceptance.xlt.report.util.RuntimeHistogramTest.[engine:junit-jupiter]/[class:com.xceptance.xlt.report.util.RuntimeHistogramTest]/[method:testPrecision()]
BitUtil.java,com.xceptance.xlt.report.util.lucene.BitUtil,org.pitest.mutationtest.engine.gregor.mutators.returns.PrimitiveReturnsMutator,nextHighestPowerOfTwo,824,KILLED,com.xceptance.xlt.report.util.RuntimeHistogramTest.[engine:junit-jupiter]/[class:com.xceptance.xlt.report.util.RuntimeHistogramTest]/[method:testPrecision()]
BitUtil.java,com.xceptance.xlt.report.util.lucene.BitUtil,org.pitest.mutationtest.engine.gregor.mutators.MathMutator,nextHighestPowerOfTwo,829,NO_COVERAGE,none
BitUtil.java,com.xceptance.xlt.report.util.lucene.BitUtil,org.pitest.mutationtest.engine.gregor.mutators.MathMutator,nextHighestPowerOfTwo,830,NO_COVERAGE,none
BitUtil.java,com.xceptance.xlt.report.util.lucene.BitUtil,org.pitest.mutationtest.engine.gregor.mutators.MathMutator,nextHighestPowerOfTwo,830,NO_COVERAGE,none
BitUtil.java,com.xceptance.xlt.report.util.lucene.BitUtil,org.pitest.mutationtest.engine.gregor.mutators.MathMutator,nextHighestPowerOfTwo,831,NO_COVERAGE,none
BitUtil.java,com.xceptance.xlt.report.util.lucene.BitUtil,org.pitest.mutationtest.engine.gregor.mutators.MathMutator,nextHighestPowerOfTwo,831,NO_COVERAGE,none
BitUtil.java,com.xceptance.xlt.report.util.lucene.BitUtil,org.pitest.mutationtest.engine.gregor.mutators.MathMutator,nextHighestPowerOfTwo,832,NO_COVERAGE,none
BitUtil.java,com.xceptance.xlt.report.util.lucene.BitUtil,org.pitest.mutationtest.engine.gregor.mutators.MathMutator,nextHighestPowerOfTwo,832,NO_COVERAGE,none
BitUtil.java,com.xceptance.xlt.report.util.lucene.BitUtil,org.pitest.mutationtest.engine.gregor.mutators.MathMutator,nextHighestPowerOfTwo,833,NO_COVERAGE,none
BitUtil.java,com.xceptance.xlt.report.util.lucene.BitUtil,org.pitest.mutationtest.engine.gregor.mutators.MathMutator,nextHighestPowerOfTwo,833,NO_COVERAGE,none
BitUtil.java,com.xceptance.xlt.report.util.lucene.BitUtil,org.pitest.mutationtest.engine.gregor.mutators.MathMutator,nextHighestPowerOfTwo,834,NO_COVERAGE,none
BitUtil.java,com.xceptance.xlt.report.util.lucene.BitUtil,org.pitest.mutationtest.engine.gregor.mutators.MathMutator,nextHighestPowerOfTwo,834,NO_COVERAGE,none
BitUtil.java,com.xceptance.xlt.report.util.lucene.BitUtil,org.pitest.mutationtest.engine.gregor.mutators.MathMutator,nextHighestPowerOfTwo,835,NO_COVERAGE,none
BitUtil.java,com.xceptance.xlt.report.util.lucene.BitUtil,org.pitest.mutationtest.engine.gregor.mutators.MathMutator,nextHighestPowerOfTwo,835,NO_COVERAGE,none
BitUtil.java,com.xceptance.xlt.report.util.lucene.BitUtil,org.pitest.mutationtest.engine.gregor.mutators.MathMutator,nextHighestPowerOfTwo,836,NO_COVERAGE,none
BitUtil.java,com.xceptance.xlt.report.util.lucene.BitUtil,org.pitest.mutationtest.engine.gregor.mutators.returns.PrimitiveReturnsMutator,nextHighestPowerOfTwo,837,NO_COVERAGE,none
BitUtil.java,com.xceptance.xlt.report.util.lucene.BitUtil,org.pitest.mutationtest.engine.gregor.mutators.IncrementsMutator,nlz,791,KILLED,com.xceptance.xlt.report.util.lucene.BitUtilTest.[engine:junit-jupiter]/[class:com.xceptance.xlt.report.util.lucene.BitUtilTest]/[method:testNlz()]
BitUtil.java,com.xceptance.xlt.report.util.lucene.BitUtil,org.pitest.mutationtest.engine.gregor.mutators.IncrementsMutator,nlz,792,KILLED,com.xceptance.xlt.report.util.lucene.BitUtilTest.[engine:junit-jupiter]/[class:com.xceptance.xlt.report.util.lucene.BitUtilTest]/[method:testNlz()]
BitUtil.java,com.xceptance.xlt.report.util.lucene.BitUtil,org.pitest.mutationtest.engine.gregor.mutators.IncrementsMutator,nlz,793,KILLED,com.xceptance.xlt.report.util.lucene.BitUtilTest.[engine:junit-jupiter]/[class:com.xceptance.xlt.report.util.lucene.BitUtilTest]/[method:testNlz()]
BitUtil.java,com.xceptance.xlt.report.util.lucene.BitUtil,org.pitest.mutationtest.engine.gregor.mutators.MathMutator,nlz,790,KILLED,com.xceptance.xlt.report.util.lucene.BitUtilTest.[engine:junit-jupiter]/[class:com.xceptance.xlt.report.util.lucene.BitUtilTest]/[method:testNlz()]
BitUtil.java,com.xceptance.xlt.report.util.lucene.BitUtil,org.pitest.mutationtest.engine.gregor.mutators.MathMutator,nlz,792,KILLED,com.xceptance.xlt.report.util.lucene.BitUtilTest.[engine:junit-jupiter]/[class:com.xceptance.xlt.report.util.lucene.BitUtilTest]/[method:testNlz()]
BitUtil.java,com.xceptance.xlt.report.util.lucene.BitUtil,org.pitest.mutationtest.engine.gregor.mutators.MathMutator,nlz,792,KILLED,com.xceptance.xlt.report.util.lucene.BitUtilTest.[engine:junit-jupiter]/[class:com.xceptance.xlt.report.util.lucene.BitUtilTest]/[method:testNlz()]
BitUtil.java,com.xceptance.xlt.report.util.lucene.BitUtil,org.pitest.mutationtest.engine.gregor.mutators.MathMutator,nlz,793,KILLED,com.xceptance.xlt.report.util.lucene.BitUtilTest.[engine:junit-jupiter]/[class:com.xceptance.xlt.report.util.lucene.BitUtilTest]/[method:testNlz()]
BitUtil.java,com.xceptance.xlt.report.util.lucene.BitUtil,org.pitest.mutationtest.engine.gregor.mutators.MathMutator,nlz,793,KILLED,com.xceptance.xlt.report.util.lucene.BitUtilTest.[engine:junit-jupiter]/[class:com.xceptance.xlt.report.util.lucene.BitUtilTest]/[method:testNlz()]
BitUtil.java,com.xceptance.xlt.report.util.lucene.BitUtil,org.pitest.mutationtest.engine.gregor.mutators.MathMutator,nlz,794,KILLED,com.xceptance.xlt.report.util.lucene.BitUtilTest.[engine:junit-jupiter]/[class:com.xceptance.xlt.report.util.lucene.BitUtilTest]/[method:testNlz()]
BitUtil.java,com.xceptance.xlt.report.util.lucene.BitUtil,org.pitest.mutationtest.engine.gregor.mutators.MathMutator,nlz,794,KILLED,com.xceptance.xlt.report.util.lucene.BitUtilTest.[engine:junit-jupiter]/[class:com.xceptance.xlt.report.util.lucene.BitUtilTest]/[method:testNlz()]
BitUtil.java,com.xceptance.xlt.report.util.lucene.BitUtil,org.pitest.mutationtest.engine.gregor.mutators.RemoveConditionalMutator_EQUAL_ELSE,nlz,791,KILLED,com.xceptance.xlt.report.util.lucene.BitUtilTest.[engine:junit-jupiter]/[class:com.xceptance.xlt.report.util.lucene.BitUtilTest]/[method:testNlz()]
BitUtil.java,com.xceptance.xlt.report.util.lucene.BitUtil,org.pitest.mutationtest.engine.gregor.mutators.RemoveConditionalMutator_EQUAL_ELSE,nlz,792,KILLED,com.xceptance.xlt.report.util.lucene.BitUtilTest.[engine:junit-jupiter]/[class:com.xceptance.xlt.report.util.lucene.BitUtilTest]/[method:testNlz()]
BitUtil.java,com.xceptance.xlt.report.util.lucene.BitUtil,org.pitest.mutationtest.engine.gregor.mutators.RemoveConditionalMutator_EQUAL_ELSE,nlz,793,KILLED,com.xceptance.xlt.report.util.lucene.BitUtilTest.[engine:junit-jupiter]/[class:com.xceptance.xlt.report.util.lucene.BitUtilTest]/[method:testNlz()]
BitUtil.java,com.xceptance.xlt.report.util.lucene.BitUtil,org.pitest.mutationtest.engine.gregor.mutators.RemoveConditionalMutator_EQUAL_IF,nlz,791,KILLED,com.xceptance.xlt.report.util.lucene.BitUtilTest.[engine:junit-jupiter]/[class:com.xceptance.xlt.report.util.lucene.BitUtilTest]/[method:testNlz()]
BitUtil.java,com.xceptance.xlt.report.util.lucene.BitUtil,org.pitest.mutationtest.engine.gregor.mutators.RemoveConditionalMutator_EQUAL_IF,nlz,792,KILLED,com.xceptance.xlt.report.util.lucene.BitUtilTest.[engine:junit-jupiter]/[class:com.xceptance.xlt.report.util.lucene.BitUtilTest]/[method:testNlz()]
BitUtil.java,com.xceptance.xlt.report.util.lucene.BitUtil,org.pitest.mutationtest.engine.gregor.mutators.RemoveConditionalMutator_EQUAL_IF,nlz,793,KILLED,com.xceptance.xlt.report.util.lucene.BitUtilTest.[engine:junit-jupiter]/[class:com.xceptance.xlt.report.util.lucene.BitUtilTest]/[method:testNlz()]
BitUtil.java,com.xceptance.xlt.report.util.lucene.BitUtil,org.pitest.mutationtest.engine.gregor.mutators.returns.PrimitiveReturnsMutator,nlz,794,KILLED,com.xceptance.xlt.report.util.lucene.BitUtilTest.[engine:junit-jupiter]/[class:com.xceptance.xlt.report.util.lucene.BitUtilTest]/[method:testNlz()]
BitUtil.java,com.xceptance.xlt.report.util.lucene.BitUtil,org.pitest.mutationtest.engine.gregor.mutators.MathMutator,ntz,739,NO_COVERAGE,none
BitUtil.java,com.xceptance.xlt.report.util.lucene.BitUtil,org.pitest.mutationtest.engine.gregor.mutators.MathMutator,ntz,741,NO_COVERAGE,none
BitUtil.java,com.xceptance.xlt.report.util.lucene.BitUtil,org.pitest.mutationtest.engine.gregor.mutators.MathMutator,ntz,741,NO_COVERAGE,none
BitUtil.java,com.xceptance.xlt.report.util.lucene.BitUtil,org.pitest.mutationtest.engine.gregor.mutators.MathMutator,ntz,742,NO_COVERAGE,none
BitUtil.java,com.xceptance.xlt.report.util.lucene.BitUtil,org.pitest.mutationtest.engine.gregor.mutators.MathMutator,ntz,743,NO_COVERAGE,none
BitUtil.java,com.xceptance.xlt.report.util.lucene.BitUtil,org.pitest.mutationtest.engine.gregor.mutators.MathMutator,ntz,743,NO_COVERAGE,none
BitUtil.java,com.xceptance.xlt.report.util.lucene.BitUtil,org.pitest.mutationtest.engine.gregor.mutators.MathMutator,ntz,744,NO_COVERAGE,none
BitUtil.java,com.xceptance.xlt.report.util.lucene.BitUtil,org.pitest.mutationtest.engine.gregor.mutators.MathMutator,ntz,747,NO_COVERAGE,none
BitUtil.java,com.xceptance.xlt.report.util.lucene.BitUtil,org.pitest.mutationtest.engine.gregor.mutators.MathMutator,ntz,747,NO_COVERAGE,none
BitUtil.java,com.xceptance.xlt.report.util.lucene.BitUtil,org.pitest.mutationtest.engine.gregor.mutators.RemoveConditionalMutator_EQUAL_ELSE,ntz,740,NO_COVERAGE,none
BitUtil.java,com.xceptance.xlt.report.util.lucene.BitUtil,org.pitest.mutationtest.engine.gregor.mutators.RemoveConditionalMutator_EQUAL_ELSE,ntz,742,NO_COVERAGE,none
BitUtil.java,com.xceptance.xlt.report.util.lucene.BitUtil,org.pitest.mutationtest.engine.gregor.mutators.RemoveConditionalMutator_EQUAL_ELSE,ntz,744,NO_COVERAGE,none
BitUtil.java,com.xceptance.xlt.report.util.lucene.BitUtil,org.pitest.mutationtest.engine.gregor.mutators.RemoveConditionalMutator_EQUAL_IF,ntz,740,NO_COVERAGE,none
BitUtil.java,com.xceptance.xlt.report.util.lucene.BitUtil,org.pitest.mutationtest.engine.gregor.mutators.RemoveConditionalMutator_EQUAL_IF,ntz,742,NO_COVERAGE,none
BitUtil.java,com.xceptance.xlt.report.util.lucene.BitUtil,org.pitest.mutationtest.engine.gregor.mutators.RemoveConditionalMutator_EQUAL_IF,ntz,744,NO_COVERAGE,none
BitUtil.java,com.xceptance.xlt.report.util.lucene.BitUtil,org.pitest.mutationtest.engine.gregor.mutators.returns.PrimitiveReturnsMutator,ntz,740,NO_COVERAGE,none
BitUtil.java,com.xceptance.xlt.report.util.lucene.BitUtil,org.pitest.mutationtest.engine.gregor.mutators.returns.PrimitiveReturnsMutator,ntz,742,NO_COVERAGE,none
BitUtil.java,com.xceptance.xlt.report.util.lucene.BitUtil,org.pitest.mutationtest.engine.gregor.mutators.returns.PrimitiveReturnsMutator,ntz,744,NO_COVERAGE,none
BitUtil.java,com.xceptance.xlt.report.util.lucene.BitUtil,org.pitest.mutationtest.engine.gregor.mutators.returns.PrimitiveReturnsMutator,ntz,747,NO_COVERAGE,none
BitUtil.java,com.xceptance.xlt.report.util.lucene.BitUtil,org.pitest.mutationtest.engine.gregor.mutators.MathMutator,ntz,707,KILLED,com.xceptance.xlt.report.util.lucene.BitUtilTest.[engine:junit-jupiter]/[class:com.xceptance.xlt.report.util.lucene.BitUtilTest]/[method:testNtz()]
BitUtil.java,com.xceptance.xlt.report.util.lucene.BitUtil,org.pitest.mutationtest.engine.gregor.mutators.MathMutator,ntz,711,NO_COVERAGE,none
BitUtil.java,com.xceptance.xlt.report.util.lucene.BitUtil,org.pitest.mutationtest.engine.gregor.mutators.MathMutator,ntz,711,NO_COVERAGE,none
BitUtil.java,com.xceptance.xlt.report.util.lucene.BitUtil,org.pitest.mutationtest.engine.gregor.mutators.MathMutator,ntz,712,NO_COVERAGE,none
BitUtil.java,com.xceptance.xlt.report.util.lucene.BitUtil,org.pitest.mutationtest.engine.gregor.mutators.MathMutator,ntz,713,NO_COVERAGE,none
BitUtil.java,com.xceptance.xlt.report.util.lucene.BitUtil,org.pitest.mutationtest.engine.gregor.mutators.MathMutator,ntz,713,NO_COVERAGE,none
BitUtil.java,com.xceptance.xlt.report.util.lucene.BitUtil,org.pitest.mutationtest.engine.gregor.mutators.MathMutator,ntz,714,NO_COVERAGE,none
BitUtil.java,com.xceptance.xlt.report.util.lucene.BitUtil,org.pitest.mutationtest.engine.gregor.mutators.MathMutator,ntz,717,NO_COVERAGE,none
BitUtil.java,com.xceptance.xlt.report.util.lucene.BitUtil,org.pitest.mutationtest.engine.gregor.mutators.MathMutator,ntz,717,NO_COVERAGE,none
BitUtil.java,com.xceptance.xlt.report.util.lucene.BitUtil,org.pitest.mutationtest.engine.gregor.mutators.MathMutator,ntz,720,KILLED,com.xceptance.xlt.report.util.lucene.BitUtilTest.[engine:junit-jupiter]/[class:com.xceptance.xlt.report.util.lucene.BitUtilTest]/[method:testNtz()]
BitUtil.java,com.xceptance.xlt.report.util.lucene.BitUtil,org.pitest.mutationtest.engine.gregor.mutators.MathMutator,ntz,721,KILLED,com.xceptance.xlt.report.util.lucene.BitUtilTest.[engine:junit-jupiter]/[class:com.xceptance.xlt.report.util.lucene.BitUtilTest]/[method:testNtz()]
BitUtil.java,com.xceptance.xlt.report.util.lucene.BitUtil,org.pitest.mutationtest.engine.gregor.mutators.MathMutator,ntz,722,NO_COVERAGE,none
BitUtil.java,com.xceptance.xlt.report.util.lucene.BitUtil,org.pitest.mutationtest.engine.gregor.mutators.MathMutator,ntz,723,SURVIVED,none
BitUtil.java,com.xceptance.xlt.report.util.lucene.BitUtil,org.pitest.mutationtest.engine.gregor.mutators.MathMutator,ntz,723,KILLED,com.xceptance.xlt.report.util.lucene.BitUtilTest.[engine:junit-jupiter]/[class:com.xceptance.xlt.report.util.lucene.BitUtilTest]/[method:testNtz()]
BitUtil.java,com.xceptance.xlt.report.util.lucene.BitUtil,org.pitest.mutationtest.engine.gregor.mutators.MathMutator,ntz,724,NO_COVERAGE,none
BitUtil.java,com.xceptance.xlt.report.util.lucene.BitUtil,org.pitest.mutationtest.engine.gregor.mutators.MathMutator,ntz,725,SURVIVED,none
BitUtil.java,com.xceptance.xlt.report.util.lucene.BitUtil,org.pitest.mutationtest.engine.gregor.mutators.MathMutator,ntz,725,KILLED,com.xceptance.xlt.report.util.lucene.BitUtilTest.[engine:junit-jupiter]/[class:com.xceptance.xlt.report.util.lucene.BitUtilTest]/[method:testNtz()]
BitUtil.java,com.xceptance.xlt.report.util.lucene.BitUtil,org.pitest.mutationtest.engine.gregor.mutators.MathMutator,ntz,726,NO_COVERAGE,none
BitUtil.java,com.xceptance.xlt.report.util.lucene.BitUtil,org.pitest.mutationtest.engine.gregor.mutators.MathMutator,ntz,729,KILLED,com.xceptance.xlt.report.util.lucene.BitUtilTest.[engine:junit-jupiter]/[class:com.xceptance.xlt.report.util.lucene.BitUtilTest]/[method:testNtz()]
BitUtil.java,com.xceptance.xlt.report.util.lucene.BitUtil,org.pitest.mutationtest.engine.gregor.mutators.MathMutator,ntz,729,KILLED,com.xceptance.xlt.report.util.lucene.BitUtilTest.[engine:junit-jupiter]/[class:com.xceptance.xlt.report.util.lucene.BitUtilTest]/[method:testNtz()]
BitUtil.java,com.xceptance.xlt.report.util.lucene.BitUtil,org.pitest.mutationtest.engine.gregor.mutators.RemoveConditionalMutator_EQUAL_ELSE,ntz,708,KILLED,com.xceptance.xlt.report.util.lucene.BitUtilTest.[engine:junit-jupiter]/[class:com.xceptance.xlt.report.util.lucene.BitUtilTest]/[method:testNtz()]
BitUtil.java,com.xceptance.xlt.report.util.lucene.BitUtil,org.pitest.mutationtest.engine.gregor.mutators.RemoveConditionalMutator_EQUAL_ELSE,ntz,710,SURVIVED,none
BitUtil.java,com.xceptance.xlt.report.util.lucene.BitUtil,org.pitest.mutationtest.engine.gregor.mutators.RemoveConditionalMutator_EQUAL_ELSE,ntz,712,NO_COVERAGE,none
BitUtil.java,com.xceptance.xlt.report.util.lucene.BitUtil,org.pitest.mutationtest.engine.gregor.mutators.RemoveConditionalMutator_EQUAL_ELSE,ntz,714,NO_COVERAGE,none
BitUtil.java,com.xceptance.xlt.report.util.lucene.BitUtil,org.pitest.mutationtest.engine.gregor.mutators.RemoveConditionalMutator_EQUAL_ELSE,ntz,722,SURVIVED,none
BitUtil.java,com.xceptance.xlt.report.util.lucene.BitUtil,org.pitest.mutationtest.engine.gregor.mutators.RemoveConditionalMutator_EQUAL_ELSE,ntz,724,SURVIVED,none
BitUtil.java,com.xceptance.xlt.report.util.lucene.BitUtil,org.pitest.mutationtest.engine.gregor.mutators.RemoveConditionalMutator_EQUAL_ELSE,ntz,726,SURVIVED,none
BitUtil.java,com.xceptance.xlt.report.util.lucene.BitUtil,org.pitest.mutationtest.engine.gregor.mutators.RemoveConditionalMutator_EQUAL_IF,ntz,708,KILLED,com.xceptance.xlt.report.util.lucene.BitUtilTest.[engine:junit-jupiter]/[class:com.xceptance.xlt.report.util.lucene.BitUtilTest]/[method:testNtz()]
BitUtil.java,com.xceptance.xlt.report.util.lucene.BitUtil,org.pitest.mutationtest.engine.gregor.mutators.RemoveConditionalMutator_EQUAL_IF,ntz,710,KILLED,com.xceptance.xlt.report.util.lucene.BitUtilTest.[engine:junit-jupiter]/[class:com.xceptance.xlt.report.util.lucene.BitUtilTest]/[method:testNtz()]
BitUtil.java,com.xceptance.xlt.report.util.lucene.BitUtil,org.pitest.mutationtest.engine.gregor.mutators.RemoveConditionalMutator_EQUAL_IF,ntz,712,NO_COVERAGE,none
BitUtil.java,com.xceptance.xlt.report.util.lucene.BitUtil,org.pitest.mutationtest.engine.gregor.mutators.RemoveConditionalMutator_EQUAL_IF,ntz,714,NO_COVERAGE,none
BitUtil.java,com.xceptance.xlt.report.util.lucene.BitUtil,org.pitest.mutationtest.engine.gregor.mutators.RemoveConditionalMutator_EQUAL_IF,ntz,722,KILLED,com.xceptance.xlt.report.util.lucene.BitUtilTest.[engine:junit-jupiter]/[class:com.xceptance.xlt.report.util.lucene.BitUtilTest]/[method:testNtz()]
BitUtil.java,com.xceptance.xlt.report.util.lucene.BitUtil,org.pitest.mutationtest.engine.gregor.mutators.RemoveConditionalMutator_EQUAL_IF,ntz,724,KILLED,com.xceptance.xlt.report.util.lucene.BitUtilTest.[engine:junit-jupiter]/[class:com.xceptance.xlt.report.util.lucene.BitUtilTest]/[method:testNtz()]
BitUtil.java,com.xceptance.xlt.report.util.lucene.BitUtil,org.pitest.mutationtest.engine.gregor.mutators.RemoveConditionalMutator_EQUAL_IF,ntz,726,KILLED,com.xceptance.xlt.report.util.lucene.BitUtilTest.[engine:junit-jupiter]/[class:com.xceptance.xlt.report.util.lucene.BitUtilTest]/[method:testNtz()]
BitUtil.java,com.xceptance.xlt.report.util.lucene.BitUtil,org.pitest.mutationtest.engine.gregor.mutators.returns.PrimitiveReturnsMutator,ntz,708,KILLED,com.xceptance.xlt.report.util.lucene.BitUtilTest.[engine:junit-jupiter]/[class:com.xceptance.xlt.report.util.lucene.BitUtilTest]/[method:testNtz()]
BitUtil.java,com.xceptance.xlt.report.util.lucene.BitUtil,org.pitest.mutationtest.engine.gregor.mutators.returns.PrimitiveReturnsMutator,ntz,712,NO_COVERAGE,none
BitUtil.java,com.xceptance.xlt.report.util.lucene.BitUtil,org.pitest.mutationtest.engine.gregor.mutators.returns.PrimitiveReturnsMutator,ntz,714,NO_COVERAGE,none
BitUtil.java,com.xceptance.xlt.report.util.lucene.BitUtil,org.pitest.mutationtest.engine.gregor.mutators.returns.PrimitiveReturnsMutator,ntz,717,NO_COVERAGE,none
BitUtil.java,com.xceptance.xlt.report.util.lucene.BitUtil,org.pitest.mutationtest.engine.gregor.mutators.returns.PrimitiveReturnsMutator,ntz,722,NO_COVERAGE,none
BitUtil.java,com.xceptance.xlt.report.util.lucene.BitUtil,org.pitest.mutationtest.engine.gregor.mutators.returns.PrimitiveReturnsMutator,ntz,724,NO_COVERAGE,none
BitUtil.java,com.xceptance.xlt.report.util.lucene.BitUtil,org.pitest.mutationtest.engine.gregor.mutators.returns.PrimitiveReturnsMutator,ntz,726,NO_COVERAGE,none
BitUtil.java,com.xceptance.xlt.report.util.lucene.BitUtil,org.pitest.mutationtest.engine.gregor.mutators.returns.PrimitiveReturnsMutator,ntz,729,KILLED,com.xceptance.xlt.report.util.lucene.BitUtilTest.[engine:junit-jupiter]/[class:com.xceptance.xlt.report.util.lucene.BitUtilTest]/[method:testNtz()]
BitUtil.java,com.xceptance.xlt.report.util.lucene.BitUtil,org.pitest.mutationtest.engine.gregor.mutators.IncrementsMutator,ntz2,757,NO_COVERAGE,none
BitUtil.java,com.xceptance.xlt.report.util.lucene.BitUtil,org.pitest.mutationtest.engine.gregor.mutators.IncrementsMutator,ntz2,758,NO_COVERAGE,none
BitUtil.java,com.xceptance.xlt.report.util.lucene.BitUtil,org.pitest.mutationtest.engine.gregor.mutators.IncrementsMutator,ntz2,759,NO_COVERAGE,none
BitUtil.java,com.xceptance.xlt.report.util.lucene.BitUtil,org.pitest.mutationtest.engine.gregor.mutators.MathMutator,ntz2,757,NO_COVERAGE,none
BitUtil.java,com.xceptance.xlt.report.util.lucene.BitUtil,org.pitest.mutationtest.engine.gregor.mutators.MathMutator,ntz2,758,NO_COVERAGE,none
BitUtil.java,com.xceptance.xlt.report.util.lucene.BitUtil,org.pitest.mutationtest.engine.gregor.mutators.MathMutator,ntz2,758,NO_COVERAGE,none
BitUtil.java,com.xceptance.xlt.report.util.lucene.BitUtil,org.pitest.mutationtest.engine.gregor.mutators.MathMutator,ntz2,759,NO_COVERAGE,none
BitUtil.java,com.xceptance.xlt.report.util.lucene.BitUtil,org.pitest.mutationtest.engine.gregor.mutators.MathMutator,ntz2,759,NO_COVERAGE,none
BitUtil.java,com.xceptance.xlt.report.util.lucene.BitUtil,org.pitest.mutationtest.engine.gregor.mutators.MathMutator,ntz2,760,NO_COVERAGE,none
BitUtil.java,com.xceptance.xlt.report.util.lucene.BitUtil,org.pitest.mutationtest.engine.gregor.mutators.MathMutator,ntz2,760,NO_COVERAGE,none
BitUtil.java,com.xceptance.xlt.report.util.lucene.BitUtil,org.pitest.mutationtest.engine.gregor.mutators.RemoveConditionalMutator_EQUAL_ELSE,ntz2,757,NO_COVERAGE,none
BitUtil.java,com.xceptance.xlt.report.util.lucene.BitUtil,org.pitest.mutationtest.engine.gregor.mutators.RemoveConditionalMutator_EQUAL_ELSE,ntz2,758,NO_COVERAGE,none
BitUtil.java,com.xceptance.xlt.report.util.lucene.BitUtil,org.pitest.mutationtest.engine.gregor.mutators.RemoveConditionalMutator_EQUAL_ELSE,ntz2,759,NO_COVERAGE,none
BitUtil.java,com.xceptance.xlt.report.util.lucene.BitUtil,org.pitest.mutationtest.engine.gregor.mutators.RemoveConditionalMutator_EQUAL_IF,ntz2,757,NO_COVERAGE,none
BitUtil.java,com.xceptance.xlt.report.util.lucene.BitUtil,org.pitest.mutationtest.engine.gregor.mutators.RemoveConditionalMutator_EQUAL_IF,ntz2,758,NO_COVERAGE,none
BitUtil.java,com.xceptance.xlt.report.util.lucene.BitUtil,org.pitest.mutationtest.engine.gregor.mutators.RemoveConditionalMutator_EQUAL_IF,ntz2,759,NO_COVERAGE,none
BitUtil.java,com.xceptance.xlt.report.util.lucene.BitUtil,org.pitest.mutationtest.engine.gregor.mutators.returns.PrimitiveReturnsMutator,ntz2,760,NO_COVERAGE,none
BitUtil.java,com.xceptance.xlt.report.util.lucene.BitUtil,org.pitest.mutationtest.engine.gregor.mutators.IncrementsMutator,ntz3,774,NO_COVERAGE,none
BitUtil.java,com.xceptance.xlt.report.util.lucene.BitUtil,org.pitest.mutationtest.engine.gregor.mutators.IncrementsMutator,ntz3,775,NO_COVERAGE,none
BitUtil.java,com.xceptance.xlt.report.util.lucene.BitUtil,org.pitest.mutationtest.engine.gregor.mutators.IncrementsMutator,ntz3,776,NO_COVERAGE,none
BitUtil.java,com.xceptance.xlt.report.util.lucene.BitUtil,org.pitest.mutationtest.engine.gregor.mutators.IncrementsMutator,ntz3,777,NO_COVERAGE,none
BitUtil.java,com.xceptance.xlt.report.util.lucene.BitUtil,org.pitest.mutationtest.engine.gregor.mutators.IncrementsMutator,ntz3,778,NO_COVERAGE,none
BitUtil.java,com.xceptance.xlt.report.util.lucene.BitUtil,org.pitest.mutationtest.engine.gregor.mutators.MathMutator,ntz3,774,NO_COVERAGE,none
BitUtil.java,com.xceptance.xlt.report.util.lucene.BitUtil,org.pitest.mutationtest.engine.gregor.mutators.MathMutator,ntz3,775,NO_COVERAGE,none
BitUtil.java,com.xceptance.xlt.report.util.lucene.BitUtil,org.pitest.mutationtest.engine.gregor.mutators.MathMutator,ntz3,775,NO_COVERAGE,none
BitUtil.java,com.xceptance.xlt.report.util.lucene.BitUtil,org.pitest.mutationtest.engine.gregor.mutators.MathMutator,ntz3,776,NO_COVERAGE,none
BitUtil.java,com.xceptance.xlt.report.util.lucene.BitUtil,org.pitest.mutationtest.engine.gregor.mutators.MathMutator,ntz3,776,NO_COVERAGE,none
BitUtil.java,com.xceptance.xlt.report.util.lucene.BitUtil,org.pitest.mutationtest.engine.gregor.mutators.MathMutator,ntz3,777,NO_COVERAGE,none
BitUtil.java,com.xceptance.xlt.report.util.lucene.BitUtil,org.pitest.mutationtest.engine.gregor.mutators.MathMutator,ntz3,777,NO_COVERAGE,none
BitUtil.java,com.xceptance.xlt.report.util.lucene.BitUtil,org.pitest.mutationtest.engine.gregor.mutators.MathMutator,ntz3,778,NO_COVERAGE,none
BitUtil.java,com.xceptance.xlt.report.util.lucene.BitUtil,org.pitest.mutationtest.engine.gregor.mutators.MathMutator,ntz3,778,NO_COVERAGE,none
BitUtil.java,com.xceptance.xlt.report.util.lucene.BitUtil,org.pitest.mutationtest.engine.gregor.mutators.MathMutator,ntz3,779,NO_COVERAGE,none
BitUtil.java,com.xceptance.xlt.report.util.lucene.BitUtil,org.pitest.mutationtest.engine.gregor.mutators.MathMutator,ntz3,779,NO_COVERAGE,none
BitUtil.java,com.xceptance.xlt.report.util.lucene.BitUtil,org.pitest.mutationtest.engine.gregor.mutators.RemoveConditionalMutator_EQUAL_ELSE,ntz3,774,NO_COVERAGE,none
BitUtil.java,com.xceptance.xlt.report.util.lucene.BitUtil,org.pitest.mutationtest.engine.gregor.mutators.RemoveConditionalMutator_EQUAL_ELSE,ntz3,775,NO_COVERAGE,none
BitUtil.java,com.xceptance.xlt.report.util.lucene.BitUtil,org.pitest.mutationtest.engine.gregor.mutators.RemoveConditionalMutator_EQUAL_ELSE,ntz3,776,NO_COVERAGE,none
BitUtil.java,com.xceptance.xlt.report.util.lucene.BitUtil,org.pitest.mutationtest.engine.gregor.mutators.RemoveConditionalMutator_EQUAL_ELSE,ntz3,777,NO_COVERAGE,none
BitUtil.java,com.xceptance.xlt.report.util.lucene.BitUtil,org.pitest.mutationtest.engine.gregor.mutators.RemoveConditionalMutator_EQUAL_ELSE,ntz3,778,NO_COVERAGE,none
BitUtil.java,com.xceptance.xlt.report.util.lucene.BitUtil,org.pitest.mutationtest.engine.gregor.mutators.RemoveConditionalMutator_EQUAL_IF,ntz3,774,NO_COVERAGE,none
BitUtil.java,com.xceptance.xlt.report.util.lucene.BitUtil,org.pitest.mutationtest.engine.gregor.mutators.RemoveConditionalMutator_EQUAL_IF,ntz3,775,NO_COVERAGE,none
BitUtil.java,com.xceptance.xlt.report.util.lucene.BitUtil,org.pitest.mutationtest.engine.gregor.mutators.RemoveConditionalMutator_EQUAL_IF,ntz3,776,NO_COVERAGE,none
BitUtil.java,com.xceptance.xlt.report.util.lucene.BitUtil,org.pitest.mutationtest.engine.gregor.mutators.RemoveConditionalMutator_EQUAL_IF,ntz3,777,NO_COVERAGE,none
BitUtil.java,com.xceptance.xlt.report.util.lucene.BitUtil,org.pitest.mutationtest.engine.gregor.mutators.RemoveConditionalMutator_EQUAL_IF,ntz3,778,NO_COVERAGE,none
BitUtil.java,com.xceptance.xlt.report.util.lucene.BitUtil,org.pitest.mutationtest.engine.gregor.mutators.returns.PrimitiveReturnsMutator,ntz3,779,NO_COVERAGE,none
BitUtil.java,com.xceptance.xlt.report.util.lucene.BitUtil,org.pitest.mutationtest.engine.gregor.mutators.MathMutator,pop,44,KILLED,com.xceptance.xlt.report.util.lucene.BitUtilTest.[engine:junit-jupiter]/[class:com.xceptance.xlt.report.util.lucene.BitUtilTest]/[method:testPop()]
BitUtil.java,com.xceptance.xlt.report.util.lucene.BitUtil,org.pitest.mutationtest.engine.gregor.mutators.MathMutator,pop,44,KILLED,com.xceptance.xlt.report.util.lucene.BitUtilTest.[engine:junit-jupiter]/[class:com.xceptance.xlt.report.util.lucene.BitUtilTest]/[method:testPop()]
BitUtil.java,com.xceptance.xlt.report.util.lucene.BitUtil,org.pitest.mutationtest.engine.gregor.mutators.MathMutator,pop,44,KILLED,com.xceptance.xlt.report.util.lucene.BitUtilTest.[engine:junit-jupiter]/[class:com.xceptance.xlt.report.util.lucene.BitUtilTest]/[method:testPop()]
BitUtil.java,com.xceptance.xlt.report.util.lucene.BitUtil,org.pitest.mutationtest.engine.gregor.mutators.MathMutator,pop,45,KILLED,com.xceptance.xlt.report.util.lucene.BitUtilTest.[engine:junit-jupiter]/[class:com.xceptance.xlt.report.util.lucene.BitUtilTest]/[method:testPop()]
BitUtil.java,com.xceptance.xlt.report.util.lucene.BitUtil,org.pitest.mutationtest.engine.gregor.mutators.MathMutator,pop,45,KILLED,com.xceptance.xlt.report.util.lucene.BitUtilTest.[engine:junit-jupiter]/[class:com.xceptance.xlt.report.util.lucene.BitUtilTest]/[method:testPop()]
BitUtil.java,com.xceptance.xlt.report.util.lucene.BitUtil,org.pitest.mutationtest.engine.gregor.mutators.MathMutator,pop,45,KILLED,com.xceptance.xlt.report.util.lucene.BitUtilTest.[engine:junit-jupiter]/[class:com.xceptance.xlt.report.util.lucene.BitUtilTest]/[method:testPop()]
BitUtil.java,com.xceptance.xlt.report.util.lucene.BitUtil,org.pitest.mutationtest.engine.gregor.mutators.MathMutator,pop,45,KILLED,com.xceptance.xlt.report.util.lucene.BitUtilTest.[engine:junit-jupiter]/[class:com.xceptance.xlt.report.util.lucene.BitUtilTest]/[method:testPop()]
BitUtil.java,com.xceptance.xlt.report.util.lucene.BitUtil,org.pitest.mutationtest.engine.gregor.mutators.MathMutator,pop,46,KILLED,com.xceptance.xlt.report.util.lucene.BitUtilTest.[engine:junit-jupiter]/[class:com.xceptance.xlt.report.util.lucene.BitUtilTest]/[method:testPop()]
BitUtil.java,com.xceptance.xlt.report.util.lucene.BitUtil,org.pitest.mutationtest.engine.gregor.mutators.MathMutator,pop,46,KILLED,com.xceptance.xlt.report.util.lucene.BitUtilTest.[engine:junit-jupiter]/[class:com.xceptance.xlt.report.util.lucene.BitUtilTest]/[method:testPop()]
BitUtil.java,com.xceptance.xlt.report.util.lucene.BitUtil,org.pitest.mutationtest.engine.gregor.mutators.MathMutator,pop,46,KILLED,com.xceptance.xlt.report.util.lucene.BitUtilTest.[engine:junit-jupiter]/[class:com.xceptance.xlt.report.util.lucene.BitUtilTest]/[method:testPop()]
BitUtil.java,com.xceptance.xlt.report.util.lucene.BitUtil,org.pitest.mutationtest.engine.gregor.mutators.MathMutator,pop,47,KILLED,com.xceptance.xlt.report.util.lucene.BitUtilTest.[engine:junit-jupiter]/[class:com.xceptance.xlt.report.util.lucene.BitUtilTest]/[method:testPop()]
BitUtil.java,com.xceptance.xlt.report.util.lucene.BitUtil,org.pitest.mutationtest.engine.gregor.mutators.MathMutator,pop,47,KILLED,com.xceptance.xlt.report.util.lucene.BitUtilTest.[engine:junit-jupiter]/[class:com.xceptance.xlt.report.util.lucene.BitUtilTest]/[method:testPop()]
BitUtil.java,com.xceptance.xlt.report.util.lucene.BitUtil,org.pitest.mutationtest.engine.gregor.mutators.MathMutator,pop,48,KILLED,com.xceptance.xlt.report.util.lucene.BitUtilTest.[engine:junit-jupiter]/[class:com.xceptance.xlt.report.util.lucene.BitUtilTest]/[method:testPop()]
BitUtil.java,com.xceptance.xlt.report.util.lucene.BitUtil,org.pitest.mutationtest.engine.gregor.mutators.MathMutator,pop,48,KILLED,com.xceptance.xlt.report.util.lucene.BitUtilTest.[engine:junit-jupiter]/[class:com.xceptance.xlt.report.util.lucene.BitUtilTest]/[method:testPop()]
BitUtil.java,com.xceptance.xlt.report.util.lucene.BitUtil,org.pitest.mutationtest.engine.gregor.mutators.MathMutator,pop,49,KILLED,com.xceptance.xlt.report.util.lucene.BitUtilTest.[engine:junit-jupiter]/[class:com.xceptance.xlt.report.util.lucene.BitUtilTest]/[method:testPop()]
BitUtil.java,com.xceptance.xlt.report.util.lucene.BitUtil,org.pitest.mutationtest.engine.gregor.mutators.MathMutator,pop,49,KILLED,com.xceptance.xlt.report.util.lucene.BitUtilTest.[engine:junit-jupiter]/[class:com.xceptance.xlt.report.util.lucene.BitUtilTest]/[method:testPop()]
BitUtil.java,com.xceptance.xlt.report.util.lucene.BitUtil,org.pitest.mutationtest.engine.gregor.mutators.MathMutator,pop,50,KILLED,com.xceptance.xlt.report.util.lucene.BitUtilTest.[engine:junit-jupiter]/[class:com.xceptance.xlt.report.util.lucene.BitUtilTest]/[method:testPop()]
BitUtil.java,com.xceptance.xlt.report.util.lucene.BitUtil,org.pitest.mutationtest.engine.gregor.mutators.returns.PrimitiveReturnsMutator,pop,50,KILLED,com.xceptance.xlt.report.util.lucene.BitUtilTest.[engine:junit-jupiter]/[class:com.xceptance.xlt.report.util.lucene.BitUtilTest]/[method:testPop()]
BitUtil.java,com.xceptance.xlt.report.util.lucene.BitUtil,org.pitest.mutationtest.engine.gregor.mutators.ConditionalsBoundaryMutator,pop_andnot,445,NO_COVERAGE,none
BitUtil.java,com.xceptance.xlt.report.util.lucene.BitUtil,org.pitest.mutationtest.engine.gregor.mutators.ConditionalsBoundaryMutator,pop_andnot,505,NO_COVERAGE,none
BitUtil.java,com.xceptance.xlt.report.util.lucene.BitUtil,org.pitest.mutationtest.engine.gregor.mutators.ConditionalsBoundaryMutator,pop_andnot,531,NO_COVERAGE,none
BitUtil.java,com.xceptance.xlt.report.util.lucene.BitUtil,org.pitest.mutationtest.engine.gregor.mutators.ConditionalsBoundaryMutator,pop_andnot,547,NO_COVERAGE,none
BitUtil.java,com.xceptance.xlt.report.util.lucene.BitUtil,org.pitest.mutationtest.engine.gregor.mutators.IncrementsMutator,pop_andnot,445,NO_COVERAGE,none
BitUtil.java,com.xceptance.xlt.report.util.lucene.BitUtil,org.pitest.mutationtest.engine.gregor.mutators.IncrementsMutator,pop_andnot,528,NO_COVERAGE,none
BitUtil.java,com.xceptance.xlt.report.util.lucene.BitUtil,org.pitest.mutationtest.engine.gregor.mutators.IncrementsMutator,pop_andnot,544,NO_COVERAGE,none
BitUtil.java,com.xceptance.xlt.report.util.lucene.BitUtil,org.pitest.mutationtest.engine.gregor.mutators.MathMutator,pop_andnot,440,NO_COVERAGE,none
BitUtil.java,com.xceptance.xlt.report.util.lucene.BitUtil,org.pitest.mutationtest.engine.gregor.mutators.MathMutator,pop_andnot,456,NO_COVERAGE,none
BitUtil.java,com.xceptance.xlt.report.util.lucene.BitUtil,org.pitest.mutationtest.engine.gregor.mutators.MathMutator,pop_andnot,456,NO_COVERAGE,none
BitUtil.java,com.xceptance.xlt.report.util.lucene.BitUtil,org.pitest.mutationtest.engine.gregor.mutators.MathMutator,pop_andnot,456,NO_COVERAGE,none
BitUtil.java,com.xceptance.xlt.report.util.lucene.BitUtil,org.pitest.mutationtest.engine.gregor.mutators.MathMutator,pop_andnot,456,NO_COVERAGE,none
BitUtil.java,com.xceptance.xlt.report.util.lucene.BitUtil,org.pitest.mutationtest.engine.gregor.mutators.MathMutator,pop_andnot,456,NO_COVERAGE,none
BitUtil.java,com.xceptance.xlt.report.util.lucene.BitUtil,org.pitest.mutationtest.engine.gregor.mutators.MathMutator,pop_andnot,456,NO_COVERAGE,none
BitUtil.java,com.xceptance.xlt.report.util.lucene.BitUtil,org.pitest.mutationtest.engine.gregor.mutators.MathMutator,pop_andnot,457,NO_COVERAGE,none
BitUtil.java,com.xceptance.xlt.report.util.lucene.BitUtil,org.pitest.mutationtest.engine.gregor.mutators.MathMutator,pop_andnot,458,NO_COVERAGE,none
BitUtil.java,com.xceptance.xlt.report.util.lucene.BitUtil,org.pitest.mutationtest.engine.gregor.mutators.MathMutator,pop_andnot,458,NO_COVERAGE,none
BitUtil.java,com.xceptance.xlt.report.util.lucene.BitUtil,org.pitest.mutationtest.engine.gregor.mutators.MathMutator,pop_andnot,458,NO_COVERAGE,none
BitUtil.java,com.xceptance.xlt.report.util.lucene.BitUtil,org.pitest.mutationtest.engine.gregor.mutators.MathMutator,pop_andnot,459,NO_COVERAGE,none
BitUtil.java,com.xceptance.xlt.report.util.lucene.BitUtil,org.pitest.mutationtest.engine.gregor.mutators.MathMutator,pop_andnot,463,NO_COVERAGE,none
BitUtil.java,com.xceptance.xlt.report.util.lucene.BitUtil,org.pitest.mutationtest.engine.gregor.mutators.MathMutator,pop_andnot,463,NO_COVERAGE,none
BitUtil.java,com.xceptance.xlt.report.util.lucene.BitUtil,org.pitest.mutationtest.engine.gregor.mutators.MathMutator,pop_andnot,463,NO_COVERAGE,none
BitUtil.java,com.xceptance.xlt.report.util.lucene.BitUtil,org.pitest.mutationtest.engine.gregor.mutators.MathMutator,pop_andnot,463,NO_COVERAGE,none
BitUtil.java,com.xceptance.xlt.report.util.lucene.BitUtil,org.pitest.mutationtest.engine.gregor.mutators.MathMutator,pop_andnot,463,NO_COVERAGE,none
BitUtil.java,com.xceptance.xlt.report.util.lucene.BitUtil,org.pitest.mutationtest.engine.gregor.mutators.MathMutator,pop_andnot,463,NO_COVERAGE,none
BitUtil.java,com.xceptance.xlt.report.util.lucene.BitUtil,org.pitest.mutationtest.engine.gregor.mutators.MathMutator,pop_andnot,463,NO_COVERAGE,none
BitUtil.java,com.xceptance.xlt.report.util.lucene.BitUtil,org.pitest.mutationtest.engine.gregor.mutators.MathMutator,pop_andnot,463,NO_COVERAGE,none
BitUtil.java,com.xceptance.xlt.report.util.lucene.BitUtil,org.pitest.mutationtest.engine.gregor.mutators.MathMutator,pop_andnot,464,NO_COVERAGE,none
BitUtil.java,com.xceptance.xlt.report.util.lucene.BitUtil,org.pitest.mutationtest.engine.gregor.mutators.MathMutator,pop_andnot,465,NO_COVERAGE,none
BitUtil.java,com.xceptance.xlt.report.util.lucene.BitUtil,org.pitest.mutationtest.engine.gregor.mutators.MathMutator,pop_andnot,465,NO_COVERAGE,none
BitUtil.java,com.xceptance.xlt.report.util.lucene.BitUtil,org.pitest.mutationtest.engine.gregor.mutators.MathMutator,pop_andnot,465,NO_COVERAGE,none
BitUtil.java,com.xceptance.xlt.report.util.lucene.BitUtil,org.pitest.mutationtest.engine.gregor.mutators.MathMutator,pop_andnot,466,NO_COVERAGE,none
BitUtil.java,com.xceptance.xlt.report.util.lucene.BitUtil,org.pitest.mutationtest.engine.gregor.mutators.MathMutator,pop_andnot,470,NO_COVERAGE,none
BitUtil.java,com.xceptance.xlt.report.util.lucene.BitUtil,org.pitest.mutationtest.engine.gregor.mutators.MathMutator,pop_andnot,471,NO_COVERAGE,none
BitUtil.java,com.xceptance.xlt.report.util.lucene.BitUtil,org.pitest.mutationtest.engine.gregor.mutators.MathMutator,pop_andnot,471,NO_COVERAGE,none
BitUtil.java,com.xceptance.xlt.report.util.lucene.BitUtil,org.pitest.mutationtest.engine.gregor.mutators.MathMutator,pop_andnot,471,NO_COVERAGE,none
BitUtil.java,com.xceptance.xlt.report.util.lucene.BitUtil,org.pitest.mutationtest.engine.gregor.mutators.MathMutator,pop_andnot,472,NO_COVERAGE,none
BitUtil.java,com.xceptance.xlt.report.util.lucene.BitUtil,org.pitest.mutationtest.engine.gregor.mutators.MathMutator,pop_andnot,476,NO_COVERAGE,none
BitUtil.java,com.xceptance.xlt.report.util.lucene.BitUtil,org.pitest.mutationtest.engine.gregor.mutators.MathMutator,pop_andnot,476,NO_COVERAGE,none
BitUtil.java,com.xceptance.xlt.report.util.lucene.BitUtil,org.pitest.mutationtest.engine.gregor.mutators.MathMutator,pop_andnot,476,NO_COVERAGE,none
BitUtil.java,com.xceptance.xlt.report.util.lucene.BitUtil,org.pitest.mutationtest.engine.gregor.mutators.MathMutator,pop_andnot,476,NO_COVERAGE,none
BitUtil.java,com.xceptance.xlt.report.util.lucene.BitUtil,org.pitest.mutationtest.engine.gregor.mutators.MathMutator,pop_andnot,476,NO_COVERAGE,none
BitUtil.java,com.xceptance.xlt.report.util.lucene.BitUtil,org.pitest.mutationtest.engine.gregor.mutators.MathMutator,pop_andnot,476,NO_COVERAGE,none
BitUtil.java,com.xceptance.xlt.report.util.lucene.BitUtil,org.pitest.mutationtest.engine.gregor.mutators.MathMutator,pop_andnot,476,NO_COVERAGE,none
BitUtil.java,com.xceptance.xlt.report.util.lucene.BitUtil,org.pitest.mutationtest.engine.gregor.mutators.MathMutator,pop_andnot,476,NO_COVERAGE,none
BitUtil.java,com.xceptance.xlt.report.util.lucene.BitUtil,org.pitest.mutationtest.engine.gregor.mutators.MathMutator,pop_andnot,477,NO_COVERAGE,none
BitUtil.java,com.xceptance.xlt.report.util.lucene.BitUtil,org.pitest.mutationtest.engine.gregor.mutators.MathMutator,pop_andnot,478,NO_COVERAGE,none
BitUtil.java,com.xceptance.xlt.report.util.lucene.BitUtil,org.pitest.mutationtest.engine.gregor.mutators.MathMutator,pop_andnot,478,NO_COVERAGE,none
BitUtil.java,com.xceptance.xlt.report.util.lucene.BitUtil,org.pitest.mutationtest.engine.gregor.mutators.MathMutator,pop_andnot,478,NO_COVERAGE,none
BitUtil.java,com.xceptance.xlt.report.util.lucene.BitUtil,org.pitest.mutationtest.engine.gregor.mutators.MathMutator,pop_andnot,479,NO_COVERAGE,none
BitUtil.java,com.xceptance.xlt.report.util.lucene.BitUtil,org.pitest.mutationtest.engine.gregor.mutators.MathMutator,pop_andnot,483,NO_COVERAGE,none
BitUtil.java,com.xceptance.xlt.report.util.lucene.BitUtil,org.pitest.mutationtest.engine.gregor.mutators.MathMutator,pop_andnot,483,NO_COVERAGE,none
BitUtil.java,com.xceptance.xlt.report.util.lucene.BitUtil,org.pitest.mutationtest.engine.gregor.mutators.MathMutator,pop_andnot,483,NO_COVERAGE,none
BitUtil.java,com.xceptance.xlt.report.util.lucene.BitUtil,org.pitest.mutationtest.engine.gregor.mutators.MathMutator,pop_andnot,483,NO_COVERAGE,none
BitUtil.java,com.xceptance.xlt.report.util.lucene.BitUtil,org.pitest.mutationtest.engine.gregor.mutators.MathMutator,pop_andnot,483,NO_COVERAGE,none
BitUtil.java,com.xceptance.xlt.report.util.lucene.BitUtil,org.pitest.mutationtest.engine.gregor.mutators.MathMutator,pop_andnot,483,NO_COVERAGE,none
BitUtil.java,com.xceptance.xlt.report.util.lucene.BitUtil,org.pitest.mutationtest.engine.gregor.mutators.MathMutator,pop_andnot,483,NO_COVERAGE,none
BitUtil.java,com.xceptance.xlt.report.util.lucene.BitUtil,org.pitest.mutationtest.engine.gregor.mutators.MathMutator,pop_andnot,483,NO_COVERAGE,none
BitUtil.java,com.xceptance.xlt.report.util.lucene.BitUtil,org.pitest.mutationtest.engine.gregor.mutators.MathMutator,pop_andnot,484,NO_COVERAGE,none
BitUtil.java,com.xceptance.xlt.report.util.lucene.BitUtil,org.pitest.mutationtest.engine.gregor.mutators.MathMutator,pop_andnot,485,NO_COVERAGE,none
BitUtil.java,com.xceptance.xlt.report.util.lucene.BitUtil,org.pitest.mutationtest.engine.gregor.mutators.MathMutator,pop_andnot,485,NO_COVERAGE,none
BitUtil.java,com.xceptance.xlt.report.util.lucene.BitUtil,org.pitest.mutationtest.engine.gregor.mutators.MathMutator,pop_andnot,485,NO_COVERAGE,none
BitUtil.java,com.xceptance.xlt.report.util.lucene.BitUtil,org.pitest.mutationtest.engine.gregor.mutators.MathMutator,pop_andnot,486,NO_COVERAGE,none
BitUtil.java,com.xceptance.xlt.report.util.lucene.BitUtil,org.pitest.mutationtest.engine.gregor.mutators.MathMutator,pop_andnot,490,NO_COVERAGE,none
BitUtil.java,com.xceptance.xlt.report.util.lucene.BitUtil,org.pitest.mutationtest.engine.gregor.mutators.MathMutator,pop_andnot,491,NO_COVERAGE,none
BitUtil.java,com.xceptance.xlt.report.util.lucene.BitUtil,org.pitest.mutationtest.engine.gregor.mutators.MathMutator,pop_andnot,491,NO_COVERAGE,none
BitUtil.java,com.xceptance.xlt.report.util.lucene.BitUtil,org.pitest.mutationtest.engine.gregor.mutators.MathMutator,pop_andnot,491,NO_COVERAGE,none
BitUtil.java,com.xceptance.xlt.report.util.lucene.BitUtil,org.pitest.mutationtest.engine.gregor.mutators.MathMutator,pop_andnot,492,NO_COVERAGE,none
BitUtil.java,com.xceptance.xlt.report.util.lucene.BitUtil,org.pitest.mutationtest.engine.gregor.mutators.MathMutator,pop_andnot,497,NO_COVERAGE,none
BitUtil.java,com.xceptance.xlt.report.util.lucene.BitUtil,org.pitest.mutationtest.engine.gregor.mutators.MathMutator,pop_andnot,498,NO_COVERAGE,none
BitUtil.java,com.xceptance.xlt.report.util.lucene.BitUtil,org.pitest.mutationtest.engine.gregor.mutators.MathMutator,pop_andnot,498,NO_COVERAGE,none
BitUtil.java,com.xceptance.xlt.report.util.lucene.BitUtil,org.pitest.mutationtest.engine.gregor.mutators.MathMutator,pop_andnot,498,NO_COVERAGE,none
BitUtil.java,com.xceptance.xlt.report.util.lucene.BitUtil,org.pitest.mutationtest.engine.gregor.mutators.MathMutator,pop_andnot,499,NO_COVERAGE,none
BitUtil.java,com.xceptance.xlt.report.util.lucene.BitUtil,org.pitest.mutationtest.engine.gregor.mutators.MathMutator,pop_andnot,501,NO_COVERAGE,none
BitUtil.java,com.xceptance.xlt.report.util.lucene.BitUtil,org.pitest.mutationtest.engine.gregor.mutators.MathMutator,pop_andnot,445,NO_COVERAGE,none
BitUtil.java,com.xceptance.xlt.report.util.lucene.BitUtil,org.pitest.mutationtest.engine.gregor.mutators.MathMutator,pop_andnot,505,NO_COVERAGE,none
BitUtil.java,com.xceptance.xlt.report.util.lucene.BitUtil,org.pitest.mutationtest.engine.gregor.mutators.MathMutator,pop_andnot,508,NO_COVERAGE,none
BitUtil.java,com.xceptance.xlt.report.util.lucene.BitUtil,org.pitest.mutationtest.engine.gregor.mutators.MathMutator,pop_andnot,508,NO_COVERAGE,none
BitUtil.java,com.xceptance.xlt.report.util.lucene.BitUtil,org.pitest.mutationtest.engine.gregor.mutators.MathMutator,pop_andnot,508,NO_COVERAGE,none
BitUtil.java,com.xceptance.xlt.report.util.lucene.BitUtil,org.pitest.mutationtest.engine.gregor.mutators.MathMutator,pop_andnot,508,NO_COVERAGE,none
BitUtil.java,com.xceptance.xlt.report.util.lucene.BitUtil,org.pitest.mutationtest.engine.gregor.mutators.MathMutator,pop_andnot,508,NO_COVERAGE,none
BitUtil.java,com.xceptance.xlt.report.util.lucene.BitUtil,org.pitest.mutationtest.engine.gregor.mutators.MathMutator,pop_andnot,508,NO_COVERAGE,none
BitUtil.java,com.xceptance.xlt.report.util.lucene.BitUtil,org.pitest.mutationtest.engine.gregor.mutators.MathMutator,pop_andnot,509,NO_COVERAGE,none
BitUtil.java,com.xceptance.xlt.report.util.lucene.BitUtil,org.pitest.mutationtest.engine.gregor.mutators.MathMutator,pop_andnot,510,NO_COVERAGE,none
BitUtil.java,com.xceptance.xlt.report.util.lucene.BitUtil,org.pitest.mutationtest.engine.gregor.mutators.MathMutator,pop_andnot,510,NO_COVERAGE,none
BitUtil.java,com.xceptance.xlt.report.util.lucene.BitUtil,org.pitest.mutationtest.engine.gregor.mutators.MathMutator,pop_andnot,510,NO_COVERAGE,none
BitUtil.java,com.xceptance.xlt.report.util.lucene.BitUtil,org.pitest.mutationtest.engine.gregor.mutators.MathMutator,pop_andnot,511,NO_COVERAGE,none
BitUtil.java,com.xceptance.xlt.report.util.lucene.BitUtil,org.pitest.mutationtest.engine.gregor.mutators.MathMutator,pop_andnot,514,NO_COVERAGE,none
BitUtil.java,com.xceptance.xlt.report.util.lucene.BitUtil,org.pitest.mutationtest.engine.gregor.mutators.MathMutator,pop_andnot,514,NO_COVERAGE,none
BitUtil.java,com.xceptance.xlt.report.util.lucene.BitUtil,org.pitest.mutationtest.engine.gregor.mutators.MathMutator,pop_andnot,514,NO_COVERAGE,none
BitUtil.java,com.xceptance.xlt.report.util.lucene.BitUtil,org.pitest.mutationtest.engine.gregor.mutators.MathMutator,pop_andnot,514,NO_COVERAGE,none
BitUtil.java,com.xceptance.xlt.report.util.lucene.BitUtil,org.pitest.mutationtest.engine.gregor.mutators.MathMutator,pop_andnot,514,NO_COVERAGE,none
BitUtil.java,com.xceptance.xlt.report.util.lucene.BitUtil,org.pitest.mutationtest.engine.gregor.mutators.MathMutator,pop_andnot,514,NO_COVERAGE,none
BitUtil.java,com.xceptance.xlt.report.util.lucene.BitUtil,org.pitest.mutationtest.engine.gregor.mutators.MathMutator,pop_andnot,514,NO_COVERAGE,none
BitUtil.java,com.xceptance.xlt.report.util.lucene.BitUtil,org.pitest.mutationtest.engine.gregor.mutators.MathMutator,pop_andnot,514,NO_COVERAGE,none
BitUtil.java,com.xceptance.xlt.report.util.lucene.BitUtil,org.pitest.mutationtest.engine.gregor.mutators.MathMutator,pop_andnot,515,NO_COVERAGE,none
BitUtil.java,com.xceptance.xlt.report.util.lucene.BitUtil,org.pitest.mutationtest.engine.gregor.mutators.MathMutator,pop_andnot,516,NO_COVERAGE,none
BitUtil.java,com.xceptance.xlt.report.util.lucene.BitUtil,org.pitest.mutationtest.engine.gregor.mutators.MathMutator,pop_andnot,516,NO_COVERAGE,none
BitUtil.java,com.xceptance.xlt.report.util.lucene.BitUtil,org.pitest.mutationtest.engine.gregor.mutators.MathMutator,pop_andnot,516,NO_COVERAGE,none
BitUtil.java,com.xceptance.xlt.report.util.lucene.BitUtil,org.pitest.mutationtest.engine.gregor.mutators.MathMutator,pop_andnot,517,NO_COVERAGE,none
BitUtil.java,com.xceptance.xlt.report.util.lucene.BitUtil,org.pitest.mutationtest.engine.gregor.mutators.MathMutator,pop_andnot,520,NO_COVERAGE,none
BitUtil.java,com.xceptance.xlt.report.util.lucene.BitUtil,org.pitest.mutationtest.engine.gregor.mutators.MathMutator,pop_andnot,521,NO_COVERAGE,none
BitUtil.java,com.xceptance.xlt.report.util.lucene.BitUtil,org.pitest.mutationtest.engine.gregor.mutators.MathMutator,pop_andnot,521,NO_COVERAGE,none
BitUtil.java,com.xceptance.xlt.report.util.lucene.BitUtil,org.pitest.mutationtest.engine.gregor.mutators.MathMutator,pop_andnot,521,NO_COVERAGE,none
BitUtil.java,com.xceptance.xlt.report.util.lucene.BitUtil,org.pitest.mutationtest.engine.gregor.mutators.MathMutator,pop_andnot,522,NO_COVERAGE,none
BitUtil.java,com.xceptance.xlt.report.util.lucene.BitUtil,org.pitest.mutationtest.engine.gregor.mutators.MathMutator,pop_andnot,524,NO_COVERAGE,none
BitUtil.java,com.xceptance.xlt.report.util.lucene.BitUtil,org.pitest.mutationtest.engine.gregor.mutators.MathMutator,pop_andnot,525,NO_COVERAGE,none
BitUtil.java,com.xceptance.xlt.report.util.lucene.BitUtil,org.pitest.mutationtest.engine.gregor.mutators.MathMutator,pop_andnot,527,NO_COVERAGE,none
BitUtil.java,com.xceptance.xlt.report.util.lucene.BitUtil,org.pitest.mutationtest.engine.gregor.mutators.MathMutator,pop_andnot,531,NO_COVERAGE,none
BitUtil.java,com.xceptance.xlt.report.util.lucene.BitUtil,org.pitest.mutationtest.engine.gregor.mutators.MathMutator,pop_andnot,532,NO_COVERAGE,none
BitUtil.java,com.xceptance.xlt.report.util.lucene.BitUtil,org.pitest.mutationtest.engine.gregor.mutators.MathMutator,pop_andnot,532,NO_COVERAGE,none
BitUtil.java,com.xceptance.xlt.report.util.lucene.BitUtil,org.pitest.mutationtest.engine.gregor.mutators.MathMutator,pop_andnot,532,NO_COVERAGE,none
BitUtil.java,com.xceptance.xlt.report.util.lucene.BitUtil,org.pitest.mutationtest.engine.gregor.mutators.MathMutator,pop_andnot,532,NO_COVERAGE,none
BitUtil.java,com.xceptance.xlt.report.util.lucene.BitUtil,org.pitest.mutationtest.engine.gregor.mutators.MathMutator,pop_andnot,532,NO_COVERAGE,none
BitUtil.java,com.xceptance.xlt.report.util.lucene.BitUtil,org.pitest.mutationtest.engine.gregor.mutators.MathMutator,pop_andnot,532,NO_COVERAGE,none
BitUtil.java,com.xceptance.xlt.report.util.lucene.BitUtil,org.pitest.mutationtest.engine.gregor.mutators.MathMutator,pop_andnot,533,NO_COVERAGE,none
BitUtil.java,com.xceptance.xlt.report.util.lucene.BitUtil,org.pitest.mutationtest.engine.gregor.mutators.MathMutator,pop_andnot,534,NO_COVERAGE,none
BitUtil.java,com.xceptance.xlt.report.util.lucene.BitUtil,org.pitest.mutationtest.engine.gregor.mutators.MathMutator,pop_andnot,534,NO_COVERAGE,none
BitUtil.java,com.xceptance.xlt.report.util.lucene.BitUtil,org.pitest.mutationtest.engine.gregor.mutators.MathMutator,pop_andnot,534,NO_COVERAGE,none
BitUtil.java,com.xceptance.xlt.report.util.lucene.BitUtil,org.pitest.mutationtest.engine.gregor.mutators.MathMutator,pop_andnot,535,NO_COVERAGE,none
BitUtil.java,com.xceptance.xlt.report.util.lucene.BitUtil,org.pitest.mutationtest.engine.gregor.mutators.MathMutator,pop_andnot,537,NO_COVERAGE,none
BitUtil.java,com.xceptance.xlt.report.util.lucene.BitUtil,org.pitest.mutationtest.engine.gregor.mutators.MathMutator,pop_andnot,538,NO_COVERAGE,none
BitUtil.java,com.xceptance.xlt.report.util.lucene.BitUtil,org.pitest.mutationtest.engine.gregor.mutators.MathMutator,pop_andnot,540,NO_COVERAGE,none
BitUtil.java,com.xceptance.xlt.report.util.lucene.BitUtil,org.pitest.mutationtest.engine.gregor.mutators.MathMutator,pop_andnot,541,NO_COVERAGE,none
BitUtil.java,com.xceptance.xlt.report.util.lucene.BitUtil,org.pitest.mutationtest.engine.gregor.mutators.MathMutator,pop_andnot,543,NO_COVERAGE,none
BitUtil.java,com.xceptance.xlt.report.util.lucene.BitUtil,org.pitest.mutationtest.engine.gregor.mutators.MathMutator,pop_andnot,548,NO_COVERAGE,none
BitUtil.java,com.xceptance.xlt.report.util.lucene.BitUtil,org.pitest.mutationtest.engine.gregor.mutators.MathMutator,pop_andnot,548,NO_COVERAGE,none
BitUtil.java,com.xceptance.xlt.report.util.lucene.BitUtil,org.pitest.mutationtest.engine.gregor.mutators.MathMutator,pop_andnot,548,NO_COVERAGE,none
BitUtil.java,com.xceptance.xlt.report.util.lucene.BitUtil,org.pitest.mutationtest.engine.gregor.mutators.MathMutator,pop_andnot,551,NO_COVERAGE,none
BitUtil.java,com.xceptance.xlt.report.util.lucene.BitUtil,org.pitest.mutationtest.engine.gregor.mutators.MathMutator,pop_andnot,552,NO_COVERAGE,none
BitUtil.java,com.xceptance.xlt.report.util.lucene.BitUtil,org.pitest.mutationtest.engine.gregor.mutators.MathMutator,pop_andnot,551,NO_COVERAGE,none
BitUtil.java,com.xceptance.xlt.report.util.lucene.BitUtil,org.pitest.mutationtest.engine.gregor.mutators.MathMutator,pop_andnot,551,NO_COVERAGE,none
BitUtil.java,com.xceptance.xlt.report.util.lucene.BitUtil,org.pitest.mutationtest.engine.gregor.mutators.MathMutator,pop_andnot,554,NO_COVERAGE,none
BitUtil.java,com.xceptance.xlt.report.util.lucene.BitUtil,org.pitest.mutationtest.engine.gregor.mutators.MathMutator,pop_andnot,551,NO_COVERAGE,none
BitUtil.java,com.xceptance.xlt.report.util.lucene.BitUtil,org.pitest.mutationtest.engine.gregor.mutators.MathMutator,pop_andnot,551,NO_COVERAGE,none
BitUtil.java,com.xceptance.xlt.report.util.lucene.BitUtil,org.pitest.mutationtest.engine.gregor.mutators.RemoveConditionalMutator_ORDER_ELSE,pop_andnot,445,NO_COVERAGE,none
BitUtil.java,com.xceptance.xlt.report.util.lucene.BitUtil,org.pitest.mutationtest.engine.gregor.mutators.RemoveConditionalMutator_ORDER_ELSE,pop_andnot,505,NO_COVERAGE,none
BitUtil.java,com.xceptance.xlt.report.util.lucene.BitUtil,org.pitest.mutationtest.engine.gregor.mutators.RemoveConditionalMutator_ORDER_ELSE,pop_andnot,531,NO_COVERAGE,none
BitUtil.java,com.xceptance.xlt.report.util.lucene.BitUtil,org.pitest.mutationtest.engine.gregor.mutators.RemoveConditionalMutator_ORDER_ELSE,pop_andnot,547,NO_COVERAGE,none
BitUtil.java,com.xceptance.xlt.report.util.lucene.BitUtil,org.pitest.mutationtest.engine.gregor.mutators.RemoveConditionalMutator_ORDER_IF,pop_andnot,445,NO_COVERAGE,none
BitUtil.java,com.xceptance.xlt.report.util.lucene.BitUtil,org.pitest.mutationtest.engine.gregor.mutators.RemoveConditionalMutator_ORDER_IF,pop_andnot,505,NO_COVERAGE,none
BitUtil.java,com.xceptance.xlt.report.util.lucene.BitUtil,org.pitest.mutationtest.engine.gregor.mutators.RemoveConditionalMutator_ORDER_IF,pop_andnot,531,NO_COVERAGE,none
BitUtil.java,com.xceptance.xlt.report.util.lucene.BitUtil,org.pitest.mutationtest.engine.gregor.mutators.RemoveConditionalMutator_ORDER_IF,pop_andnot,547,NO_COVERAGE,none
BitUtil.java,com.xceptance.xlt.report.util.lucene.BitUtil,org.pitest.mutationtest.engine.gregor.mutators.returns.PrimitiveReturnsMutator,pop_andnot,556,NO_COVERAGE,none
BitUtil.java,com.xceptance.xlt.report.util.lucene.BitUtil,org.pitest.mutationtest.engine.gregor.mutators.ConditionalsBoundaryMutator,pop_array,74,NO_COVERAGE,none
BitUtil.java,com.xceptance.xlt.report.util.lucene.BitUtil,org.pitest.mutationtest.engine.gregor.mutators.ConditionalsBoundaryMutator,pop_array,139,NO_COVERAGE,none
BitUtil.java,com.xceptance.xlt.report.util.lucene.BitUtil,org.pitest.mutationtest.engine.gregor.mutators.ConditionalsBoundaryMutator,pop_array,165,NO_COVERAGE,none
BitUtil.java,com.xceptance.xlt.report.util.lucene.BitUtil,org.pitest.mutationtest.engine.gregor.mutators.ConditionalsBoundaryMutator,pop_array,181,NO_COVERAGE,none
BitUtil.java,com.xceptance.xlt.report.util.lucene.BitUtil,org.pitest.mutationtest.engine.gregor.mutators.IncrementsMutator,pop_array,74,NO_COVERAGE,none
BitUtil.java,com.xceptance.xlt.report.util.lucene.BitUtil,org.pitest.mutationtest.engine.gregor.mutators.IncrementsMutator,pop_array,162,NO_COVERAGE,none
BitUtil.java,com.xceptance.xlt.report.util.lucene.BitUtil,org.pitest.mutationtest.engine.gregor.mutators.IncrementsMutator,pop_array,178,NO_COVERAGE,none
BitUtil.java,com.xceptance.xlt.report.util.lucene.BitUtil,org.pitest.mutationtest.engine.gregor.mutators.MathMutator,pop_array,69,NO_COVERAGE,none
BitUtil.java,com.xceptance.xlt.report.util.lucene.BitUtil,org.pitest.mutationtest.engine.gregor.mutators.MathMutator,pop_array,85,NO_COVERAGE,none
BitUtil.java,com.xceptance.xlt.report.util.lucene.BitUtil,org.pitest.mutationtest.engine.gregor.mutators.MathMutator,pop_array,86,NO_COVERAGE,none
BitUtil.java,com.xceptance.xlt.report.util.lucene.BitUtil,org.pitest.mutationtest.engine.gregor.mutators.MathMutator,pop_array,87,NO_COVERAGE,none
BitUtil.java,com.xceptance.xlt.report.util.lucene.BitUtil,org.pitest.mutationtest.engine.gregor.mutators.MathMutator,pop_array,87,NO_COVERAGE,none
BitUtil.java,com.xceptance.xlt.report.util.lucene.BitUtil,org.pitest.mutationtest.engine.gregor.mutators.MathMutator,pop_array,87,NO_COVERAGE,none
BitUtil.java,com.xceptance.xlt.report.util.lucene.BitUtil,org.pitest.mutationtest.engine.gregor.mutators.MathMutator,pop_array,88,NO_COVERAGE,none
BitUtil.java,com.xceptance.xlt.report.util.lucene.BitUtil,org.pitest.mutationtest.engine.gregor.mutators.MathMutator,pop_array,92,NO_COVERAGE,none
BitUtil.java,com.xceptance.xlt.report.util.lucene.BitUtil,org.pitest.mutationtest.engine.gregor.mutators.MathMutator,pop_array,92,NO_COVERAGE,none
BitUtil.java,com.xceptance.xlt.report.util.lucene.BitUtil,org.pitest.mutationtest.engine.gregor.mutators.MathMutator,pop_array,93,NO_COVERAGE,none
BitUtil.java,com.xceptance.xlt.report.util.lucene.BitUtil,org.pitest.mutationtest.engine.gregor.mutators.MathMutator,pop_array,94,NO_COVERAGE,none
BitUtil.java,com.xceptance.xlt.report.util.lucene.BitUtil,org.pitest.mutationtest.engine.gregor.mutators.MathMutator,pop_array,94,NO_COVERAGE,none
BitUtil.java,com.xceptance.xlt.report.util.lucene.BitUtil,org.pitest.mutationtest.engine.gregor.mutators.MathMutator,pop_array,94,NO_COVERAGE,none
BitUtil.java,com.xceptance.xlt.report.util.lucene.BitUtil,org.pitest.mutationtest.engine.gregor.mutators.MathMutator,pop_array,95,NO_COVERAGE,none
BitUtil.java,com.xceptance.xlt.report.util.lucene.BitUtil,org.pitest.mutationtest.engine.gregor.mutators.MathMutator,pop_array,99,NO_COVERAGE,none
BitUtil.java,com.xceptance.xlt.report.util.lucene.BitUtil,org.pitest.mutationtest.engine.gregor.mutators.MathMutator,pop_array,100,NO_COVERAGE,none
BitUtil.java,com.xceptance.xlt.report.util.lucene.BitUtil,org.pitest.mutationtest.engine.gregor.mutators.MathMutator,pop_array,100,NO_COVERAGE,none
BitUtil.java,com.xceptance.xlt.report.util.lucene.BitUtil,org.pitest.mutationtest.engine.gregor.mutators.MathMutator,pop_array,100,NO_COVERAGE,none
BitUtil.java,com.xceptance.xlt.report.util.lucene.BitUtil,org.pitest.mutationtest.engine.gregor.mutators.MathMutator,pop_array,101,NO_COVERAGE,none
BitUtil.java,com.xceptance.xlt.report.util.lucene.BitUtil,org.pitest.mutationtest.engine.gregor.mutators.MathMutator,pop_array,105,NO_COVERAGE,none
BitUtil.java,com.xceptance.xlt.report.util.lucene.BitUtil,org.pitest.mutationtest.engine.gregor.mutators.MathMutator,pop_array,105,NO_COVERAGE,none
BitUtil.java,com.xceptance.xlt.report.util.lucene.BitUtil,org.pitest.mutationtest.engine.gregor.mutators.MathMutator,pop_array,106,NO_COVERAGE,none
BitUtil.java,com.xceptance.xlt.report.util.lucene.BitUtil,org.pitest.mutationtest.engine.gregor.mutators.MathMutator,pop_array,107,NO_COVERAGE,none
BitUtil.java,com.xceptance.xlt.report.util.lucene.BitUtil,org.pitest.mutationtest.engine.gregor.mutators.MathMutator,pop_array,107,NO_COVERAGE,none
BitUtil.java,com.xceptance.xlt.report.util.lucene.BitUtil,org.pitest.mutationtest.engine.gregor.mutators.MathMutator,pop_array,107,NO_COVERAGE,none
BitUtil.java,com.xceptance.xlt.report.util.lucene.BitUtil,org.pitest.mutationtest.engine.gregor.mutators.MathMutator,pop_array,108,NO_COVERAGE,none
BitUtil.java,com.xceptance.xlt.report.util.lucene.BitUtil,org.pitest.mutationtest.engine.gregor.mutators.MathMutator,pop_array,112,NO_COVERAGE,none
BitUtil.java,com.xceptance.xlt.report.util.lucene.BitUtil,org.pitest.mutationtest.engine.gregor.mutators.MathMutator,pop_array,112,NO_COVERAGE,none
BitUtil.java,com.xceptance.xlt.report.util.lucene.BitUtil,org.pitest.mutationtest.engine.gregor.mutators.MathMutator,pop_array,113,NO_COVERAGE,none
BitUtil.java,com.xceptance.xlt.report.util.lucene.BitUtil,org.pitest.mutationtest.engine.gregor.mutators.MathMutator,pop_array,114,NO_COVERAGE,none
BitUtil.java,com.xceptance.xlt.report.util.lucene.BitUtil,org.pitest.mutationtest.engine.gregor.mutators.MathMutator,pop_array,114,NO_COVERAGE,none
BitUtil.java,com.xceptance.xlt.report.util.lucene.BitUtil,org.pitest.mutationtest.engine.gregor.mutators.MathMutator,pop_array,114,NO_COVERAGE,none
BitUtil.java,com.xceptance.xlt.report.util.lucene.BitUtil,org.pitest.mutationtest.engine.gregor.mutators.MathMutator,pop_array,115,NO_COVERAGE,none
BitUtil.java,com.xceptance.xlt.report.util.lucene.BitUtil,org.pitest.mutationtest.engine.gregor.mutators.MathMutator,pop_array,119,NO_COVERAGE,none
BitUtil.java,com.xceptance.xlt.report.util.lucene.BitUtil,org.pitest.mutationtest.engine.gregor.mutators.MathMutator,pop_array,120,NO_COVERAGE,none
BitUtil.java,com.xceptance.xlt.report.util.lucene.BitUtil,org.pitest.mutationtest.engine.gregor.mutators.MathMutator,pop_array,120,NO_COVERAGE,none
BitUtil.java,com.xceptance.xlt.report.util.lucene.BitUtil,org.pitest.mutationtest.engine.gregor.mutators.MathMutator,pop_array,120,NO_COVERAGE,none
BitUtil.java,com.xceptance.xlt.report.util.lucene.BitUtil,org.pitest.mutationtest.engine.gregor.mutators.MathMutator,pop_array,121,NO_COVERAGE,none
BitUtil.java,com.xceptance.xlt.report.util.lucene.BitUtil,org.pitest.mutationtest.engine.gregor.mutators.MathMutator,pop_array,126,NO_COVERAGE,none
BitUtil.java,com.xceptance.xlt.report.util.lucene.BitUtil,org.pitest.mutationtest.engine.gregor.mutators.MathMutator,pop_array,127,NO_COVERAGE,none
BitUtil.java,com.xceptance.xlt.report.util.lucene.BitUtil,org.pitest.mutationtest.engine.gregor.mutators.MathMutator,pop_array,127,NO_COVERAGE,none
BitUtil.java,com.xceptance.xlt.report.util.lucene.BitUtil,org.pitest.mutationtest.engine.gregor.mutators.MathMutator,pop_array,127,NO_COVERAGE,none
BitUtil.java,com.xceptance.xlt.report.util.lucene.BitUtil,org.pitest.mutationtest.engine.gregor.mutators.MathMutator,pop_array,128,NO_COVERAGE,none
BitUtil.java,com.xceptance.xlt.report.util.lucene.BitUtil,org.pitest.mutationtest.engine.gregor.mutators.MathMutator,pop_array,130,NO_COVERAGE,none
BitUtil.java,com.xceptance.xlt.report.util.lucene.BitUtil,org.pitest.mutationtest.engine.gregor.mutators.MathMutator,pop_array,74,NO_COVERAGE,none
BitUtil.java,com.xceptance.xlt.report.util.lucene.BitUtil,org.pitest.mutationtest.engine.gregor.mutators.MathMutator,pop_array,139,NO_COVERAGE,none
BitUtil.java,com.xceptance.xlt.report.util.lucene.BitUtil,org.pitest.mutationtest.engine.gregor.mutators.MathMutator,pop_array,142,NO_COVERAGE,none
BitUtil.java,com.xceptance.xlt.report.util.lucene.BitUtil,org.pitest.mutationtest.engine.gregor.mutators.MathMutator,pop_array,143,NO_COVERAGE,none
BitUtil.java,com.xceptance.xlt.report.util.lucene.BitUtil,org.pitest.mutationtest.engine.gregor.mutators.MathMutator,pop_array,144,NO_COVERAGE,none
BitUtil.java,com.xceptance.xlt.report.util.lucene.BitUtil,org.pitest.mutationtest.engine.gregor.mutators.MathMutator,pop_array,144,NO_COVERAGE,none
BitUtil.java,com.xceptance.xlt.report.util.lucene.BitUtil,org.pitest.mutationtest.engine.gregor.mutators.MathMutator,pop_array,144,NO_COVERAGE,none
BitUtil.java,com.xceptance.xlt.report.util.lucene.BitUtil,org.pitest.mutationtest.engine.gregor.mutators.MathMutator,pop_array,145,NO_COVERAGE,none
BitUtil.java,com.xceptance.xlt.report.util.lucene.BitUtil,org.pitest.mutationtest.engine.gregor.mutators.MathMutator,pop_array,148,NO_COVERAGE,none
BitUtil.java,com.xceptance.xlt.report.util.lucene.BitUtil,org.pitest.mutationtest.engine.gregor.mutators.MathMutator,pop_array,148,NO_COVERAGE,none
BitUtil.java,com.xceptance.xlt.report.util.lucene.BitUtil,org.pitest.mutationtest.engine.gregor.mutators.MathMutator,pop_array,149,NO_COVERAGE,none
BitUtil.java,com.xceptance.xlt.report.util.lucene.BitUtil,org.pitest.mutationtest.engine.gregor.mutators.MathMutator,pop_array,150,NO_COVERAGE,none
BitUtil.java,com.xceptance.xlt.report.util.lucene.BitUtil,org.pitest.mutationtest.engine.gregor.mutators.MathMutator,pop_array,150,NO_COVERAGE,none
BitUtil.java,com.xceptance.xlt.report.util.lucene.BitUtil,org.pitest.mutationtest.engine.gregor.mutators.MathMutator,pop_array,150,NO_COVERAGE,none
BitUtil.java,com.xceptance.xlt.report.util.lucene.BitUtil,org.pitest.mutationtest.engine.gregor.mutators.MathMutator,pop_array,151,NO_COVERAGE,none
BitUtil.java,com.xceptance.xlt.report.util.lucene.BitUtil,org.pitest.mutationtest.engine.gregor.mutators.MathMutator,pop_array,154,NO_COVERAGE,none
BitUtil.java,com.xceptance.xlt.report.util.lucene.BitUtil,org.pitest.mutationtest.engine.gregor.mutators.MathMutator,pop_array,155,NO_COVERAGE,none
BitUtil.java,com.xceptance.xlt.report.util.lucene.BitUtil,org.pitest.mutationtest.engine.gregor.mutators.MathMutator,pop_array,155,NO_COVERAGE,none
BitUtil.java,com.xceptance.xlt.report.util.lucene.BitUtil,org.pitest.mutationtest.engine.gregor.mutators.MathMutator,pop_array,155,NO_COVERAGE,none
BitUtil.java,com.xceptance.xlt.report.util.lucene.BitUtil,org.pitest.mutationtest.engine.gregor.mutators.MathMutator,pop_array,156,NO_COVERAGE,none
BitUtil.java,com.xceptance.xlt.report.util.lucene.BitUtil,org.pitest.mutationtest.engine.gregor.mutators.MathMutator,pop_array,158,NO_COVERAGE,none
BitUtil.java,com.xceptance.xlt.report.util.lucene.BitUtil,org.pitest.mutationtest.engine.gregor.mutators.MathMutator,pop_array,159,NO_COVERAGE,none
BitUtil.java,com.xceptance.xlt.report.util.lucene.BitUtil,org.pitest.mutationtest.engine.gregor.mutators.MathMutator,pop_array,161,NO_COVERAGE,none
BitUtil.java,com.xceptance.xlt.report.util.lucene.BitUtil,org.pitest.mutationtest.engine.gregor.mutators.MathMutator,pop_array,165,NO_COVERAGE,none
BitUtil.java,com.xceptance.xlt.report.util.lucene.BitUtil,org.pitest.mutationtest.engine.gregor.mutators.MathMutator,pop_array,166,NO_COVERAGE,none
BitUtil.java,com.xceptance.xlt.report.util.lucene.BitUtil,org.pitest.mutationtest.engine.gregor.mutators.MathMutator,pop_array,167,NO_COVERAGE,none
BitUtil.java,com.xceptance.xlt.report.util.lucene.BitUtil,org.pitest.mutationtest.engine.gregor.mutators.MathMutator,pop_array,168,NO_COVERAGE,none
BitUtil.java,com.xceptance.xlt.report.util.lucene.BitUtil,org.pitest.mutationtest.engine.gregor.mutators.MathMutator,pop_array,168,NO_COVERAGE,none
BitUtil.java,com.xceptance.xlt.report.util.lucene.BitUtil,org.pitest.mutationtest.engine.gregor.mutators.MathMutator,pop_array,168,NO_COVERAGE,none
BitUtil.java,com.xceptance.xlt.report.util.lucene.BitUtil,org.pitest.mutationtest.engine.gregor.mutators.MathMutator,pop_array,169,NO_COVERAGE,none
BitUtil.java,com.xceptance.xlt.report.util.lucene.BitUtil,org.pitest.mutationtest.engine.gregor.mutators.MathMutator,pop_array,171,NO_COVERAGE,none
BitUtil.java,com.xceptance.xlt.report.util.lucene.BitUtil,org.pitest.mutationtest.engine.gregor.mutators.MathMutator,pop_array,172,NO_COVERAGE,none
BitUtil.java,com.xceptance.xlt.report.util.lucene.BitUtil,org.pitest.mutationtest.engine.gregor.mutators.MathMutator,pop_array,174,NO_COVERAGE,none
BitUtil.java,com.xceptance.xlt.report.util.lucene.BitUtil,org.pitest.mutationtest.engine.gregor.mutators.MathMutator,pop_array,175,NO_COVERAGE,none
BitUtil.java,com.xceptance.xlt.report.util.lucene.BitUtil,org.pitest.mutationtest.engine.gregor.mutators.MathMutator,pop_array,177,NO_COVERAGE,none
BitUtil.java,com.xceptance.xlt.report.util.lucene.BitUtil,org.pitest.mutationtest.engine.gregor.mutators.MathMutator,pop_array,182,NO_COVERAGE,none
BitUtil.java,com.xceptance.xlt.report.util.lucene.BitUtil,org.pitest.mutationtest.engine.gregor.mutators.MathMutator,pop_array,185,NO_COVERAGE,none
BitUtil.java,com.xceptance.xlt.report.util.lucene.BitUtil,org.pitest.mutationtest.engine.gregor.mutators.MathMutator,pop_array,186,NO_COVERAGE,none
BitUtil.java,com.xceptance.xlt.report.util.lucene.BitUtil,org.pitest.mutationtest.engine.gregor.mutators.MathMutator,pop_array,185,NO_COVERAGE,none
BitUtil.java,com.xceptance.xlt.report.util.lucene.BitUtil,org.pitest.mutationtest.engine.gregor.mutators.MathMutator,pop_array,185,NO_COVERAGE,none
BitUtil.java,com.xceptance.xlt.report.util.lucene.BitUtil,org.pitest.mutationtest.engine.gregor.mutators.MathMutator,pop_array,188,NO_COVERAGE,none
BitUtil.java,com.xceptance.xlt.report.util.lucene.BitUtil,org.pitest.mutationtest.engine.gregor.mutators.MathMutator,pop_array,185,NO_COVERAGE,none
BitUtil.java,com.xceptance.xlt.report.util.lucene.BitUtil,org.pitest.mutationtest.engine.gregor.mutators.MathMutator,pop_array,185,NO_COVERAGE,none
BitUtil.java,com.xceptance.xlt.report.util.lucene.BitUtil,org.pitest.mutationtest.engine.gregor.mutators.RemoveConditionalMutator_ORDER_ELSE,pop_array,74,NO_COVERAGE,none
BitUtil.java,com.xceptance.xlt.report.util.lucene.BitUtil,org.pitest.mutationtest.engine.gregor.mutators.RemoveConditionalMutator_ORDER_ELSE,pop_array,139,NO_COVERAGE,none
BitUtil.java,com.xceptance.xlt.report.util.lucene.BitUtil,org.pitest.mutationtest.engine.gregor.mutators.RemoveConditionalMutator_ORDER_ELSE,pop_array,165,NO_COVERAGE,none
BitUtil.java,com.xceptance.xlt.report.util.lucene.BitUtil,org.pitest.mutationtest.engine.gregor.mutators.RemoveConditionalMutator_ORDER_ELSE,pop_array,181,NO_COVERAGE,none
BitUtil.java,com.xceptance.xlt.report.util.lucene.BitUtil,org.pitest.mutationtest.engine.gregor.mutators.RemoveConditionalMutator_ORDER_IF,pop_array,74,NO_COVERAGE,none
BitUtil.java,com.xceptance.xlt.report.util.lucene.BitUtil,org.pitest.mutationtest.engine.gregor.mutators.RemoveConditionalMutator_ORDER_IF,pop_array,139,NO_COVERAGE,none
BitUtil.java,com.xceptance.xlt.report.util.lucene.BitUtil,org.pitest.mutationtest.engine.gregor.mutators.RemoveConditionalMutator_ORDER_IF,pop_array,165,NO_COVERAGE,none
BitUtil.java,com.xceptance.xlt.report.util.lucene.BitUtil,org.pitest.mutationtest.engine.gregor.mutators.RemoveConditionalMutator_ORDER_IF,pop_array,181,NO_COVERAGE,none
BitUtil.java,com.xceptance.xlt.report.util.lucene.BitUtil,org.pitest.mutationtest.engine.gregor.mutators.returns.PrimitiveReturnsMutator,pop_array,190,NO_COVERAGE,none
BitUtil.java,com.xceptance.xlt.report.util.lucene.BitUtil,org.pitest.mutationtest.engine.gregor.mutators.ConditionalsBoundaryMutator,pop_intersect,203,NO_COVERAGE,none
BitUtil.java,com.xceptance.xlt.report.util.lucene.BitUtil,org.pitest.mutationtest.engine.gregor.mutators.ConditionalsBoundaryMutator,pop_intersect,257,NO_COVERAGE,none
BitUtil.java,com.xceptance.xlt.report.util.lucene.BitUtil,org.pitest.mutationtest.engine.gregor.mutators.ConditionalsBoundaryMutator,pop_intersect,283,NO_COVERAGE,none
BitUtil.java,com.xceptance.xlt.report.util.lucene.BitUtil,org.pitest.mutationtest.engine.gregor.mutators.ConditionalsBoundaryMutator,pop_intersect,299,NO_COVERAGE,none
BitUtil.java,com.xceptance.xlt.report.util.lucene.BitUtil,org.pitest.mutationtest.engine.gregor.mutators.IncrementsMutator,pop_intersect,203,NO_COVERAGE,none
BitUtil.java,com.xceptance.xlt.report.util.lucene.BitUtil,org.pitest.mutationtest.engine.gregor.mutators.IncrementsMutator,pop_intersect,280,NO_COVERAGE,none
BitUtil.java,com.xceptance.xlt.report.util.lucene.BitUtil,org.pitest.mutationtest.engine.gregor.mutators.IncrementsMutator,pop_intersect,296,NO_COVERAGE,none
BitUtil.java,com.xceptance.xlt.report.util.lucene.BitUtil,org.pitest.mutationtest.engine.gregor.mutators.MathMutator,pop_intersect,198,NO_COVERAGE,none
BitUtil.java,com.xceptance.xlt.report.util.lucene.BitUtil,org.pitest.mutationtest.engine.gregor.mutators.MathMutator,pop_intersect,208,NO_COVERAGE,none
BitUtil.java,com.xceptance.xlt.report.util.lucene.BitUtil,org.pitest.mutationtest.engine.gregor.mutators.MathMutator,pop_intersect,208,NO_COVERAGE,none
BitUtil.java,com.xceptance.xlt.report.util.lucene.BitUtil,org.pitest.mutationtest.engine.gregor.mutators.MathMutator,pop_intersect,208,NO_COVERAGE,none
BitUtil.java,com.xceptance.xlt.report.util.lucene.BitUtil,org.pitest.mutationtest.engine.gregor.mutators.MathMutator,pop_intersect,208,NO_COVERAGE,none
BitUtil.java,com.xceptance.xlt.report.util.lucene.BitUtil,org.pitest.mutationtest.engine.gregor.mutators.MathMutator,pop_intersect,209,NO_COVERAGE,none
BitUtil.java,com.xceptance.xlt.report.util.lucene.BitUtil,org.pitest.mutationtest.engine.gregor.mutators.MathMutator,pop_intersect,210,NO_COVERAGE,none
BitUtil.java,com.xceptance.xlt.report.util.lucene.BitUtil,org.pitest.mutationtest.engine.gregor.mutators.MathMutator,pop_intersect,210,NO_COVERAGE,none
BitUtil.java,com.xceptance.xlt.report.util.lucene.BitUtil,org.pitest.mutationtest.engine.gregor.mutators.MathMutator,pop_intersect,210,NO_COVERAGE,none
BitUtil.java,com.xceptance.xlt.report.util.lucene.BitUtil,org.pitest.mutationtest.engine.gregor.mutators.MathMutator,pop_intersect,211,NO_COVERAGE,none
BitUtil.java,com.xceptance.xlt.report.util.lucene.BitUtil,org.pitest.mutationtest.engine.gregor.mutators.MathMutator,pop_intersect,215,NO_COVERAGE,none
BitUtil.java,com.xceptance.xlt.report.util.lucene.BitUtil,org.pitest.mutationtest.engine.gregor.mutators.MathMutator,pop_intersect,215,NO_COVERAGE,none
BitUtil.java,com.xceptance.xlt.report.util.lucene.BitUtil,org.pitest.mutationtest.engine.gregor.mutators.MathMutator,pop_intersect,215,NO_COVERAGE,none
BitUtil.java,com.xceptance.xlt.report.util.lucene.BitUtil,org.pitest.mutationtest.engine.gregor.mutators.MathMutator,pop_intersect,215,NO_COVERAGE,none
BitUtil.java,com.xceptance.xlt.report.util.lucene.BitUtil,org.pitest.mutationtest.engine.gregor.mutators.MathMutator,pop_intersect,215,NO_COVERAGE,none
BitUtil.java,com.xceptance.xlt.report.util.lucene.BitUtil,org.pitest.mutationtest.engine.gregor.mutators.MathMutator,pop_intersect,215,NO_COVERAGE,none
BitUtil.java,com.xceptance.xlt.report.util.lucene.BitUtil,org.pitest.mutationtest.engine.gregor.mutators.MathMutator,pop_intersect,216,NO_COVERAGE,none
BitUtil.java,com.xceptance.xlt.report.util.lucene.BitUtil,org.pitest.mutationtest.engine.gregor.mutators.MathMutator,pop_intersect,217,NO_COVERAGE,none
BitUtil.java,com.xceptance.xlt.report.util.lucene.BitUtil,org.pitest.mutationtest.engine.gregor.mutators.MathMutator,pop_intersect,217,NO_COVERAGE,none
BitUtil.java,com.xceptance.xlt.report.util.lucene.BitUtil,org.pitest.mutationtest.engine.gregor.mutators.MathMutator,pop_intersect,217,NO_COVERAGE,none
BitUtil.java,com.xceptance.xlt.report.util.lucene.BitUtil,org.pitest.mutationtest.engine.gregor.mutators.MathMutator,pop_intersect,218,NO_COVERAGE,none
BitUtil.java,com.xceptance.xlt.report.util.lucene.BitUtil,org.pitest.mutationtest.engine.gregor.mutators.MathMutator,pop_intersect,222,NO_COVERAGE,none
BitUtil.java,com.xceptance.xlt.report.util.lucene.BitUtil,org.pitest.mutationtest.engine.gregor.mutators.MathMutator,pop_intersect,223,NO_COVERAGE,none
BitUtil.java,com.xceptance.xlt.report.util.lucene.BitUtil,org.pitest.mutationtest.engine.gregor.mutators.MathMutator,pop_intersect,223,NO_COVERAGE,none
BitUtil.java,com.xceptance.xlt.report.util.lucene.BitUtil,org.pitest.mutationtest.engine.gregor.mutators.MathMutator,pop_intersect,223,NO_COVERAGE,none
BitUtil.java,com.xceptance.xlt.report.util.lucene.BitUtil,org.pitest.mutationtest.engine.gregor.mutators.MathMutator,pop_intersect,224,NO_COVERAGE,none
BitUtil.java,com.xceptance.xlt.report.util.lucene.BitUtil,org.pitest.mutationtest.engine.gregor.mutators.MathMutator,pop_intersect,228,NO_COVERAGE,none
BitUtil.java,com.xceptance.xlt.report.util.lucene.BitUtil,org.pitest.mutationtest.engine.gregor.mutators.MathMutator,pop_intersect,228,NO_COVERAGE,none
BitUtil.java,com.xceptance.xlt.report.util.lucene.BitUtil,org.pitest.mutationtest.engine.gregor.mutators.MathMutator,pop_intersect,228,NO_COVERAGE,none
BitUtil.java,com.xceptance.xlt.report.util.lucene.BitUtil,org.pitest.mutationtest.engine.gregor.mutators.MathMutator,pop_intersect,228,NO_COVERAGE,none
BitUtil.java,com.xceptance.xlt.report.util.lucene.BitUtil,org.pitest.mutationtest.engine.gregor.mutators.MathMutator,pop_intersect,228,NO_COVERAGE,none
BitUtil.java,com.xceptance.xlt.report.util.lucene.BitUtil,org.pitest.mutationtest.engine.gregor.mutators.MathMutator,pop_intersect,228,NO_COVERAGE,none
BitUtil.java,com.xceptance.xlt.report.util.lucene.BitUtil,org.pitest.mutationtest.engine.gregor.mutators.MathMutator,pop_intersect,229,NO_COVERAGE,none
BitUtil.java,com.xceptance.xlt.report.util.lucene.BitUtil,org.pitest.mutationtest.engine.gregor.mutators.MathMutator,pop_intersect,230,NO_COVERAGE,none
BitUtil.java,com.xceptance.xlt.report.util.lucene.BitUtil,org.pitest.mutationtest.engine.gregor.mutators.MathMutator,pop_intersect,230,NO_COVERAGE,none
BitUtil.java,com.xceptance.xlt.report.util.lucene.BitUtil,org.pitest.mutationtest.engine.gregor.mutators.MathMutator,pop_intersect,230,NO_COVERAGE,none
BitUtil.java,com.xceptance.xlt.report.util.lucene.BitUtil,org.pitest.mutationtest.engine.gregor.mutators.MathMutator,pop_intersect,231,NO_COVERAGE,none
BitUtil.java,com.xceptance.xlt.report.util.lucene.BitUtil,org.pitest.mutationtest.engine.gregor.mutators.MathMutator,pop_intersect,235,NO_COVERAGE,none
BitUtil.java,com.xceptance.xlt.report.util.lucene.BitUtil,org.pitest.mutationtest.engine.gregor.mutators.MathMutator,pop_intersect,235,NO_COVERAGE,none
BitUtil.java,com.xceptance.xlt.report.util.lucene.BitUtil,org.pitest.mutationtest.engine.gregor.mutators.MathMutator,pop_intersect,235,NO_COVERAGE,none
BitUtil.java,com.xceptance.xlt.report.util.lucene.BitUtil,org.pitest.mutationtest.engine.gregor.mutators.MathMutator,pop_intersect,235,NO_COVERAGE,none
BitUtil.java,com.xceptance.xlt.report.util.lucene.BitUtil,org.pitest.mutationtest.engine.gregor.mutators.MathMutator,pop_intersect,235,NO_COVERAGE,none
BitUtil.java,com.xceptance.xlt.report.util.lucene.BitUtil,org.pitest.mutationtest.engine.gregor.mutators.MathMutator,pop_intersect,235,NO_COVERAGE,none
BitUtil.java,com.xceptance.xlt.report.util.lucene.BitUtil,org.pitest.mutationtest.engine.gregor.mutators.MathMutator,pop_intersect,236,NO_COVERAGE,none
BitUtil.java,com.xceptance.xlt.report.util.lucene.BitUtil,org.pitest.mutationtest.engine.gregor.mutators.MathMutator,pop_intersect,237,NO_COVERAGE,none
BitUtil.java,com.xceptance.xlt.report.util.lucene.BitUtil,org.pitest.mutationtest.engine.gregor.mutators.MathMutator,pop_intersect,237,NO_COVERAGE,none
BitUtil.java,com.xceptance.xlt.report.util.lucene.BitUtil,org.pitest.mutationtest.engine.gregor.mutators.MathMutator,pop_intersect,237,NO_COVERAGE,none
BitUtil.java,com.xceptance.xlt.report.util.lucene.BitUtil,org.pitest.mutationtest.engine.gregor.mutators.MathMutator,pop_intersect,238,NO_COVERAGE,none
BitUtil.java,com.xceptance.xlt.report.util.lucene.BitUtil,org.pitest.mutationtest.engine.gregor.mutators.MathMutator,pop_intersect,242,NO_COVERAGE,none
BitUtil.java,com.xceptance.xlt.report.util.lucene.BitUtil,org.pitest.mutationtest.engine.gregor.mutators.MathMutator,pop_intersect,243,NO_COVERAGE,none
BitUtil.java,com.xceptance.xlt.report.util.lucene.BitUtil,org.pitest.mutationtest.engine.gregor.mutators.MathMutator,pop_intersect,243,NO_COVERAGE,none
BitUtil.java,com.xceptance.xlt.report.util.lucene.BitUtil,org.pitest.mutationtest.engine.gregor.mutators.MathMutator,pop_intersect,243,NO_COVERAGE,none
BitUtil.java,com.xceptance.xlt.report.util.lucene.BitUtil,org.pitest.mutationtest.engine.gregor.mutators.MathMutator,pop_intersect,244,NO_COVERAGE,none
BitUtil.java,com.xceptance.xlt.report.util.lucene.BitUtil,org.pitest.mutationtest.engine.gregor.mutators.MathMutator,pop_intersect,249,NO_COVERAGE,none
BitUtil.java,com.xceptance.xlt.report.util.lucene.BitUtil,org.pitest.mutationtest.engine.gregor.mutators.MathMutator,pop_intersect,250,NO_COVERAGE,none
BitUtil.java,com.xceptance.xlt.report.util.lucene.BitUtil,org.pitest.mutationtest.engine.gregor.mutators.MathMutator,pop_intersect,250,NO_COVERAGE,none
BitUtil.java,com.xceptance.xlt.report.util.lucene.BitUtil,org.pitest.mutationtest.engine.gregor.mutators.MathMutator,pop_intersect,250,NO_COVERAGE,none
BitUtil.java,com.xceptance.xlt.report.util.lucene.BitUtil,org.pitest.mutationtest.engine.gregor.mutators.MathMutator,pop_intersect,251,NO_COVERAGE,none
BitUtil.java,com.xceptance.xlt.report.util.lucene.BitUtil,org.pitest.mutationtest.engine.gregor.mutators.MathMutator,pop_intersect,253,NO_COVERAGE,none
BitUtil.java,com.xceptance.xlt.report.util.lucene.BitUtil,org.pitest.mutationtest.engine.gregor.mutators.MathMutator,pop_intersect,203,NO_COVERAGE,none
BitUtil.java,com.xceptance.xlt.report.util.lucene.BitUtil,org.pitest.mutationtest.engine.gregor.mutators.MathMutator,pop_intersect,257,NO_COVERAGE,none
BitUtil.java,com.xceptance.xlt.report.util.lucene.BitUtil,org.pitest.mutationtest.engine.gregor.mutators.MathMutator,pop_intersect,260,NO_COVERAGE,none
BitUtil.java,com.xceptance.xlt.report.util.lucene.BitUtil,org.pitest.mutationtest.engine.gregor.mutators.MathMutator,pop_intersect,260,NO_COVERAGE,none
BitUtil.java,com.xceptance.xlt.report.util.lucene.BitUtil,org.pitest.mutationtest.engine.gregor.mutators.MathMutator,pop_intersect,260,NO_COVERAGE,none
BitUtil.java,com.xceptance.xlt.report.util.lucene.BitUtil,org.pitest.mutationtest.engine.gregor.mutators.MathMutator,pop_intersect,260,NO_COVERAGE,none
BitUtil.java,com.xceptance.xlt.report.util.lucene.BitUtil,org.pitest.mutationtest.engine.gregor.mutators.MathMutator,pop_intersect,261,NO_COVERAGE,none
BitUtil.java,com.xceptance.xlt.report.util.lucene.BitUtil,org.pitest.mutationtest.engine.gregor.mutators.MathMutator,pop_intersect,262,NO_COVERAGE,none
BitUtil.java,com.xceptance.xlt.report.util.lucene.BitUtil,org.pitest.mutationtest.engine.gregor.mutators.MathMutator,pop_intersect,262,NO_COVERAGE,none
BitUtil.java,com.xceptance.xlt.report.util.lucene.BitUtil,org.pitest.mutationtest.engine.gregor.mutators.MathMutator,pop_intersect,262,NO_COVERAGE,none
BitUtil.java,com.xceptance.xlt.report.util.lucene.BitUtil,org.pitest.mutationtest.engine.gregor.mutators.MathMutator,pop_intersect,263,NO_COVERAGE,none
BitUtil.java,com.xceptance.xlt.report.util.lucene.BitUtil,org.pitest.mutationtest.engine.gregor.mutators.MathMutator,pop_intersect,266,NO_COVERAGE,none
BitUtil.java,com.xceptance.xlt.report.util.lucene.BitUtil,org.pitest.mutationtest.engine.gregor.mutators.MathMutator,pop_intersect,266,NO_COVERAGE,none
BitUtil.java,com.xceptance.xlt.report.util.lucene.BitUtil,org.pitest.mutationtest.engine.gregor.mutators.MathMutator,pop_intersect,266,NO_COVERAGE,none
BitUtil.java,com.xceptance.xlt.report.util.lucene.BitUtil,org.pitest.mutationtest.engine.gregor.mutators.MathMutator,pop_intersect,266,NO_COVERAGE,none
BitUtil.java,com.xceptance.xlt.report.util.lucene.BitUtil,org.pitest.mutationtest.engine.gregor.mutators.MathMutator,pop_intersect,266,NO_COVERAGE,none
BitUtil.java,com.xceptance.xlt.report.util.lucene.BitUtil,org.pitest.mutationtest.engine.gregor.mutators.MathMutator,pop_intersect,266,NO_COVERAGE,none
BitUtil.java,com.xceptance.xlt.report.util.lucene.BitUtil,org.pitest.mutationtest.engine.gregor.mutators.MathMutator,pop_intersect,267,NO_COVERAGE,none
BitUtil.java,com.xceptance.xlt.report.util.lucene.BitUtil,org.pitest.mutationtest.engine.gregor.mutators.MathMutator,pop_intersect,268,NO_COVERAGE,none
BitUtil.java,com.xceptance.xlt.report.util.lucene.BitUtil,org.pitest.mutationtest.engine.gregor.mutators.MathMutator,pop_intersect,268,NO_COVERAGE,none
BitUtil.java,com.xceptance.xlt.report.util.lucene.BitUtil,org.pitest.mutationtest.engine.gregor.mutators.MathMutator,pop_intersect,268,NO_COVERAGE,none
BitUtil.java,com.xceptance.xlt.report.util.lucene.BitUtil,org.pitest.mutationtest.engine.gregor.mutators.MathMutator,pop_intersect,269,NO_COVERAGE,none
BitUtil.java,com.xceptance.xlt.report.util.lucene.BitUtil,org.pitest.mutationtest.engine.gregor.mutators.MathMutator,pop_intersect,272,NO_COVERAGE,none
BitUtil.java,com.xceptance.xlt.report.util.lucene.BitUtil,org.pitest.mutationtest.engine.gregor.mutators.MathMutator,pop_intersect,273,NO_COVERAGE,none
BitUtil.java,com.xceptance.xlt.report.util.lucene.BitUtil,org.pitest.mutationtest.engine.gregor.mutators.MathMutator,pop_intersect,273,NO_COVERAGE,none
BitUtil.java,com.xceptance.xlt.report.util.lucene.BitUtil,org.pitest.mutationtest.engine.gregor.mutators.MathMutator,pop_intersect,273,NO_COVERAGE,none
BitUtil.java,com.xceptance.xlt.report.util.lucene.BitUtil,org.pitest.mutationtest.engine.gregor.mutators.MathMutator,pop_intersect,274,NO_COVERAGE,none
BitUtil.java,com.xceptance.xlt.report.util.lucene.BitUtil,org.pitest.mutationtest.engine.gregor.mutators.MathMutator,pop_intersect,276,NO_COVERAGE,none
BitUtil.java,com.xceptance.xlt.report.util.lucene.BitUtil,org.pitest.mutationtest.engine.gregor.mutators.MathMutator,pop_intersect,277,NO_COVERAGE,none
BitUtil.java,com.xceptance.xlt.report.util.lucene.BitUtil,org.pitest.mutationtest.engine.gregor.mutators.MathMutator,pop_intersect,279,NO_COVERAGE,none
BitUtil.java,com.xceptance.xlt.report.util.lucene.BitUtil,org.pitest.mutationtest.engine.gregor.mutators.MathMutator,pop_intersect,283,NO_COVERAGE,none
BitUtil.java,com.xceptance.xlt.report.util.lucene.BitUtil,org.pitest.mutationtest.engine.gregor.mutators.MathMutator,pop_intersect,284,NO_COVERAGE,none
BitUtil.java,com.xceptance.xlt.report.util.lucene.BitUtil,org.pitest.mutationtest.engine.gregor.mutators.MathMutator,pop_intersect,284,NO_COVERAGE,none
BitUtil.java,com.xceptance.xlt.report.util.lucene.BitUtil,org.pitest.mutationtest.engine.gregor.mutators.MathMutator,pop_intersect,284,NO_COVERAGE,none
BitUtil.java,com.xceptance.xlt.report.util.lucene.BitUtil,org.pitest.mutationtest.engine.gregor.mutators.MathMutator,pop_intersect,284,NO_COVERAGE,none
BitUtil.java,com.xceptance.xlt.report.util.lucene.BitUtil,org.pitest.mutationtest.engine.gregor.mutators.MathMutator,pop_intersect,285,NO_COVERAGE,none
BitUtil.java,com.xceptance.xlt.report.util.lucene.BitUtil,org.pitest.mutationtest.engine.gregor.mutators.MathMutator,pop_intersect,286,NO_COVERAGE,none
BitUtil.java,com.xceptance.xlt.report.util.lucene.BitUtil,org.pitest.mutationtest.engine.gregor.mutators.MathMutator,pop_intersect,286,NO_COVERAGE,none
BitUtil.java,com.xceptance.xlt.report.util.lucene.BitUtil,org.pitest.mutationtest.engine.gregor.mutators.MathMutator,pop_intersect,286,NO_COVERAGE,none
BitUtil.java,com.xceptance.xlt.report.util.lucene.BitUtil,org.pitest.mutationtest.engine.gregor.mutators.MathMutator,pop_intersect,287,NO_COVERAGE,none
BitUtil.java,com.xceptance.xlt.report.util.lucene.BitUtil,org.pitest.mutationtest.engine.gregor.mutators.MathMutator,pop_intersect,289,NO_COVERAGE,none
BitUtil.java,com.xceptance.xlt.report.util.lucene.BitUtil,org.pitest.mutationtest.engine.gregor.mutators.MathMutator,pop_intersect,290,NO_COVERAGE,none
BitUtil.java,com.xceptance.xlt.report.util.lucene.BitUtil,org.pitest.mutationtest.engine.gregor.mutators.MathMutator,pop_intersect,292,NO_COVERAGE,none
BitUtil.java,com.xceptance.xlt.report.util.lucene.BitUtil,org.pitest.mutationtest.engine.gregor.mutators.MathMutator,pop_intersect,293,NO_COVERAGE,none
BitUtil.java,com.xceptance.xlt.report.util.lucene.BitUtil,org.pitest.mutationtest.engine.gregor.mutators.MathMutator,pop_intersect,295,NO_COVERAGE,none
BitUtil.java,com.xceptance.xlt.report.util.lucene.BitUtil,org.pitest.mutationtest.engine.gregor.mutators.MathMutator,pop_intersect,300,NO_COVERAGE,none
BitUtil.java,com.xceptance.xlt.report.util.lucene.BitUtil,org.pitest.mutationtest.engine.gregor.mutators.MathMutator,pop_intersect,300,NO_COVERAGE,none
BitUtil.java,com.xceptance.xlt.report.util.lucene.BitUtil,org.pitest.mutationtest.engine.gregor.mutators.MathMutator,pop_intersect,303,NO_COVERAGE,none
BitUtil.java,com.xceptance.xlt.report.util.lucene.BitUtil,org.pitest.mutationtest.engine.gregor.mutators.MathMutator,pop_intersect,304,NO_COVERAGE,none
BitUtil.java,com.xceptance.xlt.report.util.lucene.BitUtil,org.pitest.mutationtest.engine.gregor.mutators.MathMutator,pop_intersect,303,NO_COVERAGE,none
BitUtil.java,com.xceptance.xlt.report.util.lucene.BitUtil,org.pitest.mutationtest.engine.gregor.mutators.MathMutator,pop_intersect,303,NO_COVERAGE,none
BitUtil.java,com.xceptance.xlt.report.util.lucene.BitUtil,org.pitest.mutationtest.engine.gregor.mutators.MathMutator,pop_intersect,306,NO_COVERAGE,none
BitUtil.java,com.xceptance.xlt.report.util.lucene.BitUtil,org.pitest.mutationtest.engine.gregor.mutators.MathMutator,pop_intersect,303,NO_COVERAGE,none
BitUtil.java,com.xceptance.xlt.report.util.lucene.BitUtil,org.pitest.mutationtest.engine.gregor.mutators.MathMutator,pop_intersect,303,NO_COVERAGE,none
BitUtil.java,com.xceptance.xlt.report.util.lucene.BitUtil,org.pitest.mutationtest.engine.gregor.mutators.RemoveConditionalMutator_ORDER_ELSE,pop_intersect,203,NO_COVERAGE,none
BitUtil.java,com.xceptance.xlt.report.util.lucene.BitUtil,org.pitest.mutationtest.engine.gregor.mutators.RemoveConditionalMutator_ORDER_ELSE,pop_intersect,257,NO_COVERAGE,none
BitUtil.java,com.xceptance.xlt.report.util.lucene.BitUtil,org.pitest.mutationtest.engine.gregor.mutators.RemoveConditionalMutator_ORDER_ELSE,pop_intersect,283,NO_COVERAGE,none
BitUtil.java,com.xceptance.xlt.report.util.lucene.BitUtil,org.pitest.mutationtest.engine.gregor.mutators.RemoveConditionalMutator_ORDER_ELSE,pop_intersect,299,NO_COVERAGE,none
BitUtil.java,com.xceptance.xlt.report.util.lucene.BitUtil,org.pitest.mutationtest.engine.gregor.mutators.RemoveConditionalMutator_ORDER_IF,pop_intersect,203,NO_COVERAGE,none
BitUtil.java,com.xceptance.xlt.report.util.lucene.BitUtil,org.pitest.mutationtest.engine.gregor.mutators.RemoveConditionalMutator_ORDER_IF,pop_intersect,257,NO_COVERAGE,none
BitUtil.java,com.xceptance.xlt.report.util.lucene.BitUtil,org.pitest.mutationtest.engine.gregor.mutators.RemoveConditionalMutator_ORDER_IF,pop_intersect,283,NO_COVERAGE,none
BitUtil.java,com.xceptance.xlt.report.util.lucene.BitUtil,org.pitest.mutationtest.engine.gregor.mutators.RemoveConditionalMutator_ORDER_IF,pop_intersect,299,NO_COVERAGE,none
BitUtil.java,com.xceptance.xlt.report.util.lucene.BitUtil,org.pitest.mutationtest.engine.gregor.mutators.returns.PrimitiveReturnsMutator,pop_intersect,308,NO_COVERAGE,none
BitUtil.java,com.xceptance.xlt.report.util.lucene.BitUtil,org.pitest.mutationtest.engine.gregor.mutators.ConditionalsBoundaryMutator,pop_union,321,NO_COVERAGE,none
BitUtil.java,com.xceptance.xlt.report.util.lucene.BitUtil,org.pitest.mutationtest.engine.gregor.mutators.ConditionalsBoundaryMutator,pop_union,381,NO_COVERAGE,none
BitUtil.java,com.xceptance.xlt.report.util.lucene.BitUtil,org.pitest.mutationtest.engine.gregor.mutators.ConditionalsBoundaryMutator,pop_union,407,NO_COVERAGE,none
BitUtil.java,com.xceptance.xlt.report.util.lucene.BitUtil,org.pitest.mutationtest.engine.gregor.mutators.ConditionalsBoundaryMutator,pop_union,423,NO_COVERAGE,none
BitUtil.java,com.xceptance.xlt.report.util.lucene.BitUtil,org.pitest.mutationtest.engine.gregor.mutators.IncrementsMutator,pop_union,321,NO_COVERAGE,none
BitUtil.java,com.xceptance.xlt.report.util.lucene.BitUtil,org.pitest.mutationtest.engine.gregor.mutators.IncrementsMutator,pop_union,404,NO_COVERAGE,none
BitUtil.java,com.xceptance.xlt.report.util.lucene.BitUtil,org.pitest.mutationtest.engine.gregor.mutators.IncrementsMutator,pop_union,420,NO_COVERAGE,none
BitUtil.java,com.xceptance.xlt.report.util.lucene.BitUtil,org.pitest.mutationtest.engine.gregor.mutators.MathMutator,pop_union,316,NO_COVERAGE,none
BitUtil.java,com.xceptance.xlt.report.util.lucene.BitUtil,org.pitest.mutationtest.engine.gregor.mutators.MathMutator,pop_union,332,NO_COVERAGE,none
BitUtil.java,com.xceptance.xlt.report.util.lucene.BitUtil,org.pitest.mutationtest.engine.gregor.mutators.MathMutator,pop_union,332,NO_COVERAGE,none
BitUtil.java,com.xceptance.xlt.report.util.lucene.BitUtil,org.pitest.mutationtest.engine.gregor.mutators.MathMutator,pop_union,332,NO_COVERAGE,none
BitUtil.java,com.xceptance.xlt.report.util.lucene.BitUtil,org.pitest.mutationtest.engine.gregor.mutators.MathMutator,pop_union,332,NO_COVERAGE,none
BitUtil.java,com.xceptance.xlt.report.util.lucene.BitUtil,org.pitest.mutationtest.engine.gregor.mutators.MathMutator,pop_union,333,NO_COVERAGE,none
BitUtil.java,com.xceptance.xlt.report.util.lucene.BitUtil,org.pitest.mutationtest.engine.gregor.mutators.MathMutator,pop_union,334,NO_COVERAGE,none
BitUtil.java,com.xceptance.xlt.report.util.lucene.BitUtil,org.pitest.mutationtest.engine.gregor.mutators.MathMutator,pop_union,334,NO_COVERAGE,none
BitUtil.java,com.xceptance.xlt.report.util.lucene.BitUtil,org.pitest.mutationtest.engine.gregor.mutators.MathMutator,pop_union,334,NO_COVERAGE,none
BitUtil.java,com.xceptance.xlt.report.util.lucene.BitUtil,org.pitest.mutationtest.engine.gregor.mutators.MathMutator,pop_union,335,NO_COVERAGE,none
BitUtil.java,com.xceptance.xlt.report.util.lucene.BitUtil,org.pitest.mutationtest.engine.gregor.mutators.MathMutator,pop_union,339,NO_COVERAGE,none
BitUtil.java,com.xceptance.xlt.report.util.lucene.BitUtil,org.pitest.mutationtest.engine.gregor.mutators.MathMutator,pop_union,339,NO_COVERAGE,none
BitUtil.java,com.xceptance.xlt.report.util.lucene.BitUtil,org.pitest.mutationtest.engine.gregor.mutators.MathMutator,pop_union,339,NO_COVERAGE,none
BitUtil.java,com.xceptance.xlt.report.util.lucene.BitUtil,org.pitest.mutationtest.engine.gregor.mutators.MathMutator,pop_union,339,NO_COVERAGE,none
BitUtil.java,com.xceptance.xlt.report.util.lucene.BitUtil,org.pitest.mutationtest.engine.gregor.mutators.MathMutator,pop_union,339,NO_COVERAGE,none
BitUtil.java,com.xceptance.xlt.report.util.lucene.BitUtil,org.pitest.mutationtest.engine.gregor.mutators.MathMutator,pop_union,339,NO_COVERAGE,none
BitUtil.java,com.xceptance.xlt.report.util.lucene.BitUtil,org.pitest.mutationtest.engine.gregor.mutators.MathMutator,pop_union,340,NO_COVERAGE,none
BitUtil.java,com.xceptance.xlt.report.util.lucene.BitUtil,org.pitest.mutationtest.engine.gregor.mutators.MathMutator,pop_union,341,NO_COVERAGE,none
BitUtil.java,com.xceptance.xlt.report.util.lucene.BitUtil,org.pitest.mutationtest.engine.gregor.mutators.MathMutator,pop_union,341,NO_COVERAGE,none
BitUtil.java,com.xceptance.xlt.report.util.lucene.BitUtil,org.pitest.mutationtest.engine.gregor.mutators.MathMutator,pop_union,341,NO_COVERAGE,none
BitUtil.java,com.xceptance.xlt.report.util.lucene.BitUtil,org.pitest.mutationtest.engine.gregor.mutators.MathMutator,pop_union,342,NO_COVERAGE,none
BitUtil.java,com.xceptance.xlt.report.util.lucene.BitUtil,org.pitest.mutationtest.engine.gregor.mutators.MathMutator,pop_union,346,NO_COVERAGE,none
BitUtil.java,com.xceptance.xlt.report.util.lucene.BitUtil,org.pitest.mutationtest.engine.gregor.mutators.MathMutator,pop_union,347,NO_COVERAGE,none
BitUtil.java,com.xceptance.xlt.report.util.lucene.BitUtil,org.pitest.mutationtest.engine.gregor.mutators.MathMutator,pop_union,347,NO_COVERAGE,none
BitUtil.java,com.xceptance.xlt.report.util.lucene.BitUtil,org.pitest.mutationtest.engine.gregor.mutators.MathMutator,pop_union,347,NO_COVERAGE,none
BitUtil.java,com.xceptance.xlt.report.util.lucene.BitUtil,org.pitest.mutationtest.engine.gregor.mutators.MathMutator,pop_union,348,NO_COVERAGE,none
BitUtil.java,com.xceptance.xlt.report.util.lucene.BitUtil,org.pitest.mutationtest.engine.gregor.mutators.MathMutator,pop_union,352,NO_COVERAGE,none
BitUtil.java,com.xceptance.xlt.report.util.lucene.BitUtil,org.pitest.mutationtest.engine.gregor.mutators.MathMutator,pop_union,352,NO_COVERAGE,none
BitUtil.java,com.xceptance.xlt.report.util.lucene.BitUtil,org.pitest.mutationtest.engine.gregor.mutators.MathMutator,pop_union,352,NO_COVERAGE,none
BitUtil.java,com.xceptance.xlt.report.util.lucene.BitUtil,org.pitest.mutationtest.engine.gregor.mutators.MathMutator,pop_union,352,NO_COVERAGE,none
BitUtil.java,com.xceptance.xlt.report.util.lucene.BitUtil,org.pitest.mutationtest.engine.gregor.mutators.MathMutator,pop_union,352,NO_COVERAGE,none
BitUtil.java,com.xceptance.xlt.report.util.lucene.BitUtil,org.pitest.mutationtest.engine.gregor.mutators.MathMutator,pop_union,352,NO_COVERAGE,none
BitUtil.java,com.xceptance.xlt.report.util.lucene.BitUtil,org.pitest.mutationtest.engine.gregor.mutators.MathMutator,pop_union,353,NO_COVERAGE,none
BitUtil.java,com.xceptance.xlt.report.util.lucene.BitUtil,org.pitest.mutationtest.engine.gregor.mutators.MathMutator,pop_union,354,NO_COVERAGE,none
BitUtil.java,com.xceptance.xlt.report.util.lucene.BitUtil,org.pitest.mutationtest.engine.gregor.mutators.MathMutator,pop_union,354,NO_COVERAGE,none
BitUtil.java,com.xceptance.xlt.report.util.lucene.BitUtil,org.pitest.mutationtest.engine.gregor.mutators.MathMutator,pop_union,354,NO_COVERAGE,none
BitUtil.java,com.xceptance.xlt.report.util.lucene.BitUtil,org.pitest.mutationtest.engine.gregor.mutators.MathMutator,pop_union,355,NO_COVERAGE,none
BitUtil.java,com.xceptance.xlt.report.util.lucene.BitUtil,org.pitest.mutationtest.engine.gregor.mutators.MathMutator,pop_union,359,NO_COVERAGE,none
BitUtil.java,com.xceptance.xlt.report.util.lucene.BitUtil,org.pitest.mutationtest.engine.gregor.mutators.MathMutator,pop_union,359,NO_COVERAGE,none
BitUtil.java,com.xceptance.xlt.report.util.lucene.BitUtil,org.pitest.mutationtest.engine.gregor.mutators.MathMutator,pop_union,359,NO_COVERAGE,none
BitUtil.java,com.xceptance.xlt.report.util.lucene.BitUtil,org.pitest.mutationtest.engine.gregor.mutators.MathMutator,pop_union,359,NO_COVERAGE,none
BitUtil.java,com.xceptance.xlt.report.util.lucene.BitUtil,org.pitest.mutationtest.engine.gregor.mutators.MathMutator,pop_union,359,NO_COVERAGE,none
BitUtil.java,com.xceptance.xlt.report.util.lucene.BitUtil,org.pitest.mutationtest.engine.gregor.mutators.MathMutator,pop_union,359,NO_COVERAGE,none
BitUtil.java,com.xceptance.xlt.report.util.lucene.BitUtil,org.pitest.mutationtest.engine.gregor.mutators.MathMutator,pop_union,360,NO_COVERAGE,none
BitUtil.java,com.xceptance.xlt.report.util.lucene.BitUtil,org.pitest.mutationtest.engine.gregor.mutators.MathMutator,pop_union,361,NO_COVERAGE,none
BitUtil.java,com.xceptance.xlt.report.util.lucene.BitUtil,org.pitest.mutationtest.engine.gregor.mutators.MathMutator,pop_union,361,NO_COVERAGE,none
BitUtil.java,com.xceptance.xlt.report.util.lucene.BitUtil,org.pitest.mutationtest.engine.gregor.mutators.MathMutator,pop_union,361,NO_COVERAGE,none
BitUtil.java,com.xceptance.xlt.report.util.lucene.BitUtil,org.pitest.mutationtest.engine.gregor.mutators.MathMutator,pop_union,362,NO_COVERAGE,none
BitUtil.java,com.xceptance.xlt.report.util.lucene.BitUtil,org.pitest.mutationtest.engine.gregor.mutators.MathMutator,pop_union,366,NO_COVERAGE,none
BitUtil.java,com.xceptance.xlt.report.util.lucene.BitUtil,org.pitest.mutationtest.engine.gregor.mutators.MathMutator,pop_union,367,NO_COVERAGE,none
BitUtil.java,com.xceptance.xlt.report.util.lucene.BitUtil,org.pitest.mutationtest.engine.gregor.mutators.MathMutator,pop_union,367,NO_COVERAGE,none
BitUtil.java,com.xceptance.xlt.report.util.lucene.BitUtil,org.pitest.mutationtest.engine.gregor.mutators.MathMutator,pop_union,367,NO_COVERAGE,none
BitUtil.java,com.xceptance.xlt.report.util.lucene.BitUtil,org.pitest.mutationtest.engine.gregor.mutators.MathMutator,pop_union,368,NO_COVERAGE,none
BitUtil.java,com.xceptance.xlt.report.util.lucene.BitUtil,org.pitest.mutationtest.engine.gregor.mutators.MathMutator,pop_union,373,NO_COVERAGE,none
BitUtil.java,com.xceptance.xlt.report.util.lucene.BitUtil,org.pitest.mutationtest.engine.gregor.mutators.MathMutator,pop_union,374,NO_COVERAGE,none
BitUtil.java,com.xceptance.xlt.report.util.lucene.BitUtil,org.pitest.mutationtest.engine.gregor.mutators.MathMutator,pop_union,374,NO_COVERAGE,none
BitUtil.java,com.xceptance.xlt.report.util.lucene.BitUtil,org.pitest.mutationtest.engine.gregor.mutators.MathMutator,pop_union,374,NO_COVERAGE,none
BitUtil.java,com.xceptance.xlt.report.util.lucene.BitUtil,org.pitest.mutationtest.engine.gregor.mutators.MathMutator,pop_union,375,NO_COVERAGE,none
BitUtil.java,com.xceptance.xlt.report.util.lucene.BitUtil,org.pitest.mutationtest.engine.gregor.mutators.MathMutator,pop_union,377,NO_COVERAGE,none
BitUtil.java,com.xceptance.xlt.report.util.lucene.BitUtil,org.pitest.mutationtest.engine.gregor.mutators.MathMutator,pop_union,321,NO_COVERAGE,none
BitUtil.java,com.xceptance.xlt.report.util.lucene.BitUtil,org.pitest.mutationtest.engine.gregor.mutators.MathMutator,pop_union,381,NO_COVERAGE,none
BitUtil.java,com.xceptance.xlt.report.util.lucene.BitUtil,org.pitest.mutationtest.engine.gregor.mutators.MathMutator,pop_union,384,NO_COVERAGE,none
BitUtil.java,com.xceptance.xlt.report.util.lucene.BitUtil,org.pitest.mutationtest.engine.gregor.mutators.MathMutator,pop_union,384,NO_COVERAGE,none
BitUtil.java,com.xceptance.xlt.report.util.lucene.BitUtil,org.pitest.mutationtest.engine.gregor.mutators.MathMutator,pop_union,384,NO_COVERAGE,none
BitUtil.java,com.xceptance.xlt.report.util.lucene.BitUtil,org.pitest.mutationtest.engine.gregor.mutators.MathMutator,pop_union,384,NO_COVERAGE,none
BitUtil.java,com.xceptance.xlt.report.util.lucene.BitUtil,org.pitest.mutationtest.engine.gregor.mutators.MathMutator,pop_union,385,NO_COVERAGE,none
BitUtil.java,com.xceptance.xlt.report.util.lucene.BitUtil,org.pitest.mutationtest.engine.gregor.mutators.MathMutator,pop_union,386,NO_COVERAGE,none
BitUtil.java,com.xceptance.xlt.report.util.lucene.BitUtil,org.pitest.mutationtest.engine.gregor.mutators.MathMutator,pop_union,386,NO_COVERAGE,none
BitUtil.java,com.xceptance.xlt.report.util.lucene.BitUtil,org.pitest.mutationtest.engine.gregor.mutators.MathMutator,pop_union,386,NO_COVERAGE,none
BitUtil.java,com.xceptance.xlt.report.util.lucene.BitUtil,org.pitest.mutationtest.engine.gregor.mutators.MathMutator,pop_union,387,NO_COVERAGE,none
BitUtil.java,com.xceptance.xlt.report.util.lucene.BitUtil,org.pitest.mutationtest.engine.gregor.mutators.MathMutator,pop_union,390,NO_COVERAGE,none
BitUtil.java,com.xceptance.xlt.report.util.lucene.BitUtil,org.pitest.mutationtest.engine.gregor.mutators.MathMutator,pop_union,390,NO_COVERAGE,none
BitUtil.java,com.xceptance.xlt.report.util.lucene.BitUtil,org.pitest.mutationtest.engine.gregor.mutators.MathMutator,pop_union,390,NO_COVERAGE,none
BitUtil.java,com.xceptance.xlt.report.util.lucene.BitUtil,org.pitest.mutationtest.engine.gregor.mutators.MathMutator,pop_union,390,NO_COVERAGE,none
BitUtil.java,com.xceptance.xlt.report.util.lucene.BitUtil,org.pitest.mutationtest.engine.gregor.mutators.MathMutator,pop_union,390,NO_COVERAGE,none
BitUtil.java,com.xceptance.xlt.report.util.lucene.BitUtil,org.pitest.mutationtest.engine.gregor.mutators.MathMutator,pop_union,390,NO_COVERAGE,none
BitUtil.java,com.xceptance.xlt.report.util.lucene.BitUtil,org.pitest.mutationtest.engine.gregor.mutators.MathMutator,pop_union,391,NO_COVERAGE,none
BitUtil.java,com.xceptance.xlt.report.util.lucene.BitUtil,org.pitest.mutationtest.engine.gregor.mutators.MathMutator,pop_union,392,NO_COVERAGE,none
BitUtil.java,com.xceptance.xlt.report.util.lucene.BitUtil,org.pitest.mutationtest.engine.gregor.mutators.MathMutator,pop_union,392,NO_COVERAGE,none
BitUtil.java,com.xceptance.xlt.report.util.lucene.BitUtil,org.pitest.mutationtest.engine.gregor.mutators.MathMutator,pop_union,392,NO_COVERAGE,none
BitUtil.java,com.xceptance.xlt.report.util.lucene.BitUtil,org.pitest.mutationtest.engine.gregor.mutators.MathMutator,pop_union,393,NO_COVERAGE,none
BitUtil.java,com.xceptance.xlt.report.util.lucene.BitUtil,org.pitest.mutationtest.engine.gregor.mutators.MathMutator,pop_union,396,NO_COVERAGE,none
BitUtil.java,com.xceptance.xlt.report.util.lucene.BitUtil,org.pitest.mutationtest.engine.gregor.mutators.MathMutator,pop_union,397,NO_COVERAGE,none
BitUtil.java,com.xceptance.xlt.report.util.lucene.BitUtil,org.pitest.mutationtest.engine.gregor.mutators.MathMutator,pop_union,397,NO_COVERAGE,none
BitUtil.java,com.xceptance.xlt.report.util.lucene.BitUtil,org.pitest.mutationtest.engine.gregor.mutators.MathMutator,pop_union,397,NO_COVERAGE,none
BitUtil.java,com.xceptance.xlt.report.util.lucene.BitUtil,org.pitest.mutationtest.engine.gregor.mutators.MathMutator,pop_union,398,NO_COVERAGE,none
BitUtil.java,com.xceptance.xlt.report.util.lucene.BitUtil,org.pitest.mutationtest.engine.gregor.mutators.MathMutator,pop_union,400,NO_COVERAGE,none
BitUtil.java,com.xceptance.xlt.report.util.lucene.BitUtil,org.pitest.mutationtest.engine.gregor.mutators.MathMutator,pop_union,401,NO_COVERAGE,none
BitUtil.java,com.xceptance.xlt.report.util.lucene.BitUtil,org.pitest.mutationtest.engine.gregor.mutators.MathMutator,pop_union,403,NO_COVERAGE,none
BitUtil.java,com.xceptance.xlt.report.util.lucene.BitUtil,org.pitest.mutationtest.engine.gregor.mutators.MathMutator,pop_union,407,NO_COVERAGE,none
BitUtil.java,com.xceptance.xlt.report.util.lucene.BitUtil,org.pitest.mutationtest.engine.gregor.mutators.MathMutator,pop_union,408,NO_COVERAGE,none
BitUtil.java,com.xceptance.xlt.report.util.lucene.BitUtil,org.pitest.mutationtest.engine.gregor.mutators.MathMutator,pop_union,408,NO_COVERAGE,none
BitUtil.java,com.xceptance.xlt.report.util.lucene.BitUtil,org.pitest.mutationtest.engine.gregor.mutators.MathMutator,pop_union,408,NO_COVERAGE,none
BitUtil.java,com.xceptance.xlt.report.util.lucene.BitUtil,org.pitest.mutationtest.engine.gregor.mutators.MathMutator,pop_union,408,NO_COVERAGE,none
BitUtil.java,com.xceptance.xlt.report.util.lucene.BitUtil,org.pitest.mutationtest.engine.gregor.mutators.MathMutator,pop_union,409,NO_COVERAGE,none
BitUtil.java,com.xceptance.xlt.report.util.lucene.BitUtil,org.pitest.mutationtest.engine.gregor.mutators.MathMutator,pop_union,410,NO_COVERAGE,none
BitUtil.java,com.xceptance.xlt.report.util.lucene.BitUtil,org.pitest.mutationtest.engine.gregor.mutators.MathMutator,pop_union,410,NO_COVERAGE,none
BitUtil.java,com.xceptance.xlt.report.util.lucene.BitUtil,org.pitest.mutationtest.engine.gregor.mutators.MathMutator,pop_union,410,NO_COVERAGE,none
BitUtil.java,com.xceptance.xlt.report.util.lucene.BitUtil,org.pitest.mutationtest.engine.gregor.mutators.MathMutator,pop_union,411,NO_COVERAGE,none
BitUtil.java,com.xceptance.xlt.report.util.lucene.BitUtil,org.pitest.mutationtest.engine.gregor.mutators.MathMutator,pop_union,413,NO_COVERAGE,none
BitUtil.java,com.xceptance.xlt.report.util.lucene.BitUtil,org.pitest.mutationtest.engine.gregor.mutators.MathMutator,pop_union,414,NO_COVERAGE,none
BitUtil.java,com.xceptance.xlt.report.util.lucene.BitUtil,org.pitest.mutationtest.engine.gregor.mutators.MathMutator,pop_union,416,NO_COVERAGE,none
BitUtil.java,com.xceptance.xlt.report.util.lucene.BitUtil,org.pitest.mutationtest.engine.gregor.mutators.MathMutator,pop_union,417,NO_COVERAGE,none
BitUtil.java,com.xceptance.xlt.report.util.lucene.BitUtil,org.pitest.mutationtest.engine.gregor.mutators.MathMutator,pop_union,419,NO_COVERAGE,none
BitUtil.java,com.xceptance.xlt.report.util.lucene.BitUtil,org.pitest.mutationtest.engine.gregor.mutators.MathMutator,pop_union,424,NO_COVERAGE,none
BitUtil.java,com.xceptance.xlt.report.util.lucene.BitUtil,org.pitest.mutationtest.engine.gregor.mutators.MathMutator,pop_union,424,NO_COVERAGE,none
BitUtil.java,com.xceptance.xlt.report.util.lucene.BitUtil,org.pitest.mutationtest.engine.gregor.mutators.MathMutator,pop_union,427,NO_COVERAGE,none
BitUtil.java,com.xceptance.xlt.report.util.lucene.BitUtil,org.pitest.mutationtest.engine.gregor.mutators.MathMutator,pop_union,428,NO_COVERAGE,none
BitUtil.java,com.xceptance.xlt.report.util.lucene.BitUtil,org.pitest.mutationtest.engine.gregor.mutators.MathMutator,pop_union,427,NO_COVERAGE,none
BitUtil.java,com.xceptance.xlt.report.util.lucene.BitUtil,org.pitest.mutationtest.engine.gregor.mutators.MathMutator,pop_union,427,NO_COVERAGE,none
BitUtil.java,com.xceptance.xlt.report.util.lucene.BitUtil,org.pitest.mutationtest.engine.gregor.mutators.MathMutator,pop_union,430,NO_COVERAGE,none
BitUtil.java,com.xceptance.xlt.report.util.lucene.BitUtil,org.pitest.mutationtest.engine.gregor.mutators.MathMutator,pop_union,427,NO_COVERAGE,none
BitUtil.java,com.xceptance.xlt.report.util.lucene.BitUtil,org.pitest.mutationtest.engine.gregor.mutators.MathMutator,pop_union,427,NO_COVERAGE,none
BitUtil.java,com.xceptance.xlt.report.util.lucene.BitUtil,org.pitest.mutationtest.engine.gregor.mutators.RemoveConditionalMutator_ORDER_ELSE,pop_union,321,NO_COVERAGE,none
BitUtil.java,com.xceptance.xlt.report.util.lucene.BitUtil,org.pitest.mutationtest.engine.gregor.mutators.RemoveConditionalMutator_ORDER_ELSE,pop_union,381,NO_COVERAGE,none
BitUtil.java,com.xceptance.xlt.report.util.lucene.BitUtil,org.pitest.mutationtest.engine.gregor.mutators.RemoveConditionalMutator_ORDER_ELSE,pop_union,407,NO_COVERAGE,none
BitUtil.java,com.xceptance.xlt.report.util.lucene.BitUtil,org.pitest.mutationtest.engine.gregor.mutators.RemoveConditionalMutator_ORDER_ELSE,pop_union,423,NO_COVERAGE,none
BitUtil.java,com.xceptance.xlt.report.util.lucene.BitUtil,org.pitest.mutationtest.engine.gregor.mutators.RemoveConditionalMutator_ORDER_IF,pop_union,321,NO_COVERAGE,none
BitUtil.java,com.xceptance.xlt.report.util.lucene.BitUtil,org.pitest.mutationtest.engine.gregor.mutators.RemoveConditionalMutator_ORDER_IF,pop_union,381,NO_COVERAGE,none
BitUtil.java,com.xceptance.xlt.report.util.lucene.BitUtil,org.pitest.mutationtest.engine.gregor.mutators.RemoveConditionalMutator_ORDER_IF,pop_union,407,NO_COVERAGE,none
BitUtil.java,com.xceptance.xlt.report.util.lucene.BitUtil,org.pitest.mutationtest.engine.gregor.mutators.RemoveConditionalMutator_ORDER_IF,pop_union,423,NO_COVERAGE,none
BitUtil.java,com.xceptance.xlt.report.util.lucene.BitUtil,org.pitest.mutationtest.engine.gregor.mutators.returns.PrimitiveReturnsMutator,pop_union,432,NO_COVERAGE,none
BitUtil.java,com.xceptance.xlt.report.util.lucene.BitUtil,org.pitest.mutationtest.engine.gregor.mutators.ConditionalsBoundaryMutator,pop_xor,565,NO_COVERAGE,none
BitUtil.java,com.xceptance.xlt.report.util.lucene.BitUtil,org.pitest.mutationtest.engine.gregor.mutators.ConditionalsBoundaryMutator,pop_xor,625,NO_COVERAGE,none
BitUtil.java,com.xceptance.xlt.report.util.lucene.BitUtil,org.pitest.mutationtest.engine.gregor.mutators.ConditionalsBoundaryMutator,pop_xor,651,NO_COVERAGE,none
BitUtil.java,com.xceptance.xlt.report.util.lucene.BitUtil,org.pitest.mutationtest.engine.gregor.mutators.ConditionalsBoundaryMutator,pop_xor,667,NO_COVERAGE,none
BitUtil.java,com.xceptance.xlt.report.util.lucene.BitUtil,org.pitest.mutationtest.engine.gregor.mutators.IncrementsMutator,pop_xor,565,NO_COVERAGE,none
BitUtil.java,com.xceptance.xlt.report.util.lucene.BitUtil,org.pitest.mutationtest.engine.gregor.mutators.IncrementsMutator,pop_xor,648,NO_COVERAGE,none
BitUtil.java,com.xceptance.xlt.report.util.lucene.BitUtil,org.pitest.mutationtest.engine.gregor.mutators.IncrementsMutator,pop_xor,664,NO_COVERAGE,none
BitUtil.java,com.xceptance.xlt.report.util.lucene.BitUtil,org.pitest.mutationtest.engine.gregor.mutators.MathMutator,pop_xor,560,NO_COVERAGE,none
BitUtil.java,com.xceptance.xlt.report.util.lucene.BitUtil,org.pitest.mutationtest.engine.gregor.mutators.MathMutator,pop_xor,576,NO_COVERAGE,none
BitUtil.java,com.xceptance.xlt.report.util.lucene.BitUtil,org.pitest.mutationtest.engine.gregor.mutators.MathMutator,pop_xor,576,NO_COVERAGE,none
BitUtil.java,com.xceptance.xlt.report.util.lucene.BitUtil,org.pitest.mutationtest.engine.gregor.mutators.MathMutator,pop_xor,576,NO_COVERAGE,none
BitUtil.java,com.xceptance.xlt.report.util.lucene.BitUtil,org.pitest.mutationtest.engine.gregor.mutators.MathMutator,pop_xor,576,NO_COVERAGE,none
BitUtil.java,com.xceptance.xlt.report.util.lucene.BitUtil,org.pitest.mutationtest.engine.gregor.mutators.MathMutator,pop_xor,577,NO_COVERAGE,none
BitUtil.java,com.xceptance.xlt.report.util.lucene.BitUtil,org.pitest.mutationtest.engine.gregor.mutators.MathMutator,pop_xor,578,NO_COVERAGE,none
BitUtil.java,com.xceptance.xlt.report.util.lucene.BitUtil,org.pitest.mutationtest.engine.gregor.mutators.MathMutator,pop_xor,578,NO_COVERAGE,none
BitUtil.java,com.xceptance.xlt.report.util.lucene.BitUtil,org.pitest.mutationtest.engine.gregor.mutators.MathMutator,pop_xor,578,NO_COVERAGE,none
BitUtil.java,com.xceptance.xlt.report.util.lucene.BitUtil,org.pitest.mutationtest.engine.gregor.mutators.MathMutator,pop_xor,579,NO_COVERAGE,none
BitUtil.java,com.xceptance.xlt.report.util.lucene.BitUtil,org.pitest.mutationtest.engine.gregor.mutators.MathMutator,pop_xor,583,NO_COVERAGE,none
BitUtil.java,com.xceptance.xlt.report.util.lucene.BitUtil,org.pitest.mutationtest.engine.gregor.mutators.MathMutator,pop_xor,583,NO_COVERAGE,none
BitUtil.java,com.xceptance.xlt.report.util.lucene.BitUtil,org.pitest.mutationtest.engine.gregor.mutators.MathMutator,pop_xor,583,NO_COVERAGE,none
BitUtil.java,com.xceptance.xlt.report.util.lucene.BitUtil,org.pitest.mutationtest.engine.gregor.mutators.MathMutator,pop_xor,583,NO_COVERAGE,none
BitUtil.java,com.xceptance.xlt.report.util.lucene.BitUtil,org.pitest.mutationtest.engine.gregor.mutators.MathMutator,pop_xor,583,NO_COVERAGE,none
BitUtil.java,com.xceptance.xlt.report.util.lucene.BitUtil,org.pitest.mutationtest.engine.gregor.mutators.MathMutator,pop_xor,583,NO_COVERAGE,none
BitUtil.java,com.xceptance.xlt.report.util.lucene.BitUtil,org.pitest.mutationtest.engine.gregor.mutators.MathMutator,pop_xor,584,NO_COVERAGE,none
BitUtil.java,com.xceptance.xlt.report.util.lucene.BitUtil,org.pitest.mutationtest.engine.gregor.mutators.MathMutator,pop_xor,585,NO_COVERAGE,none
BitUtil.java,com.xceptance.xlt.report.util.lucene.BitUtil,org.pitest.mutationtest.engine.gregor.mutators.MathMutator,pop_xor,585,NO_COVERAGE,none
BitUtil.java,com.xceptance.xlt.report.util.lucene.BitUtil,org.pitest.mutationtest.engine.gregor.mutators.MathMutator,pop_xor,585,NO_COVERAGE,none
BitUtil.java,com.xceptance.xlt.report.util.lucene.BitUtil,org.pitest.mutationtest.engine.gregor.mutators.MathMutator,pop_xor,586,NO_COVERAGE,none
BitUtil.java,com.xceptance.xlt.report.util.lucene.BitUtil,org.pitest.mutationtest.engine.gregor.mutators.MathMutator,pop_xor,590,NO_COVERAGE,none
BitUtil.java,com.xceptance.xlt.report.util.lucene.BitUtil,org.pitest.mutationtest.engine.gregor.mutators.MathMutator,pop_xor,591,NO_COVERAGE,none
BitUtil.java,com.xceptance.xlt.report.util.lucene.BitUtil,org.pitest.mutationtest.engine.gregor.mutators.MathMutator,pop_xor,591,NO_COVERAGE,none
BitUtil.java,com.xceptance.xlt.report.util.lucene.BitUtil,org.pitest.mutationtest.engine.gregor.mutators.MathMutator,pop_xor,591,NO_COVERAGE,none
BitUtil.java,com.xceptance.xlt.report.util.lucene.BitUtil,org.pitest.mutationtest.engine.gregor.mutators.MathMutator,pop_xor,592,NO_COVERAGE,none
BitUtil.java,com.xceptance.xlt.report.util.lucene.BitUtil,org.pitest.mutationtest.engine.gregor.mutators.MathMutator,pop_xor,596,NO_COVERAGE,none
BitUtil.java,com.xceptance.xlt.report.util.lucene.BitUtil,org.pitest.mutationtest.engine.gregor.mutators.MathMutator,pop_xor,596,NO_COVERAGE,none
BitUtil.java,com.xceptance.xlt.report.util.lucene.BitUtil,org.pitest.mutationtest.engine.gregor.mutators.MathMutator,pop_xor,596,NO_COVERAGE,none
BitUtil.java,com.xceptance.xlt.report.util.lucene.BitUtil,org.pitest.mutationtest.engine.gregor.mutators.MathMutator,pop_xor,596,NO_COVERAGE,none
BitUtil.java,com.xceptance.xlt.report.util.lucene.BitUtil,org.pitest.mutationtest.engine.gregor.mutators.MathMutator,pop_xor,596,NO_COVERAGE,none
BitUtil.java,com.xceptance.xlt.report.util.lucene.BitUtil,org.pitest.mutationtest.engine.gregor.mutators.MathMutator,pop_xor,596,NO_COVERAGE,none
BitUtil.java,com.xceptance.xlt.report.util.lucene.BitUtil,org.pitest.mutationtest.engine.gregor.mutators.MathMutator,pop_xor,597,NO_COVERAGE,none
BitUtil.java,com.xceptance.xlt.report.util.lucene.BitUtil,org.pitest.mutationtest.engine.gregor.mutators.MathMutator,pop_xor,598,NO_COVERAGE,none
BitUtil.java,com.xceptance.xlt.report.util.lucene.BitUtil,org.pitest.mutationtest.engine.gregor.mutators.MathMutator,pop_xor,598,NO_COVERAGE,none
BitUtil.java,com.xceptance.xlt.report.util.lucene.BitUtil,org.pitest.mutationtest.engine.gregor.mutators.MathMutator,pop_xor,598,NO_COVERAGE,none
BitUtil.java,com.xceptance.xlt.report.util.lucene.BitUtil,org.pitest.mutationtest.engine.gregor.mutators.MathMutator,pop_xor,599,NO_COVERAGE,none
BitUtil.java,com.xceptance.xlt.report.util.lucene.BitUtil,org.pitest.mutationtest.engine.gregor.mutators.MathMutator,pop_xor,603,NO_COVERAGE,none
BitUtil.java,com.xceptance.xlt.report.util.lucene.BitUtil,org.pitest.mutationtest.engine.gregor.mutators.MathMutator,pop_xor,603,NO_COVERAGE,none
BitUtil.java,com.xceptance.xlt.report.util.lucene.BitUtil,org.pitest.mutationtest.engine.gregor.mutators.MathMutator,pop_xor,603,NO_COVERAGE,none
BitUtil.java,com.xceptance.xlt.report.util.lucene.BitUtil,org.pitest.mutationtest.engine.gregor.mutators.MathMutator,pop_xor,603,NO_COVERAGE,none
BitUtil.java,com.xceptance.xlt.report.util.lucene.BitUtil,org.pitest.mutationtest.engine.gregor.mutators.MathMutator,pop_xor,603,NO_COVERAGE,none
BitUtil.java,com.xceptance.xlt.report.util.lucene.BitUtil,org.pitest.mutationtest.engine.gregor.mutators.MathMutator,pop_xor,603,NO_COVERAGE,none
BitUtil.java,com.xceptance.xlt.report.util.lucene.BitUtil,org.pitest.mutationtest.engine.gregor.mutators.MathMutator,pop_xor,604,NO_COVERAGE,none
BitUtil.java,com.xceptance.xlt.report.util.lucene.BitUtil,org.pitest.mutationtest.engine.gregor.mutators.MathMutator,pop_xor,605,NO_COVERAGE,none
BitUtil.java,com.xceptance.xlt.report.util.lucene.BitUtil,org.pitest.mutationtest.engine.gregor.mutators.MathMutator,pop_xor,605,NO_COVERAGE,none
BitUtil.java,com.xceptance.xlt.report.util.lucene.BitUtil,org.pitest.mutationtest.engine.gregor.mutators.MathMutator,pop_xor,605,NO_COVERAGE,none
BitUtil.java,com.xceptance.xlt.report.util.lucene.BitUtil,org.pitest.mutationtest.engine.gregor.mutators.MathMutator,pop_xor,606,NO_COVERAGE,none
BitUtil.java,com.xceptance.xlt.report.util.lucene.BitUtil,org.pitest.mutationtest.engine.gregor.mutators.MathMutator,pop_xor,610,NO_COVERAGE,none
BitUtil.java,com.xceptance.xlt.report.util.lucene.BitUtil,org.pitest.mutationtest.engine.gregor.mutators.MathMutator,pop_xor,611,NO_COVERAGE,none
BitUtil.java,com.xceptance.xlt.report.util.lucene.BitUtil,org.pitest.mutationtest.engine.gregor.mutators.MathMutator,pop_xor,611,NO_COVERAGE,none
BitUtil.java,com.xceptance.xlt.report.util.lucene.BitUtil,org.pitest.mutationtest.engine.gregor.mutators.MathMutator,pop_xor,611,NO_COVERAGE,none
BitUtil.java,com.xceptance.xlt.report.util.lucene.BitUtil,org.pitest.mutationtest.engine.gregor.mutators.MathMutator,pop_xor,612,NO_COVERAGE,none
BitUtil.java,com.xceptance.xlt.report.util.lucene.BitUtil,org.pitest.mutationtest.engine.gregor.mutators.MathMutator,pop_xor,617,NO_COVERAGE,none
BitUtil.java,com.xceptance.xlt.report.util.lucene.BitUtil,org.pitest.mutationtest.engine.gregor.mutators.MathMutator,pop_xor,618,NO_COVERAGE,none
BitUtil.java,com.xceptance.xlt.report.util.lucene.BitUtil,org.pitest.mutationtest.engine.gregor.mutators.MathMutator,pop_xor,618,NO_COVERAGE,none
BitUtil.java,com.xceptance.xlt.report.util.lucene.BitUtil,org.pitest.mutationtest.engine.gregor.mutators.MathMutator,pop_xor,618,NO_COVERAGE,none
BitUtil.java,com.xceptance.xlt.report.util.lucene.BitUtil,org.pitest.mutationtest.engine.gregor.mutators.MathMutator,pop_xor,619,NO_COVERAGE,none
BitUtil.java,com.xceptance.xlt.report.util.lucene.BitUtil,org.pitest.mutationtest.engine.gregor.mutators.MathMutator,pop_xor,621,NO_COVERAGE,none
BitUtil.java,com.xceptance.xlt.report.util.lucene.BitUtil,org.pitest.mutationtest.engine.gregor.mutators.MathMutator,pop_xor,565,NO_COVERAGE,none
BitUtil.java,com.xceptance.xlt.report.util.lucene.BitUtil,org.pitest.mutationtest.engine.gregor.mutators.MathMutator,pop_xor,625,NO_COVERAGE,none
BitUtil.java,com.xceptance.xlt.report.util.lucene.BitUtil,org.pitest.mutationtest.engine.gregor.mutators.MathMutator,pop_xor,628,NO_COVERAGE,none
BitUtil.java,com.xceptance.xlt.report.util.lucene.BitUtil,org.pitest.mutationtest.engine.gregor.mutators.MathMutator,pop_xor,628,NO_COVERAGE,none
BitUtil.java,com.xceptance.xlt.report.util.lucene.BitUtil,org.pitest.mutationtest.engine.gregor.mutators.MathMutator,pop_xor,628,NO_COVERAGE,none
BitUtil.java,com.xceptance.xlt.report.util.lucene.BitUtil,org.pitest.mutationtest.engine.gregor.mutators.MathMutator,pop_xor,628,NO_COVERAGE,none
BitUtil.java,com.xceptance.xlt.report.util.lucene.BitUtil,org.pitest.mutationtest.engine.gregor.mutators.MathMutator,pop_xor,629,NO_COVERAGE,none
BitUtil.java,com.xceptance.xlt.report.util.lucene.BitUtil,org.pitest.mutationtest.engine.gregor.mutators.MathMutator,pop_xor,630,NO_COVERAGE,none
BitUtil.java,com.xceptance.xlt.report.util.lucene.BitUtil,org.pitest.mutationtest.engine.gregor.mutators.MathMutator,pop_xor,630,NO_COVERAGE,none
BitUtil.java,com.xceptance.xlt.report.util.lucene.BitUtil,org.pitest.mutationtest.engine.gregor.mutators.MathMutator,pop_xor,630,NO_COVERAGE,none
BitUtil.java,com.xceptance.xlt.report.util.lucene.BitUtil,org.pitest.mutationtest.engine.gregor.mutators.MathMutator,pop_xor,631,NO_COVERAGE,none
BitUtil.java,com.xceptance.xlt.report.util.lucene.BitUtil,org.pitest.mutationtest.engine.gregor.mutators.MathMutator,pop_xor,634,NO_COVERAGE,none
BitUtil.java,com.xceptance.xlt.report.util.lucene.BitUtil,org.pitest.mutationtest.engine.gregor.mutators.MathMutator,pop_xor,634,NO_COVERAGE,none
BitUtil.java,com.xceptance.xlt.report.util.lucene.BitUtil,org.pitest.mutationtest.engine.gregor.mutators.MathMutator,pop_xor,634,NO_COVERAGE,none
BitUtil.java,com.xceptance.xlt.report.util.lucene.BitUtil,org.pitest.mutationtest.engine.gregor.mutators.MathMutator,pop_xor,634,NO_COVERAGE,none
BitUtil.java,com.xceptance.xlt.report.util.lucene.BitUtil,org.pitest.mutationtest.engine.gregor.mutators.MathMutator,pop_xor,634,NO_COVERAGE,none
BitUtil.java,com.xceptance.xlt.report.util.lucene.BitUtil,org.pitest.mutationtest.engine.gregor.mutators.MathMutator,pop_xor,634,NO_COVERAGE,none
BitUtil.java,com.xceptance.xlt.report.util.lucene.BitUtil,org.pitest.mutationtest.engine.gregor.mutators.MathMutator,pop_xor,635,NO_COVERAGE,none
BitUtil.java,com.xceptance.xlt.report.util.lucene.BitUtil,org.pitest.mutationtest.engine.gregor.mutators.MathMutator,pop_xor,636,NO_COVERAGE,none
BitUtil.java,com.xceptance.xlt.report.util.lucene.BitUtil,org.pitest.mutationtest.engine.gregor.mutators.MathMutator,pop_xor,636,NO_COVERAGE,none
BitUtil.java,com.xceptance.xlt.report.util.lucene.BitUtil,org.pitest.mutationtest.engine.gregor.mutators.MathMutator,pop_xor,636,NO_COVERAGE,none
BitUtil.java,com.xceptance.xlt.report.util.lucene.BitUtil,org.pitest.mutationtest.engine.gregor.mutators.MathMutator,pop_xor,637,NO_COVERAGE,none
BitUtil.java,com.xceptance.xlt.report.util.lucene.BitUtil,org.pitest.mutationtest.engine.gregor.mutators.MathMutator,pop_xor,640,NO_COVERAGE,none
BitUtil.java,com.xceptance.xlt.report.util.lucene.BitUtil,org.pitest.mutationtest.engine.gregor.mutators.MathMutator,pop_xor,641,NO_COVERAGE,none
BitUtil.java,com.xceptance.xlt.report.util.lucene.BitUtil,org.pitest.mutationtest.engine.gregor.mutators.MathMutator,pop_xor,641,NO_COVERAGE,none
BitUtil.java,com.xceptance.xlt.report.util.lucene.BitUtil,org.pitest.mutationtest.engine.gregor.mutators.MathMutator,pop_xor,641,NO_COVERAGE,none
BitUtil.java,com.xceptance.xlt.report.util.lucene.BitUtil,org.pitest.mutationtest.engine.gregor.mutators.MathMutator,pop_xor,642,NO_COVERAGE,none
BitUtil.java,com.xceptance.xlt.report.util.lucene.BitUtil,org.pitest.mutationtest.engine.gregor.mutators.MathMutator,pop_xor,644,NO_COVERAGE,none
BitUtil.java,com.xceptance.xlt.report.util.lucene.BitUtil,org.pitest.mutationtest.engine.gregor.mutators.MathMutator,pop_xor,645,NO_COVERAGE,none
BitUtil.java,com.xceptance.xlt.report.util.lucene.BitUtil,org.pitest.mutationtest.engine.gregor.mutators.MathMutator,pop_xor,647,NO_COVERAGE,none
BitUtil.java,com.xceptance.xlt.report.util.lucene.BitUtil,org.pitest.mutationtest.engine.gregor.mutators.MathMutator,pop_xor,651,NO_COVERAGE,none
BitUtil.java,com.xceptance.xlt.report.util.lucene.BitUtil,org.pitest.mutationtest.engine.gregor.mutators.MathMutator,pop_xor,652,NO_COVERAGE,none
BitUtil.java,com.xceptance.xlt.report.util.lucene.BitUtil,org.pitest.mutationtest.engine.gregor.mutators.MathMutator,pop_xor,652,NO_COVERAGE,none
BitUtil.java,com.xceptance.xlt.report.util.lucene.BitUtil,org.pitest.mutationtest.engine.gregor.mutators.MathMutator,pop_xor,652,NO_COVERAGE,none
BitUtil.java,com.xceptance.xlt.report.util.lucene.BitUtil,org.pitest.mutationtest.engine.gregor.mutators.MathMutator,pop_xor,652,NO_COVERAGE,none
BitUtil.java,com.xceptance.xlt.report.util.lucene.BitUtil,org.pitest.mutationtest.engine.gregor.mutators.MathMutator,pop_xor,653,NO_COVERAGE,none
BitUtil.java,com.xceptance.xlt.report.util.lucene.BitUtil,org.pitest.mutationtest.engine.gregor.mutators.MathMutator,pop_xor,654,NO_COVERAGE,none
BitUtil.java,com.xceptance.xlt.report.util.lucene.BitUtil,org.pitest.mutationtest.engine.gregor.mutators.MathMutator,pop_xor,654,NO_COVERAGE,none
BitUtil.java,com.xceptance.xlt.report.util.lucene.BitUtil,org.pitest.mutationtest.engine.gregor.mutators.MathMutator,pop_xor,654,NO_COVERAGE,none
BitUtil.java,com.xceptance.xlt.report.util.lucene.BitUtil,org.pitest.mutationtest.engine.gregor.mutators.MathMutator,pop_xor,655,NO_COVERAGE,none
BitUtil.java,com.xceptance.xlt.report.util.lucene.BitUtil,org.pitest.mutationtest.engine.gregor.mutators.MathMutator,pop_xor,657,NO_COVERAGE,none
BitUtil.java,com.xceptance.xlt.report.util.lucene.BitUtil,org.pitest.mutationtest.engine.gregor.mutators.MathMutator,pop_xor,658,NO_COVERAGE,none
BitUtil.java,com.xceptance.xlt.report.util.lucene.BitUtil,org.pitest.mutationtest.engine.gregor.mutators.MathMutator,pop_xor,660,NO_COVERAGE,none
BitUtil.java,com.xceptance.xlt.report.util.lucene.BitUtil,org.pitest.mutationtest.engine.gregor.mutators.MathMutator,pop_xor,661,NO_COVERAGE,none
BitUtil.java,com.xceptance.xlt.report.util.lucene.BitUtil,org.pitest.mutationtest.engine.gregor.mutators.MathMutator,pop_xor,663,NO_COVERAGE,none
BitUtil.java,com.xceptance.xlt.report.util.lucene.BitUtil,org.pitest.mutationtest.engine.gregor.mutators.MathMutator,pop_xor,668,NO_COVERAGE,none
BitUtil.java,com.xceptance.xlt.report.util.lucene.BitUtil,org.pitest.mutationtest.engine.gregor.mutators.MathMutator,pop_xor,668,NO_COVERAGE,none
BitUtil.java,com.xceptance.xlt.report.util.lucene.BitUtil,org.pitest.mutationtest.engine.gregor.mutators.MathMutator,pop_xor,671,NO_COVERAGE,none
BitUtil.java,com.xceptance.xlt.report.util.lucene.BitUtil,org.pitest.mutationtest.engine.gregor.mutators.MathMutator,pop_xor,672,NO_COVERAGE,none
BitUtil.java,com.xceptance.xlt.report.util.lucene.BitUtil,org.pitest.mutationtest.engine.gregor.mutators.MathMutator,pop_xor,671,NO_COVERAGE,none
BitUtil.java,com.xceptance.xlt.report.util.lucene.BitUtil,org.pitest.mutationtest.engine.gregor.mutators.MathMutator,pop_xor,671,NO_COVERAGE,none
BitUtil.java,com.xceptance.xlt.report.util.lucene.BitUtil,org.pitest.mutationtest.engine.gregor.mutators.MathMutator,pop_xor,674,NO_COVERAGE,none
BitUtil.java,com.xceptance.xlt.report.util.lucene.BitUtil,org.pitest.mutationtest.engine.gregor.mutators.MathMutator,pop_xor,671,NO_COVERAGE,none
BitUtil.java,com.xceptance.xlt.report.util.lucene.BitUtil,org.pitest.mutationtest.engine.gregor.mutators.MathMutator,pop_xor,671,NO_COVERAGE,none
BitUtil.java,com.xceptance.xlt.report.util.lucene.BitUtil,org.pitest.mutationtest.engine.gregor.mutators.RemoveConditionalMutator_ORDER_ELSE,pop_xor,565,NO_COVERAGE,none
BitUtil.java,com.xceptance.xlt.report.util.lucene.BitUtil,org.pitest.mutationtest.engine.gregor.mutators.RemoveConditionalMutator_ORDER_ELSE,pop_xor,625,NO_COVERAGE,none
BitUtil.java,com.xceptance.xlt.report.util.lucene.BitUtil,org.pitest.mutationtest.engine.gregor.mutators.RemoveConditionalMutator_ORDER_ELSE,pop_xor,651,NO_COVERAGE,none
BitUtil.java,com.xceptance.xlt.report.util.lucene.BitUtil,org.pitest.mutationtest.engine.gregor.mutators.RemoveConditionalMutator_ORDER_ELSE,pop_xor,667,NO_COVERAGE,none
BitUtil.java,com.xceptance.xlt.report.util.lucene.BitUtil,org.pitest.mutationtest.engine.gregor.mutators.RemoveConditionalMutator_ORDER_IF,pop_xor,565,NO_COVERAGE,none
BitUtil.java,com.xceptance.xlt.report.util.lucene.BitUtil,org.pitest.mutationtest.engine.gregor.mutators.RemoveConditionalMutator_ORDER_IF,pop_xor,625,NO_COVERAGE,none
BitUtil.java,com.xceptance.xlt.report.util.lucene.BitUtil,org.pitest.mutationtest.engine.gregor.mutators.RemoveConditionalMutator_ORDER_IF,pop_xor,651,NO_COVERAGE,none
BitUtil.java,com.xceptance.xlt.report.util.lucene.BitUtil,org.pitest.mutationtest.engine.gregor.mutators.RemoveConditionalMutator_ORDER_IF,pop_xor,667,NO_COVERAGE,none
BitUtil.java,com.xceptance.xlt.report.util.lucene.BitUtil,org.pitest.mutationtest.engine.gregor.mutators.returns.PrimitiveReturnsMutator,pop_xor,676,NO_COVERAGE,none
LRUClockMap.java,org.jugsaxony.demo4.LRUClockMap,org.pitest.mutationtest.engine.gregor.mutators.ConditionalsBoundaryMutator,<init>,108,KILLED,org.jugsaxony.demo4.LRUClockMapTest.[engine:junit-jupiter]/[class:org.jugsaxony.demo4.LRUClockMapTest]/[method:testConstructor()]
LRUClockMap.java,org.jugsaxony.demo4.LRUClockMap,org.pitest.mutationtest.engine.gregor.mutators.MathMutator,<init>,115,TIMED_OUT,none
LRUClockMap.java,org.jugsaxony.demo4.LRUClockMap,org.pitest.mutationtest.engine.gregor.mutators.RemoveConditionalMutator_ORDER_ELSE,<init>,108,KILLED,org.jugsaxony.demo4.LRUClockMapTest.[engine:junit-jupiter]/[class:org.jugsaxony.demo4.LRUClockMapTest]/[method:testConstructor()]
LRUClockMap.java,org.jugsaxony.demo4.LRUClockMap,org.pitest.mutationtest.engine.gregor.mutators.RemoveConditionalMutator_ORDER_IF,<init>,108,KILLED,org.jugsaxony.demo4.LRUClockMapTest.[engine:junit-jupiter]/[class:org.jugsaxony.demo4.LRUClockMapTest]/[method:testConstructor()]
LRUClockMap.java,org.jugsaxony.demo4.LRUClockMap,org.pitest.mutationtest.engine.gregor.mutators.ConditionalsBoundaryMutator,arraySize,570,SURVIVED,none
LRUClockMap.java,org.jugsaxony.demo4.LRUClockMap,org.pitest.mutationtest.engine.gregor.mutators.MathMutator,arraySize,569,TIMED_OUT,none
LRUClockMap.java,org.jugsaxony.demo4.LRUClockMap,org.pitest.mutationtest.engine.gregor.mutators.RemoveConditionalMutator_ORDER_ELSE,arraySize,570,SURVIVED,none
LRUClockMap.java,org.jugsaxony.demo4.LRUClockMap,org.pitest.mutationtest.engine.gregor.mutators.RemoveConditionalMutator_ORDER_IF,arraySize,570,KILLED,org.jugsaxony.demo4.LRUClockMapTest.[engine:junit-jupiter]/[class:org.jugsaxony.demo4.LRUClockMapTest]/[method:testConstructor()]
LRUClockMap.java,org.jugsaxony.demo4.LRUClockMap,org.pitest.mutationtest.engine.gregor.mutators.returns.PrimitiveReturnsMutator,arraySize,574,KILLED,org.jugsaxony.demo4.LRUClockMapTest.[engine:junit-jupiter]/[class:org.jugsaxony.demo4.LRUClockMapTest]/[method:testBasicPutAndGet()]
LRUClockMap.java,org.jugsaxony.demo4.LRUClockMap,org.pitest.mutationtest.engine.gregor.mutators.VoidMethodCallMutator,clear,532,KILLED,org.jugsaxony.demo4.LRUClockMapTest.[engine:junit-jupiter]/[class:org.jugsaxony.demo4.LRUClockMapTest]/[method:testClear()]
LRUClockMap.java,org.jugsaxony.demo4.LRUClockMap,org.pitest.mutationtest.engine.gregor.mutators.MathMutator,evict,408,SURVIVED,none
LRUClockMap.java,org.jugsaxony.demo4.LRUClockMap,org.pitest.mutationtest.engine.gregor.mutators.MathMutator,evict,408,KILLED,org.jugsaxony.demo4.LRUClockMapTest.[engine:junit-jupiter]/[class:org.jugsaxony.demo4.LRUClockMapTest]/[method:testEviction()]
LRUClockMap.java,org.jugsaxony.demo4.LRUClockMap,org.pitest.mutationtest.engine.gregor.mutators.RemoveConditionalMutator_EQUAL_ELSE,evict,393,TIMED_OUT,none
LRUClockMap.java,org.jugsaxony.demo4.LRUClockMap,org.pitest.mutationtest.engine.gregor.mutators.RemoveConditionalMutator_EQUAL_ELSE,evict,395,TIMED_OUT,none
LRUClockMap.java,org.jugsaxony.demo4.LRUClockMap,org.pitest.mutationtest.engine.gregor.mutators.RemoveConditionalMutator_EQUAL_IF,evict,393,KILLED,org.jugsaxony.demo4.LRUClockMapTest.[engine:junit-jupiter]/[class:org.jugsaxony.demo4.LRUClockMapTest]/[method:testEviction()]
LRUClockMap.java,org.jugsaxony.demo4.LRUClockMap,org.pitest.mutationtest.engine.gregor.mutators.RemoveConditionalMutator_EQUAL_IF,evict,395,SURVIVED,none
LRUClockMap.java,org.jugsaxony.demo4.LRUClockMap,org.pitest.mutationtest.engine.gregor.mutators.VoidMethodCallMutator,evict,398,KILLED,org.jugsaxony.demo4.LRUClockMapTest.[engine:junit-jupiter]/[class:org.jugsaxony.demo4.LRUClockMapTest]/[method:testEviction()]
LRUClockMap.java,org.jugsaxony.demo4.LRUClockMap,org.pitest.mutationtest.engine.gregor.mutators.MathMutator,expensiveGet,214,NO_COVERAGE,none
LRUClockMap.java,org.jugsaxony.demo4.LRUClockMap,org.pitest.mutationtest.engine.gregor.mutators.MathMutator,expensiveGet,214,NO_COVERAGE,none
LRUClockMap.java,org.jugsaxony.demo4.LRUClockMap,org.pitest.mutationtest.engine.gregor.mutators.RemoveConditionalMutator_EQUAL_ELSE,expensiveGet,217,NO_COVERAGE,none
LRUClockMap.java,org.jugsaxony.demo4.LRUClockMap,org.pitest.mutationtest.engine.gregor.mutators.RemoveConditionalMutator_EQUAL_ELSE,expensiveGet,222,NO_COVERAGE,none
LRUClockMap.java,org.jugsaxony.demo4.LRUClockMap,org.pitest.mutationtest.engine.gregor.mutators.RemoveConditionalMutator_EQUAL_ELSE,expensiveGet,224,NO_COVERAGE,none
LRUClockMap.java,org.jugsaxony.demo4.LRUClockMap,org.pitest.mutationtest.engine.gregor.mutators.RemoveConditionalMutator_EQUAL_IF,expensiveGet,217,NO_COVERAGE,none
LRUClockMap.java,org.jugsaxony.demo4.LRUClockMap,org.pitest.mutationtest.engine.gregor.mutators.RemoveConditionalMutator_EQUAL_IF,expensiveGet,222,NO_COVERAGE,none
LRUClockMap.java,org.jugsaxony.demo4.LRUClockMap,org.pitest.mutationtest.engine.gregor.mutators.RemoveConditionalMutator_EQUAL_IF,expensiveGet,224,NO_COVERAGE,none
LRUClockMap.java,org.jugsaxony.demo4.LRUClockMap,org.pitest.mutationtest.engine.gregor.mutators.returns.NullReturnValsMutator,expensiveGet,231,NO_COVERAGE,none
LRUClockMap.java,org.jugsaxony.demo4.LRUClockMap,org.pitest.mutationtest.engine.gregor.mutators.MathMutator,freePositionAndAdjustArray,422,KILLED,org.jugsaxony.demo4.LRUClockMapTest.[engine:junit-jupiter]/[class:org.jugsaxony.demo4.LRUClockMapTest]/[method:testRemove()]
LRUClockMap.java,org.jugsaxony.demo4.LRUClockMap,org.pitest.mutationtest.engine.gregor.mutators.MathMutator,freePositionAndAdjustArray,428,SURVIVED,none
LRUClockMap.java,org.jugsaxony.demo4.LRUClockMap,org.pitest.mutationtest.engine.gregor.mutators.MathMutator,freePositionAndAdjustArray,428,KILLED,org.jugsaxony.demo4.LRUClockMapTest.[engine:junit-jupiter]/[class:org.jugsaxony.demo4.LRUClockMapTest]/[method:testRemove()]
LRUClockMap.java,org.jugsaxony.demo4.LRUClockMap,org.pitest.mutationtest.engine.gregor.mutators.RemoveConditionalMutator_EQUAL_ELSE,freePositionAndAdjustArray,431,KILLED,org.jugsaxony.demo4.LRUClockMapTest.[engine:junit-jupiter]/[class:org.jugsaxony.demo4.LRUClockMapTest]/[method:testRemove()]
LRUClockMap.java,org.jugsaxony.demo4.LRUClockMap,org.pitest.mutationtest.engine.gregor.mutators.RemoveConditionalMutator_EQUAL_IF,freePositionAndAdjustArray,431,SURVIVED,none
LRUClockMap.java,org.jugsaxony.demo4.LRUClockMap,org.pitest.mutationtest.engine.gregor.mutators.VoidMethodCallMutator,freePositionAndAdjustArray,437,KILLED,org.jugsaxony.demo4.LRUClockMapTest.[engine:junit-jupiter]/[class:org.jugsaxony.demo4.LRUClockMapTest]/[method:testRemove()]
LRUClockMap.java,org.jugsaxony.demo4.LRUClockMap,org.pitest.mutationtest.engine.gregor.mutators.MathMutator,get,171,KILLED,org.jugsaxony.demo4.LRUClockMapTest.[engine:junit-jupiter]/[class:org.jugsaxony.demo4.LRUClockMapTest]/[method:testBasicPutAndGet()]
LRUClockMap.java,org.jugsaxony.demo4.LRUClockMap,org.pitest.mutationtest.engine.gregor.mutators.RemoveConditionalMutator_EQUAL_ELSE,get,174,KILLED,org.jugsaxony.demo4.LRUClockMapTest.[engine:junit-jupiter]/[class:org.jugsaxony.demo4.LRUClockMapTest]/[method:testClear()]
LRUClockMap.java,org.jugsaxony.demo4.LRUClockMap,org.pitest.mutationtest.engine.gregor.mutators.RemoveConditionalMutator_EQUAL_ELSE,get,179,KILLED,org.jugsaxony.demo4.LRUClockMapTest.[engine:junit-jupiter]/[class:org.jugsaxony.demo4.LRUClockMapTest]/[method:testBasicPutAndGet()]
LRUClockMap.java,org.jugsaxony.demo4.LRUClockMap,org.pitest.mutationtest.engine.gregor.mutators.RemoveConditionalMutator_EQUAL_ELSE,get,181,SURVIVED,none
LRUClockMap.java,org.jugsaxony.demo4.LRUClockMap,org.pitest.mutationtest.engine.gregor.mutators.RemoveConditionalMutator_EQUAL_IF,get,174,KILLED,org.jugsaxony.demo4.LRUClockMapTest.[engine:junit-jupiter]/[class:org.jugsaxony.demo4.LRUClockMapTest]/[method:testBasicPutAndGet()]
LRUClockMap.java,org.jugsaxony.demo4.LRUClockMap,org.pitest.mutationtest.engine.gregor.mutators.RemoveConditionalMutator_EQUAL_IF,get,179,SURVIVED,none
LRUClockMap.java,org.jugsaxony.demo4.LRUClockMap,org.pitest.mutationtest.engine.gregor.mutators.RemoveConditionalMutator_EQUAL_IF,get,181,SURVIVED,none
LRUClockMap.java,org.jugsaxony.demo4.LRUClockMap,org.pitest.mutationtest.engine.gregor.mutators.returns.NullReturnValsMutator,get,188,KILLED,org.jugsaxony.demo4.LRUClockMapTest.[engine:junit-jupiter]/[class:org.jugsaxony.demo4.LRUClockMapTest]/[method:testBasicPutAndGet()]
LRUClockMap.java,org.jugsaxony.demo4.LRUClockMap,org.pitest.mutationtest.engine.gregor.mutators.returns.NullReturnValsMutator,get,196,NO_COVERAGE,none
LRUClockMap.java,org.jugsaxony.demo4.LRUClockMap,org.pitest.mutationtest.engine.gregor.mutators.ConditionalsBoundaryMutator,getDebugData,629,NO_COVERAGE,none
LRUClockMap.java,org.jugsaxony.demo4.LRUClockMap,org.pitest.mutationtest.engine.gregor.mutators.RemoveConditionalMutator_EQUAL_ELSE,getDebugData,632,NO_COVERAGE,none
LRUClockMap.java,org.jugsaxony.demo4.LRUClockMap,org.pitest.mutationtest.engine.gregor.mutators.RemoveConditionalMutator_EQUAL_IF,getDebugData,632,NO_COVERAGE,none
LRUClockMap.java,org.jugsaxony.demo4.LRUClockMap,org.pitest.mutationtest.engine.gregor.mutators.RemoveConditionalMutator_ORDER_ELSE,getDebugData,629,NO_COVERAGE,none
LRUClockMap.java,org.jugsaxony.demo4.LRUClockMap,org.pitest.mutationtest.engine.gregor.mutators.RemoveConditionalMutator_ORDER_IF,getDebugData,629,NO_COVERAGE,none
LRUClockMap.java,org.jugsaxony.demo4.LRUClockMap,org.pitest.mutationtest.engine.gregor.mutators.returns.EmptyObjectReturnValsMutator,getDebugData,642,NO_COVERAGE,none
LRUClockMap.java,org.jugsaxony.demo4.LRUClockMap,org.pitest.mutationtest.engine.gregor.mutators.MathMutator,getRaw,142,KILLED,org.jugsaxony.demo4.LRUClockMapTest.[engine:junit-jupiter]/[class:org.jugsaxony.demo4.LRUClockMapTest]/[method:testGetRawDoesNotAffectLRU()]
LRUClockMap.java,org.jugsaxony.demo4.LRUClockMap,org.pitest.mutationtest.engine.gregor.mutators.MathMutator,getRaw,157,NO_COVERAGE,none
LRUClockMap.java,org.jugsaxony.demo4.LRUClockMap,org.pitest.mutationtest.engine.gregor.mutators.MathMutator,getRaw,157,NO_COVERAGE,none
LRUClockMap.java,org.jugsaxony.demo4.LRUClockMap,org.pitest.mutationtest.engine.gregor.mutators.RemoveConditionalMutator_EQUAL_ELSE,getRaw,148,SURVIVED,none
LRUClockMap.java,org.jugsaxony.demo4.LRUClockMap,org.pitest.mutationtest.engine.gregor.mutators.RemoveConditionalMutator_EQUAL_ELSE,getRaw,152,KILLED,org.jugsaxony.demo4.LRUClockMapTest.[engine:junit-jupiter]/[class:org.jugsaxony.demo4.LRUClockMapTest]/[method:testGetRawDoesNotAffectLRU()]
LRUClockMap.java,org.jugsaxony.demo4.LRUClockMap,org.pitest.mutationtest.engine.gregor.mutators.RemoveConditionalMutator_EQUAL_IF,getRaw,148,KILLED,org.jugsaxony.demo4.LRUClockMapTest.[engine:junit-jupiter]/[class:org.jugsaxony.demo4.LRUClockMapTest]/[method:testGetRawDoesNotAffectLRU()]
LRUClockMap.java,org.jugsaxony.demo4.LRUClockMap,org.pitest.mutationtest.engine.gregor.mutators.RemoveConditionalMutator_EQUAL_IF,getRaw,152,SURVIVED,none
LRUClockMap.java,org.jugsaxony.demo4.LRUClockMap,org.pitest.mutationtest.engine.gregor.mutators.returns.NullReturnValsMutator,getRaw,154,KILLED,org.jugsaxony.demo4.LRUClockMapTest.[engine:junit-jupiter]/[class:org.jugsaxony.demo4.LRUClockMapTest]/[method:testGetRawDoesNotAffectLRU()]
LRUClockMap.java,org.jugsaxony.demo4.LRUClockMap,org.pitest.mutationtest.engine.gregor.mutators.ConditionalsBoundaryMutator,keys,515,NO_COVERAGE,none
LRUClockMap.java,org.jugsaxony.demo4.LRUClockMap,org.pitest.mutationtest.engine.gregor.mutators.IncrementsMutator,keys,515,NO_COVERAGE,none
LRUClockMap.java,org.jugsaxony.demo4.LRUClockMap,org.pitest.mutationtest.engine.gregor.mutators.RemoveConditionalMutator_EQUAL_ELSE,keys,518,NO_COVERAGE,none
LRUClockMap.java,org.jugsaxony.demo4.LRUClockMap,org.pitest.mutationtest.engine.gregor.mutators.RemoveConditionalMutator_EQUAL_IF,keys,518,NO_COVERAGE,none
LRUClockMap.java,org.jugsaxony.demo4.LRUClockMap,org.pitest.mutationtest.engine.gregor.mutators.RemoveConditionalMutator_ORDER_ELSE,keys,515,NO_COVERAGE,none
LRUClockMap.java,org.jugsaxony.demo4.LRUClockMap,org.pitest.mutationtest.engine.gregor.mutators.RemoveConditionalMutator_ORDER_IF,keys,515,NO_COVERAGE,none
LRUClockMap.java,org.jugsaxony.demo4.LRUClockMap,org.pitest.mutationtest.engine.gregor.mutators.returns.EmptyObjectReturnValsMutator,keys,524,NO_COVERAGE,none
LRUClockMap.java,org.jugsaxony.demo4.LRUClockMap,org.pitest.mutationtest.engine.gregor.mutators.MathMutator,mixHash,129,SURVIVED,none
LRUClockMap.java,org.jugsaxony.demo4.LRUClockMap,org.pitest.mutationtest.engine.gregor.mutators.MathMutator,mixHash,129,KILLED,org.jugsaxony.demo4.LRUClockMapTest.[engine:junit-jupiter]/[class:org.jugsaxony.demo4.LRUClockMapTest]/[method:testClockAlgorithmSecondChance()]
LRUClockMap.java,org.jugsaxony.demo4.LRUClockMap,org.pitest.mutationtest.engine.gregor.mutators.returns.PrimitiveReturnsMutator,mixHash,129,KILLED,org.jugsaxony.demo4.LRUClockMapTest.[engine:junit-jupiter]/[class:org.jugsaxony.demo4.LRUClockMapTest]/[method:testClockAlgorithmSecondChance()]
LRUClockMap.java,org.jugsaxony.demo4.LRUClockMap,org.pitest.mutationtest.engine.gregor.mutators.MathMutator,nextPowerOfTwo,550,KILLED,org.jugsaxony.demo4.LRUClockMapTest.[engine:junit-jupiter]/[class:org.jugsaxony.demo4.LRUClockMapTest]/[method:testClockAlgorithmSecondChance()]
LRUClockMap.java,org.jugsaxony.demo4.LRUClockMap,org.pitest.mutationtest.engine.gregor.mutators.MathMutator,nextPowerOfTwo,551,KILLED,org.jugsaxony.demo4.LRUClockMapTest.[engine:junit-jupiter]/[class:org.jugsaxony.demo4.LRUClockMapTest]/[method:testClockAlgorithmSecondChance()]
LRUClockMap.java,org.jugsaxony.demo4.LRUClockMap,org.pitest.mutationtest.engine.gregor.mutators.MathMutator,nextPowerOfTwo,551,TIMED_OUT,none
LRUClockMap.java,org.jugsaxony.demo4.LRUClockMap,org.pitest.mutationtest.engine.gregor.mutators.MathMutator,nextPowerOfTwo,552,KILLED,org.jugsaxony.demo4.LRUClockMapTest.[engine:junit-jupiter]/[class:org.jugsaxony.demo4.LRUClockMapTest]/[method:testClockAlgorithmSecondChance()]
LRUClockMap.java,org.jugsaxony.demo4.LRUClockMap,org.pitest.mutationtest.engine.gregor.mutators.MathMutator,nextPowerOfTwo,552,TIMED_OUT,none
LRUClockMap.java,org.jugsaxony.demo4.LRUClockMap,org.pitest.mutationtest.engine.gregor.mutators.MathMutator,nextPowerOfTwo,553,TIMED_OUT,none
LRUClockMap.java,org.jugsaxony.demo4.LRUClockMap,org.pitest.mutationtest.engine.gregor.mutators.MathMutator,nextPowerOfTwo,553,TIMED_OUT,none
LRUClockMap.java,org.jugsaxony.demo4.LRUClockMap,org.pitest.mutationtest.engine.gregor.mutators.MathMutator,nextPowerOfTwo,554,TIMED_OUT,none
LRUClockMap.java,org.jugsaxony.demo4.LRUClockMap,org.pitest.mutationtest.engine.gregor.mutators.MathMutator,nextPowerOfTwo,554,TIMED_OUT,none
LRUClockMap.java,org.jugsaxony.demo4.LRUClockMap,org.pitest.mutationtest.engine.gregor.mutators.MathMutator,nextPowerOfTwo,555,TIMED_OUT,none
LRUClockMap.java,org.jugsaxony.demo4.LRUClockMap,org.pitest.mutationtest.engine.gregor.mutators.MathMutator,nextPowerOfTwo,555,TIMED_OUT,none
LRUClockMap.java,org.jugsaxony.demo4.LRUClockMap,org.pitest.mutationtest.engine.gregor.mutators.MathMutator,nextPowerOfTwo,557,KILLED,org.jugsaxony.demo4.LRUClockMapTest.[engine:junit-jupiter]/[class:org.jugsaxony.demo4.LRUClockMapTest]/[method:testConstructor()]
LRUClockMap.java,org.jugsaxony.demo4.LRUClockMap,org.pitest.mutationtest.engine.gregor.mutators.MathMutator,nextPowerOfTwo,557,TIMED_OUT,none
LRUClockMap.java,org.jugsaxony.demo4.LRUClockMap,org.pitest.mutationtest.engine.gregor.mutators.MathMutator,nextPowerOfTwo,557,TIMED_OUT,none
LRUClockMap.java,org.jugsaxony.demo4.LRUClockMap,org.pitest.mutationtest.engine.gregor.mutators.RemoveConditionalMutator_EQUAL_ELSE,nextPowerOfTwo,546,SURVIVED,none
LRUClockMap.java,org.jugsaxony.demo4.LRUClockMap,org.pitest.mutationtest.engine.gregor.mutators.RemoveConditionalMutator_EQUAL_IF,nextPowerOfTwo,546,TIMED_OUT,none
LRUClockMap.java,org.jugsaxony.demo4.LRUClockMap,org.pitest.mutationtest.engine.gregor.mutators.returns.PrimitiveReturnsMutator,nextPowerOfTwo,548,NO_COVERAGE,none
LRUClockMap.java,org.jugsaxony.demo4.LRUClockMap,org.pitest.mutationtest.engine.gregor.mutators.returns.PrimitiveReturnsMutator,nextPowerOfTwo,557,TIMED_OUT,none
LRUClockMap.java,org.jugsaxony.demo4.LRUClockMap,org.pitest.mutationtest.engine.gregor.mutators.returns.PrimitiveReturnsMutator,occupiedSpace,481,NO_COVERAGE,none
LRUClockMap.java,org.jugsaxony.demo4.LRUClockMap,org.pitest.mutationtest.engine.gregor.mutators.MathMutator,put,251,KILLED,org.jugsaxony.demo4.LRUClockMapTest.[engine:junit-jupiter]/[class:org.jugsaxony.demo4.LRUClockMapTest]/[method:testBasicPutAndGet()]
LRUClockMap.java,org.jugsaxony.demo4.LRUClockMap,org.pitest.mutationtest.engine.gregor.mutators.RemoveConditionalMutator_EQUAL_ELSE,put,255,KILLED,org.jugsaxony.demo4.LRUClockMapTest.[engine:junit-jupiter]/[class:org.jugsaxony.demo4.LRUClockMapTest]/[method:testEviction()]
LRUClockMap.java,org.jugsaxony.demo4.LRUClockMap,org.pitest.mutationtest.engine.gregor.mutators.RemoveConditionalMutator_EQUAL_ELSE,put,260,SURVIVED,none
LRUClockMap.java,org.jugsaxony.demo4.LRUClockMap,org.pitest.mutationtest.engine.gregor.mutators.RemoveConditionalMutator_EQUAL_IF,put,255,TIMED_OUT,none
LRUClockMap.java,org.jugsaxony.demo4.LRUClockMap,org.pitest.mutationtest.engine.gregor.mutators.RemoveConditionalMutator_EQUAL_IF,put,260,KILLED,org.jugsaxony.demo4.LRUClockMapTest.[engine:junit-jupiter]/[class:org.jugsaxony.demo4.LRUClockMapTest]/[method:testEviction()]
LRUClockMap.java,org.jugsaxony.demo4.LRUClockMap,org.pitest.mutationtest.engine.gregor.mutators.VoidMethodCallMutator,put,266,KILLED,org.jugsaxony.demo4.LRUClockMapTest.[engine:junit-jupiter]/[class:org.jugsaxony.demo4.LRUClockMapTest]/[method:testEviction()]
LRUClockMap.java,org.jugsaxony.demo4.LRUClockMap,org.pitest.mutationtest.engine.gregor.mutators.returns.NullReturnValsMutator,put,263,NO_COVERAGE,none
LRUClockMap.java,org.jugsaxony.demo4.LRUClockMap,org.pitest.mutationtest.engine.gregor.mutators.returns.NullReturnValsMutator,put,271,KILLED,org.jugsaxony.demo4.LRUClockMapTest.[engine:junit-jupiter]/[class:org.jugsaxony.demo4.LRUClockMapTest]/[method:testPutUpdate()]
LRUClockMap.java,org.jugsaxony.demo4.LRUClockMap,org.pitest.mutationtest.engine.gregor.mutators.MathMutator,putInternal,294,KILLED,org.jugsaxony.demo4.LRUClockMapTest.[engine:junit-jupiter]/[class:org.jugsaxony.demo4.LRUClockMapTest]/[method:testBasicPutAndGet()]
LRUClockMap.java,org.jugsaxony.demo4.LRUClockMap,org.pitest.mutationtest.engine.gregor.mutators.MathMutator,putInternal,308,SURVIVED,none
LRUClockMap.java,org.jugsaxony.demo4.LRUClockMap,org.pitest.mutationtest.engine.gregor.mutators.MathMutator,putInternal,308,KILLED,org.jugsaxony.demo4.LRUClockMapTest.[engine:junit-jupiter]/[class:org.jugsaxony.demo4.LRUClockMapTest]/[method:testLargeVolume()]
LRUClockMap.java,org.jugsaxony.demo4.LRUClockMap,org.pitest.mutationtest.engine.gregor.mutators.RemoveConditionalMutator_EQUAL_ELSE,putInternal,289,KILLED,org.jugsaxony.demo4.LRUClockMapTest.[engine:junit-jupiter]/[class:org.jugsaxony.demo4.LRUClockMapTest]/[method:testBasicPutAndGet()]
LRUClockMap.java,org.jugsaxony.demo4.LRUClockMap,org.pitest.mutationtest.engine.gregor.mutators.RemoveConditionalMutator_EQUAL_ELSE,putInternal,298,KILLED,org.jugsaxony.demo4.LRUClockMapTest.[engine:junit-jupiter]/[class:org.jugsaxony.demo4.LRUClockMapTest]/[method:testPutUpdate()]
LRUClockMap.java,org.jugsaxony.demo4.LRUClockMap,org.pitest.mutationtest.engine.gregor.mutators.RemoveConditionalMutator_EQUAL_IF,putInternal,289,KILLED,org.jugsaxony.demo4.LRUClockMapTest.[engine:junit-jupiter]/[class:org.jugsaxony.demo4.LRUClockMapTest]/[method:testPutUpdate()]
LRUClockMap.java,org.jugsaxony.demo4.LRUClockMap,org.pitest.mutationtest.engine.gregor.mutators.RemoveConditionalMutator_EQUAL_IF,putInternal,298,SURVIVED,none
LRUClockMap.java,org.jugsaxony.demo4.LRUClockMap,org.pitest.mutationtest.engine.gregor.mutators.returns.NullReturnValsMutator,putInternal,305,KILLED,org.jugsaxony.demo4.LRUClockMapTest.[engine:junit-jupiter]/[class:org.jugsaxony.demo4.LRUClockMapTest]/[method:testPutUpdate()]
LRUClockMap.java,org.jugsaxony.demo4.LRUClockMap,org.pitest.mutationtest.engine.gregor.mutators.MathMutator,realign,449,KILLED,org.jugsaxony.demo4.LRUClockMapTest.[engine:junit-jupiter]/[class:org.jugsaxony.demo4.LRUClockMapTest]/[method:testRemove()]
LRUClockMap.java,org.jugsaxony.demo4.LRUClockMap,org.pitest.mutationtest.engine.gregor.mutators.MathMutator,realign,461,SURVIVED,none
LRUClockMap.java,org.jugsaxony.demo4.LRUClockMap,org.pitest.mutationtest.engine.gregor.mutators.MathMutator,realign,461,KILLED,org.jugsaxony.demo4.LRUClockMapTest.[engine:junit-jupiter]/[class:org.jugsaxony.demo4.LRUClockMapTest]/[method:testLargeVolume()]
LRUClockMap.java,org.jugsaxony.demo4.LRUClockMap,org.pitest.mutationtest.engine.gregor.mutators.RemoveConditionalMutator_EQUAL_ELSE,realign,455,TIMED_OUT,none
LRUClockMap.java,org.jugsaxony.demo4.LRUClockMap,org.pitest.mutationtest.engine.gregor.mutators.RemoveConditionalMutator_EQUAL_IF,realign,455,SURVIVED,none
LRUClockMap.java,org.jugsaxony.demo4.LRUClockMap,org.pitest.mutationtest.engine.gregor.mutators.MathMutator,remove,357,KILLED,org.jugsaxony.demo4.LRUClockMapTest.[engine:junit-jupiter]/[class:org.jugsaxony.demo4.LRUClockMapTest]/[method:testRemove()]
LRUClockMap.java,org.jugsaxony.demo4.LRUClockMap,org.pitest.mutationtest.engine.gregor.mutators.MathMutator,remove,378,NO_COVERAGE,none
LRUClockMap.java,org.jugsaxony.demo4.LRUClockMap,org.pitest.mutationtest.engine.gregor.mutators.MathMutator,remove,378,NO_COVERAGE,none
LRUClockMap.java,org.jugsaxony.demo4.LRUClockMap,org.pitest.mutationtest.engine.gregor.mutators.RemoveConditionalMutator_EQUAL_ELSE,remove,363,SURVIVED,none
LRUClockMap.java,org.jugsaxony.demo4.LRUClockMap,org.pitest.mutationtest.engine.gregor.mutators.RemoveConditionalMutator_EQUAL_ELSE,remove,369,KILLED,org.jugsaxony.demo4.LRUClockMapTest.[engine:junit-jupiter]/[class:org.jugsaxony.demo4.LRUClockMapTest]/[method:testRemove()]
LRUClockMap.java,org.jugsaxony.demo4.LRUClockMap,org.pitest.mutationtest.engine.gregor.mutators.RemoveConditionalMutator_EQUAL_IF,remove,363,KILLED,org.jugsaxony.demo4.LRUClockMapTest.[engine:junit-jupiter]/[class:org.jugsaxony.demo4.LRUClockMapTest]/[method:testRemove()]
LRUClockMap.java,org.jugsaxony.demo4.LRUClockMap,org.pitest.mutationtest.engine.gregor.mutators.RemoveConditionalMutator_EQUAL_IF,remove,369,SURVIVED,none
LRUClockMap.java,org.jugsaxony.demo4.LRUClockMap,org.pitest.mutationtest.engine.gregor.mutators.VoidMethodCallMutator,remove,373,KILLED,org.jugsaxony.demo4.LRUClockMapTest.[engine:junit-jupiter]/[class:org.jugsaxony.demo4.LRUClockMapTest]/[method:testRemove()]
LRUClockMap.java,org.jugsaxony.demo4.LRUClockMap,org.pitest.mutationtest.engine.gregor.mutators.returns.NullReturnValsMutator,remove,375,KILLED,org.jugsaxony.demo4.LRUClockMapTest.[engine:junit-jupiter]/[class:org.jugsaxony.demo4.LRUClockMapTest]/[method:testRemove()]
LRUClockMap.java,org.jugsaxony.demo4.LRUClockMap,org.pitest.mutationtest.engine.gregor.mutators.returns.PrimitiveReturnsMutator,size,472,KILLED,org.jugsaxony.demo4.LRUClockMapTest.[engine:junit-jupiter]/[class:org.jugsaxony.demo4.LRUClockMapTest]/[method:testBasicPutAndGet()]
LRUClockMap.java,org.jugsaxony.demo4.LRUClockMap,org.pitest.mutationtest.engine.gregor.mutators.ConditionalsBoundaryMutator,toString,583,NO_COVERAGE,none
LRUClockMap.java,org.jugsaxony.demo4.LRUClockMap,org.pitest.mutationtest.engine.gregor.mutators.IncrementsMutator,toString,583,NO_COVERAGE,none
LRUClockMap.java,org.jugsaxony.demo4.LRUClockMap,org.pitest.mutationtest.engine.gregor.mutators.RemoveConditionalMutator_EQUAL_ELSE,toString,586,NO_COVERAGE,none
LRUClockMap.java,org.jugsaxony.demo4.LRUClockMap,org.pitest.mutationtest.engine.gregor.mutators.RemoveConditionalMutator_EQUAL_IF,toString,586,NO_COVERAGE,none
LRUClockMap.java,org.jugsaxony.demo4.LRUClockMap,org.pitest.mutationtest.engine.gregor.mutators.RemoveConditionalMutator_ORDER_ELSE,toString,583,NO_COVERAGE,none
LRUClockMap.java,org.jugsaxony.demo4.LRUClockMap,org.pitest.mutationtest.engine.gregor.mutators.RemoveConditionalMutator_ORDER_IF,toString,583,NO_COVERAGE,none
LRUClockMap.java,org.jugsaxony.demo4.LRUClockMap,org.pitest.mutationtest.engine.gregor.mutators.returns.EmptyObjectReturnValsMutator,toString,599,NO_COVERAGE,none
LRUClockMap.java,org.jugsaxony.demo4.LRUClockMap,org.pitest.mutationtest.engine.gregor.mutators.IncrementsMutator,trueSize,497,NO_COVERAGE,none
LRUClockMap.java,org.jugsaxony.demo4.LRUClockMap,org.pitest.mutationtest.engine.gregor.mutators.RemoveConditionalMutator_EQUAL_ELSE,trueSize,495,NO_COVERAGE,none
LRUClockMap.java,org.jugsaxony.demo4.LRUClockMap,org.pitest.mutationtest.engine.gregor.mutators.RemoveConditionalMutator_EQUAL_IF,trueSize,495,NO_COVERAGE,none
LRUClockMap.java,org.jugsaxony.demo4.LRUClockMap,org.pitest.mutationtest.engine.gregor.mutators.returns.PrimitiveReturnsMutator,trueSize,500,NO_COVERAGE,none
LRUClockMap.java,org.jugsaxony.demo4.LRUClockMap,org.pitest.mutationtest.engine.gregor.mutators.MathMutator,update,344,SURVIVED,none
LRUClockMap.java,org.jugsaxony.demo4.LRUClockMap,org.pitest.mutationtest.engine.gregor.mutators.MathMutator,update,344,KILLED,org.jugsaxony.demo4.LRUClockMapTest.[engine:junit-jupiter]/[class:org.jugsaxony.demo4.LRUClockMapTest]/[method:testLargeVolume()]
LRUClockMap.java,org.jugsaxony.demo4.LRUClockMap,org.pitest.mutationtest.engine.gregor.mutators.RemoveConditionalMutator_EQUAL_ELSE,update,328,KILLED,org.jugsaxony.demo4.LRUClockMapTest.[engine:junit-jupiter]/[class:org.jugsaxony.demo4.LRUClockMapTest]/[method:testEviction()]
LRUClockMap.java,org.jugsaxony.demo4.LRUClockMap,org.pitest.mutationtest.engine.gregor.mutators.RemoveConditionalMutator_EQUAL_ELSE,update,334,SURVIVED,none
LRUClockMap.java,org.jugsaxony.demo4.LRUClockMap,org.pitest.mutationtest.engine.gregor.mutators.RemoveConditionalMutator_EQUAL_IF,update,328,SURVIVED,none
LRUClockMap.java,org.jugsaxony.demo4.LRUClockMap,org.pitest.mutationtest.engine.gregor.mutators.RemoveConditionalMutator_EQUAL_IF,update,334,SURVIVED,none
LRUClockMap.java,org.jugsaxony.demo4.LRUClockMap,org.pitest.mutationtest.engine.gregor.mutators.returns.NullReturnValsMutator,update,341,NO_COVERAGE,none
IntTimeSeries.java,com.xceptance.xlt.report.util.rework.IntTimeSeries,org.pitest.mutationtest.engine.gregor.mutators.VoidMethodCallMutator,<init>,107,NO_COVERAGE,none
IntTimeSeries.java,com.xceptance.xlt.report.util.rework.IntTimeSeries,org.pitest.mutationtest.engine.gregor.mutators.VoidMethodCallMutator,addValue,178,NO_COVERAGE,none
IntTimeSeries.java,com.xceptance.xlt.report.util.rework.IntTimeSeries,org.pitest.mutationtest.engine.gregor.mutators.ConditionalsBoundaryMutator,addValue,132,NO_COVERAGE,none
IntTimeSeries.java,com.xceptance.xlt.report.util.rework.IntTimeSeries,org.pitest.mutationtest.engine.gregor.mutators.ConditionalsBoundaryMutator,addValue,137,NO_COVERAGE,none
IntTimeSeries.java,com.xceptance.xlt.report.util.rework.IntTimeSeries,org.pitest.mutationtest.engine.gregor.mutators.ConditionalsBoundaryMutator,addValue,151,NO_COVERAGE,none
IntTimeSeries.java,com.xceptance.xlt.report.util.rework.IntTimeSeries,org.pitest.mutationtest.engine.gregor.mutators.MathMutator,addValue,129,NO_COVERAGE,none
IntTimeSeries.java,com.xceptance.xlt.report.util.rework.IntTimeSeries,org.pitest.mutationtest.engine.gregor.mutators.MathMutator,addValue,130,NO_COVERAGE,none
IntTimeSeries.java,com.xceptance.xlt.report.util.rework.IntTimeSeries,org.pitest.mutationtest.engine.gregor.mutators.MathMutator,addValue,132,NO_COVERAGE,none
IntTimeSeries.java,com.xceptance.xlt.report.util.rework.IntTimeSeries,org.pitest.mutationtest.engine.gregor.mutators.MathMutator,addValue,137,NO_COVERAGE,none
IntTimeSeries.java,com.xceptance.xlt.report.util.rework.IntTimeSeries,org.pitest.mutationtest.engine.gregor.mutators.MathMutator,addValue,143,NO_COVERAGE,none
IntTimeSeries.java,com.xceptance.xlt.report.util.rework.IntTimeSeries,org.pitest.mutationtest.engine.gregor.mutators.MathMutator,addValue,151,NO_COVERAGE,none
IntTimeSeries.java,com.xceptance.xlt.report.util.rework.IntTimeSeries,org.pitest.mutationtest.engine.gregor.mutators.MathMutator,addValue,153,NO_COVERAGE,none
IntTimeSeries.java,com.xceptance.xlt.report.util.rework.IntTimeSeries,org.pitest.mutationtest.engine.gregor.mutators.MathMutator,addValue,151,NO_COVERAGE,none
IntTimeSeries.java,com.xceptance.xlt.report.util.rework.IntTimeSeries,org.pitest.mutationtest.engine.gregor.mutators.MathMutator,addValue,159,NO_COVERAGE,none
IntTimeSeries.java,com.xceptance.xlt.report.util.rework.IntTimeSeries,org.pitest.mutationtest.engine.gregor.mutators.RemoveConditionalMutator_ORDER_ELSE,addValue,132,NO_COVERAGE,none
IntTimeSeries.java,com.xceptance.xlt.report.util.rework.IntTimeSeries,org.pitest.mutationtest.engine.gregor.mutators.RemoveConditionalMutator_ORDER_ELSE,addValue,137,NO_COVERAGE,none
IntTimeSeries.java,com.xceptance.xlt.report.util.rework.IntTimeSeries,org.pitest.mutationtest.engine.gregor.mutators.RemoveConditionalMutator_ORDER_ELSE,addValue,151,NO_COVERAGE,none
IntTimeSeries.java,com.xceptance.xlt.report.util.rework.IntTimeSeries,org.pitest.mutationtest.engine.gregor.mutators.RemoveConditionalMutator_ORDER_IF,addValue,132,NO_COVERAGE,none
IntTimeSeries.java,com.xceptance.xlt.report.util.rework.IntTimeSeries,org.pitest.mutationtest.engine.gregor.mutators.RemoveConditionalMutator_ORDER_IF,addValue,137,NO_COVERAGE,none
IntTimeSeries.java,com.xceptance.xlt.report.util.rework.IntTimeSeries,org.pitest.mutationtest.engine.gregor.mutators.RemoveConditionalMutator_ORDER_IF,addValue,151,NO_COVERAGE,none
IntTimeSeries.java,com.xceptance.xlt.report.util.rework.IntTimeSeries,org.pitest.mutationtest.engine.gregor.mutators.VoidMethodCallMutator,addValue,134,NO_COVERAGE,none
IntTimeSeries.java,com.xceptance.xlt.report.util.rework.IntTimeSeries,org.pitest.mutationtest.engine.gregor.mutators.VoidMethodCallMutator,addValue,140,NO_COVERAGE,none
IntTimeSeries.java,com.xceptance.xlt.report.util.rework.IntTimeSeries,org.pitest.mutationtest.engine.gregor.mutators.VoidMethodCallMutator,addValue,144,NO_COVERAGE,none
IntTimeSeries.java,com.xceptance.xlt.report.util.rework.IntTimeSeries,org.pitest.mutationtest.engine.gregor.mutators.VoidMethodCallMutator,addValue,154,NO_COVERAGE,none
IntTimeSeries.java,com.xceptance.xlt.report.util.rework.IntTimeSeries,org.pitest.mutationtest.engine.gregor.mutators.VoidMethodCallMutator,addValue,162,NO_COVERAGE,none
IntTimeSeries.java,com.xceptance.xlt.report.util.rework.IntTimeSeries,org.pitest.mutationtest.engine.gregor.mutators.MathMutator,adjustToScale,190,NO_COVERAGE,none
IntTimeSeries.java,com.xceptance.xlt.report.util.rework.IntTimeSeries,org.pitest.mutationtest.engine.gregor.mutators.MathMutator,adjustToScale,190,NO_COVERAGE,none
IntTimeSeries.java,com.xceptance.xlt.report.util.rework.IntTimeSeries,org.pitest.mutationtest.engine.gregor.mutators.returns.PrimitiveReturnsMutator,adjustToScale,190,NO_COVERAGE,none
IntTimeSeries.java,com.xceptance.xlt.report.util.rework.IntTimeSeries,org.pitest.mutationtest.engine.gregor.mutators.VoidMethodCallMutator,calculateOverviewData,411,NO_COVERAGE,none
IntTimeSeries.java,com.xceptance.xlt.report.util.rework.IntTimeSeries,org.pitest.mutationtest.engine.gregor.mutators.returns.NullReturnValsMutator,calculateOverviewData,425,NO_COVERAGE,none
IntTimeSeries.java,com.xceptance.xlt.report.util.rework.IntTimeSeries,org.pitest.mutationtest.engine.gregor.mutators.ConditionalsBoundaryMutator,condense,238,NO_COVERAGE,none
IntTimeSeries.java,com.xceptance.xlt.report.util.rework.IntTimeSeries,org.pitest.mutationtest.engine.gregor.mutators.ConditionalsBoundaryMutator,condense,244,NO_COVERAGE,none
IntTimeSeries.java,com.xceptance.xlt.report.util.rework.IntTimeSeries,org.pitest.mutationtest.engine.gregor.mutators.ConditionalsBoundaryMutator,condense,233,NO_COVERAGE,none
IntTimeSeries.java,com.xceptance.xlt.report.util.rework.IntTimeSeries,org.pitest.mutationtest.engine.gregor.mutators.IncrementsMutator,condense,242,NO_COVERAGE,none
IntTimeSeries.java,com.xceptance.xlt.report.util.rework.IntTimeSeries,org.pitest.mutationtest.engine.gregor.mutators.IncrementsMutator,condense,238,NO_COVERAGE,none
IntTimeSeries.java,com.xceptance.xlt.report.util.rework.IntTimeSeries,org.pitest.mutationtest.engine.gregor.mutators.IncrementsMutator,condense,244,NO_COVERAGE,none
IntTimeSeries.java,com.xceptance.xlt.report.util.rework.IntTimeSeries,org.pitest.mutationtest.engine.gregor.mutators.MathMutator,condense,241,NO_COVERAGE,none
IntTimeSeries.java,com.xceptance.xlt.report.util.rework.IntTimeSeries,org.pitest.mutationtest.engine.gregor.mutators.MathMutator,condense,238,NO_COVERAGE,none
IntTimeSeries.java,com.xceptance.xlt.report.util.rework.IntTimeSeries,org.pitest.mutationtest.engine.gregor.mutators.MathMutator,condense,249,NO_COVERAGE,none
IntTimeSeries.java,com.xceptance.xlt.report.util.rework.IntTimeSeries,org.pitest.mutationtest.engine.gregor.mutators.MathMutator,condense,254,NO_COVERAGE,none
IntTimeSeries.java,com.xceptance.xlt.report.util.rework.IntTimeSeries,org.pitest.mutationtest.engine.gregor.mutators.MathMutator,condense,255,NO_COVERAGE,none
IntTimeSeries.java,com.xceptance.xlt.report.util.rework.IntTimeSeries,org.pitest.mutationtest.engine.gregor.mutators.MathMutator,condense,257,NO_COVERAGE,none
IntTimeSeries.java,com.xceptance.xlt.report.util.rework.IntTimeSeries,org.pitest.mutationtest.engine.gregor.mutators.RemoveConditionalMutator_ORDER_ELSE,condense,238,NO_COVERAGE,none
IntTimeSeries.java,com.xceptance.xlt.report.util.rework.IntTimeSeries,org.pitest.mutationtest.engine.gregor.mutators.RemoveConditionalMutator_ORDER_ELSE,condense,244,NO_COVERAGE,none
IntTimeSeries.java,com.xceptance.xlt.report.util.rework.IntTimeSeries,org.pitest.mutationtest.engine.gregor.mutators.RemoveConditionalMutator_ORDER_ELSE,condense,233,NO_COVERAGE,none
IntTimeSeries.java,com.xceptance.xlt.report.util.rework.IntTimeSeries,org.pitest.mutationtest.engine.gregor.mutators.RemoveConditionalMutator_ORDER_IF,condense,238,NO_COVERAGE,none
IntTimeSeries.java,com.xceptance.xlt.report.util.rework.IntTimeSeries,org.pitest.mutationtest.engine.gregor.mutators.RemoveConditionalMutator_ORDER_IF,condense,244,NO_COVERAGE,none
IntTimeSeries.java,com.xceptance.xlt.report.util.rework.IntTimeSeries,org.pitest.mutationtest.engine.gregor.mutators.RemoveConditionalMutator_ORDER_IF,condense,233,NO_COVERAGE,none
IntTimeSeries.java,com.xceptance.xlt.report.util.rework.IntTimeSeries,org.pitest.mutationtest.engine.gregor.mutators.MathMutator,expandToSeconds,195,NO_COVERAGE,none
IntTimeSeries.java,com.xceptance.xlt.report.util.rework.IntTimeSeries,org.pitest.mutationtest.engine.gregor.mutators.MathMutator,expandToSeconds,195,NO_COVERAGE,none
IntTimeSeries.java,com.xceptance.xlt.report.util.rework.IntTimeSeries,org.pitest.mutationtest.engine.gregor.mutators.returns.PrimitiveReturnsMutator,expandToSeconds,195,NO_COVERAGE,none
IntTimeSeries.java,com.xceptance.xlt.report.util.rework.IntTimeSeries,org.pitest.mutationtest.engine.gregor.mutators.returns.PrimitiveReturnsMutator,getCount,338,NO_COVERAGE,none
IntTimeSeries.java,com.xceptance.xlt.report.util.rework.IntTimeSeries,org.pitest.mutationtest.engine.gregor.mutators.returns.PrimitiveReturnsMutator,getErrorCount,360,NO_COVERAGE,none
IntTimeSeries.java,com.xceptance.xlt.report.util.rework.IntTimeSeries,org.pitest.mutationtest.engine.gregor.mutators.RemoveConditionalMutator_EQUAL_ELSE,getFirstSecond,267,NO_COVERAGE,none
IntTimeSeries.java,com.xceptance.xlt.report.util.rework.IntTimeSeries,org.pitest.mutationtest.engine.gregor.mutators.RemoveConditionalMutator_EQUAL_IF,getFirstSecond,267,NO_COVERAGE,none
IntTimeSeries.java,com.xceptance.xlt.report.util.rework.IntTimeSeries,org.pitest.mutationtest.engine.gregor.mutators.returns.PrimitiveReturnsMutator,getFirstSecond,272,NO_COVERAGE,none
IntTimeSeries.java,com.xceptance.xlt.report.util.rework.IntTimeSeries,org.pitest.mutationtest.engine.gregor.mutators.MathMutator,getLastSecond,287,NO_COVERAGE,none
IntTimeSeries.java,com.xceptance.xlt.report.util.rework.IntTimeSeries,org.pitest.mutationtest.engine.gregor.mutators.RemoveConditionalMutator_EQUAL_ELSE,getLastSecond,282,NO_COVERAGE,none
IntTimeSeries.java,com.xceptance.xlt.report.util.rework.IntTimeSeries,org.pitest.mutationtest.engine.gregor.mutators.RemoveConditionalMutator_EQUAL_IF,getLastSecond,282,NO_COVERAGE,none
IntTimeSeries.java,com.xceptance.xlt.report.util.rework.IntTimeSeries,org.pitest.mutationtest.engine.gregor.mutators.returns.PrimitiveReturnsMutator,getLastSecond,287,NO_COVERAGE,none
IntTimeSeries.java,com.xceptance.xlt.report.util.rework.IntTimeSeries,org.pitest.mutationtest.engine.gregor.mutators.MathMutator,getMean,443,NO_COVERAGE,none
IntTimeSeries.java,com.xceptance.xlt.report.util.rework.IntTimeSeries,org.pitest.mutationtest.engine.gregor.mutators.RemoveConditionalMutator_EQUAL_ELSE,getMean,438,NO_COVERAGE,none
IntTimeSeries.java,com.xceptance.xlt.report.util.rework.IntTimeSeries,org.pitest.mutationtest.engine.gregor.mutators.RemoveConditionalMutator_EQUAL_IF,getMean,438,NO_COVERAGE,none
IntTimeSeries.java,com.xceptance.xlt.report.util.rework.IntTimeSeries,org.pitest.mutationtest.engine.gregor.mutators.returns.PrimitiveReturnsMutator,getMean,443,NO_COVERAGE,none
IntTimeSeries.java,com.xceptance.xlt.report.util.rework.IntTimeSeries,org.pitest.mutationtest.engine.gregor.mutators.returns.PrimitiveReturnsMutator,getPercentile,381,NO_COVERAGE,none
IntTimeSeries.java,com.xceptance.xlt.report.util.rework.IntTimeSeries,org.pitest.mutationtest.engine.gregor.mutators.returns.PrimitiveReturnsMutator,getScale,297,NO_COVERAGE,none
IntTimeSeries.java,com.xceptance.xlt.report.util.rework.IntTimeSeries,org.pitest.mutationtest.engine.gregor.mutators.returns.PrimitiveReturnsMutator,getSize,317,NO_COVERAGE,none
IntTimeSeries.java,com.xceptance.xlt.report.util.rework.IntTimeSeries,org.pitest.mutationtest.engine.gregor.mutators.MathMutator,getSlotWidth,307,NO_COVERAGE,none
IntTimeSeries.java,com.xceptance.xlt.report.util.rework.IntTimeSeries,org.pitest.mutationtest.engine.gregor.mutators.MathMutator,getSlotWidth,307,NO_COVERAGE,none
IntTimeSeries.java,com.xceptance.xlt.report.util.rework.IntTimeSeries,org.pitest.mutationtest.engine.gregor.mutators.returns.PrimitiveReturnsMutator,getSlotWidth,307,NO_COVERAGE,none
IntTimeSeries.java,com.xceptance.xlt.report.util.rework.IntTimeSeries,org.pitest.mutationtest.engine.gregor.mutators.MathMutator,getStandardDeviation,398,NO_COVERAGE,none
IntTimeSeries.java,com.xceptance.xlt.report.util.rework.IntTimeSeries,org.pitest.mutationtest.engine.gregor.mutators.MathMutator,getStandardDeviation,400,NO_COVERAGE,none
IntTimeSeries.java,com.xceptance.xlt.report.util.rework.IntTimeSeries,org.pitest.mutationtest.engine.gregor.mutators.MathMutator,getStandardDeviation,400,NO_COVERAGE,none
IntTimeSeries.java,com.xceptance.xlt.report.util.rework.IntTimeSeries,org.pitest.mutationtest.engine.gregor.mutators.MathMutator,getStandardDeviation,400,NO_COVERAGE,none
IntTimeSeries.java,com.xceptance.xlt.report.util.rework.IntTimeSeries,org.pitest.mutationtest.engine.gregor.mutators.RemoveConditionalMutator_EQUAL_ELSE,getStandardDeviation,394,NO_COVERAGE,none
IntTimeSeries.java,com.xceptance.xlt.report.util.rework.IntTimeSeries,org.pitest.mutationtest.engine.gregor.mutators.RemoveConditionalMutator_EQUAL_IF,getStandardDeviation,394,NO_COVERAGE,none
IntTimeSeries.java,com.xceptance.xlt.report.util.rework.IntTimeSeries,org.pitest.mutationtest.engine.gregor.mutators.returns.PrimitiveReturnsMutator,getStandardDeviation,400,NO_COVERAGE,none
IntTimeSeries.java,com.xceptance.xlt.report.util.rework.IntTimeSeries,org.pitest.mutationtest.engine.gregor.mutators.returns.NullReturnValsMutator,getStatistics,327,NO_COVERAGE,none
IntTimeSeries.java,com.xceptance.xlt.report.util.rework.IntTimeSeries,org.pitest.mutationtest.engine.gregor.mutators.returns.PrimitiveReturnsMutator,getTotalValue,349,NO_COVERAGE,none
IntTimeSeries.java,com.xceptance.xlt.report.util.rework.IntTimeSeries,org.pitest.mutationtest.engine.gregor.mutators.returns.NullReturnValsMutator,getValues,370,NO_COVERAGE,none
IntTimeSeries.java,com.xceptance.xlt.report.util.rework.IntTimeSeries,org.pitest.mutationtest.engine.gregor.mutators.returns.NullReturnValsMutator,lambda$0,107,NO_COVERAGE,none
IntTimeSeries.java,com.xceptance.xlt.report.util.rework.IntTimeSeries,org.pitest.mutationtest.engine.gregor.mutators.MathMutator,lambda$1,418,NO_COVERAGE,none
IntTimeSeries.java,com.xceptance.xlt.report.util.rework.IntTimeSeries,org.pitest.mutationtest.engine.gregor.mutators.MathMutator,lambda$1,419,NO_COVERAGE,none
IntTimeSeries.java,com.xceptance.xlt.report.util.rework.IntTimeSeries,org.pitest.mutationtest.engine.gregor.mutators.MathMutator,lambda$1,420,NO_COVERAGE,none
IntTimeSeries.java,com.xceptance.xlt.report.util.rework.IntTimeSeries,org.pitest.mutationtest.engine.gregor.mutators.RemoveConditionalMutator_EQUAL_ELSE,lambda$1,414,NO_COVERAGE,none
IntTimeSeries.java,com.xceptance.xlt.report.util.rework.IntTimeSeries,org.pitest.mutationtest.engine.gregor.mutators.RemoveConditionalMutator_EQUAL_IF,lambda$1,414,NO_COVERAGE,none
IntTimeSeries.java,com.xceptance.xlt.report.util.rework.IntTimeSeries,org.pitest.mutationtest.engine.gregor.mutators.ConditionalsBoundaryMutator,shiftRight,209,NO_COVERAGE,none
IntTimeSeries.java,com.xceptance.xlt.report.util.rework.IntTimeSeries,org.pitest.mutationtest.engine.gregor.mutators.ConditionalsBoundaryMutator,shiftRight,221,NO_COVERAGE,none
IntTimeSeries.java,com.xceptance.xlt.report.util.rework.IntTimeSeries,org.pitest.mutationtest.engine.gregor.mutators.IncrementsMutator,shiftRight,221,NO_COVERAGE,none
IntTimeSeries.java,com.xceptance.xlt.report.util.rework.IntTimeSeries,org.pitest.mutationtest.engine.gregor.mutators.MathMutator,shiftRight,208,NO_COVERAGE,none
IntTimeSeries.java,com.xceptance.xlt.report.util.rework.IntTimeSeries,org.pitest.mutationtest.engine.gregor.mutators.MathMutator,shiftRight,209,NO_COVERAGE,none
IntTimeSeries.java,com.xceptance.xlt.report.util.rework.IntTimeSeries,org.pitest.mutationtest.engine.gregor.mutators.MathMutator,shiftRight,214,NO_COVERAGE,none
IntTimeSeries.java,com.xceptance.xlt.report.util.rework.IntTimeSeries,org.pitest.mutationtest.engine.gregor.mutators.MathMutator,shiftRight,217,NO_COVERAGE,none
IntTimeSeries.java,com.xceptance.xlt.report.util.rework.IntTimeSeries,org.pitest.mutationtest.engine.gregor.mutators.MathMutator,shiftRight,218,NO_COVERAGE,none
IntTimeSeries.java,com.xceptance.xlt.report.util.rework.IntTimeSeries,org.pitest.mutationtest.engine.gregor.mutators.MathMutator,shiftRight,226,NO_COVERAGE,none
IntTimeSeries.java,com.xceptance.xlt.report.util.rework.IntTimeSeries,org.pitest.mutationtest.engine.gregor.mutators.RemoveConditionalMutator_EQUAL_ELSE,shiftRight,200,NO_COVERAGE,none
IntTimeSeries.java,com.xceptance.xlt.report.util.rework.IntTimeSeries,org.pitest.mutationtest.engine.gregor.mutators.RemoveConditionalMutator_EQUAL_IF,shiftRight,200,NO_COVERAGE,none
IntTimeSeries.java,com.xceptance.xlt.report.util.rework.IntTimeSeries,org.pitest.mutationtest.engine.gregor.mutators.RemoveConditionalMutator_ORDER_ELSE,shiftRight,209,NO_COVERAGE,none
IntTimeSeries.java,com.xceptance.xlt.report.util.rework.IntTimeSeries,org.pitest.mutationtest.engine.gregor.mutators.RemoveConditionalMutator_ORDER_ELSE,shiftRight,221,NO_COVERAGE,none
IntTimeSeries.java,com.xceptance.xlt.report.util.rework.IntTimeSeries,org.pitest.mutationtest.engine.gregor.mutators.RemoveConditionalMutator_ORDER_IF,shiftRight,209,NO_COVERAGE,none
IntTimeSeries.java,com.xceptance.xlt.report.util.rework.IntTimeSeries,org.pitest.mutationtest.engine.gregor.mutators.RemoveConditionalMutator_ORDER_IF,shiftRight,221,NO_COVERAGE,none
IntTimeSeries.java,com.xceptance.xlt.report.util.rework.IntTimeSeries,org.pitest.mutationtest.engine.gregor.mutators.VoidMethodCallMutator,shiftRight,214,NO_COVERAGE,none
IntTimeSeries.java,com.xceptance.xlt.report.util.rework.IntTimeSeries,org.pitest.mutationtest.engine.gregor.mutators.VoidMethodCallMutator,shiftRight,218,NO_COVERAGE,none
IntTimeSeries.java,com.xceptance.xlt.report.util.rework.IntTimeSeries,org.pitest.mutationtest.engine.gregor.mutators.ConditionalsBoundaryMutator,toHistogram,467,NO_COVERAGE,none
IntTimeSeries.java,com.xceptance.xlt.report.util.rework.IntTimeSeries,org.pitest.mutationtest.engine.gregor.mutators.IncrementsMutator,toHistogram,467,NO_COVERAGE,none
IntTimeSeries.java,com.xceptance.xlt.report.util.rework.IntTimeSeries,org.pitest.mutationtest.engine.gregor.mutators.MathMutator,toHistogram,465,NO_COVERAGE,none
IntTimeSeries.java,com.xceptance.xlt.report.util.rework.IntTimeSeries,org.pitest.mutationtest.engine.gregor.mutators.MathMutator,toHistogram,465,NO_COVERAGE,none
IntTimeSeries.java,com.xceptance.xlt.report.util.rework.IntTimeSeries,org.pitest.mutationtest.engine.gregor.mutators.MathMutator,toHistogram,469,NO_COVERAGE,none
IntTimeSeries.java,com.xceptance.xlt.report.util.rework.IntTimeSeries,org.pitest.mutationtest.engine.gregor.mutators.MathMutator,toHistogram,469,NO_COVERAGE,none
IntTimeSeries.java,com.xceptance.xlt.report.util.rework.IntTimeSeries,org.pitest.mutationtest.engine.gregor.mutators.MathMutator,toHistogram,471,NO_COVERAGE,none
IntTimeSeries.java,com.xceptance.xlt.report.util.rework.IntTimeSeries,org.pitest.mutationtest.engine.gregor.mutators.MathMutator,toHistogram,471,NO_COVERAGE,none
IntTimeSeries.java,com.xceptance.xlt.report.util.rework.IntTimeSeries,org.pitest.mutationtest.engine.gregor.mutators.MathMutator,toHistogram,471,NO_COVERAGE,none
IntTimeSeries.java,com.xceptance.xlt.report.util.rework.IntTimeSeries,org.pitest.mutationtest.engine.gregor.mutators.MathMutator,toHistogram,471,NO_COVERAGE,none
IntTimeSeries.java,com.xceptance.xlt.report.util.rework.IntTimeSeries,org.pitest.mutationtest.engine.gregor.mutators.MathMutator,toHistogram,471,NO_COVERAGE,none
IntTimeSeries.java,com.xceptance.xlt.report.util.rework.IntTimeSeries,org.pitest.mutationtest.engine.gregor.mutators.MathMutator,toHistogram,471,NO_COVERAGE,none
IntTimeSeries.java,com.xceptance.xlt.report.util.rework.IntTimeSeries,org.pitest.mutationtest.engine.gregor.mutators.MathMutator,toHistogram,471,NO_COVERAGE,none
IntTimeSeries.java,com.xceptance.xlt.report.util.rework.IntTimeSeries,org.pitest.mutationtest.engine.gregor.mutators.MathMutator,toHistogram,471,NO_COVERAGE,none
IntTimeSeries.java,com.xceptance.xlt.report.util.rework.IntTimeSeries,org.pitest.mutationtest.engine.gregor.mutators.RemoveConditionalMutator_EQUAL_ELSE,toHistogram,456,NO_COVERAGE,none
IntTimeSeries.java,com.xceptance.xlt.report.util.rework.IntTimeSeries,org.pitest.mutationtest.engine.gregor.mutators.RemoveConditionalMutator_EQUAL_ELSE,toHistogram,469,NO_COVERAGE,none
IntTimeSeries.java,com.xceptance.xlt.report.util.rework.IntTimeSeries,org.pitest.mutationtest.engine.gregor.mutators.RemoveConditionalMutator_EQUAL_ELSE,toHistogram,471,NO_COVERAGE,none
IntTimeSeries.java,com.xceptance.xlt.report.util.rework.IntTimeSeries,org.pitest.mutationtest.engine.gregor.mutators.RemoveConditionalMutator_EQUAL_IF,toHistogram,456,NO_COVERAGE,none
IntTimeSeries.java,com.xceptance.xlt.report.util.rework.IntTimeSeries,org.pitest.mutationtest.engine.gregor.mutators.RemoveConditionalMutator_EQUAL_IF,toHistogram,469,NO_COVERAGE,none
IntTimeSeries.java,com.xceptance.xlt.report.util.rework.IntTimeSeries,org.pitest.mutationtest.engine.gregor.mutators.RemoveConditionalMutator_EQUAL_IF,toHistogram,471,NO_COVERAGE,none
IntTimeSeries.java,com.xceptance.xlt.report.util.rework.IntTimeSeries,org.pitest.mutationtest.engine.gregor.mutators.RemoveConditionalMutator_ORDER_ELSE,toHistogram,467,NO_COVERAGE,none
IntTimeSeries.java,com.xceptance.xlt.report.util.rework.IntTimeSeries,org.pitest.mutationtest.engine.gregor.mutators.RemoveConditionalMutator_ORDER_IF,toHistogram,467,NO_COVERAGE,none
IntTimeSeries.java,com.xceptance.xlt.report.util.rework.IntTimeSeries,org.pitest.mutationtest.engine.gregor.mutators.returns.EmptyObjectReturnValsMutator,toHistogram,458,NO_COVERAGE,none
IntTimeSeries.java,com.xceptance.xlt.report.util.rework.IntTimeSeries,org.pitest.mutationtest.engine.gregor.mutators.returns.EmptyObjectReturnValsMutator,toHistogram,478,NO_COVERAGE,none
IntTimeSeriesEntry.java,com.xceptance.xlt.report.util.rework.IntTimeSeriesEntry,org.pitest.mutationtest.engine.gregor.mutators.VoidMethodCallMutator,<init>,75,KILLED,com.xceptance.xlt.report.util.rework.IntTimeSeriesEntryTest.[engine:junit-jupiter]/[class:com.xceptance.xlt.report.util.rework.IntTimeSeriesEntryTest]/[method:testMerge()]
IntTimeSeriesEntry.java,com.xceptance.xlt.report.util.rework.IntTimeSeriesEntry,org.pitest.mutationtest.engine.gregor.mutators.RemoveConditionalMutator_EQUAL_ELSE,equals,334,NO_COVERAGE,none
IntTimeSeriesEntry.java,com.xceptance.xlt.report.util.rework.IntTimeSeriesEntry,org.pitest.mutationtest.engine.gregor.mutators.RemoveConditionalMutator_EQUAL_ELSE,equals,338,NO_COVERAGE,none
IntTimeSeriesEntry.java,com.xceptance.xlt.report.util.rework.IntTimeSeriesEntry,org.pitest.mutationtest.engine.gregor.mutators.RemoveConditionalMutator_EQUAL_ELSE,equals,343,NO_COVERAGE,none
IntTimeSeriesEntry.java,com.xceptance.xlt.report.util.rework.IntTimeSeriesEntry,org.pitest.mutationtest.engine.gregor.mutators.RemoveConditionalMutator_EQUAL_ELSE,equals,347,NO_COVERAGE,none
IntTimeSeriesEntry.java,com.xceptance.xlt.report.util.rework.IntTimeSeriesEntry,org.pitest.mutationtest.engine.gregor.mutators.RemoveConditionalMutator_EQUAL_ELSE,equals,351,NO_COVERAGE,none
IntTimeSeriesEntry.java,com.xceptance.xlt.report.util.rework.IntTimeSeriesEntry,org.pitest.mutationtest.engine.gregor.mutators.RemoveConditionalMutator_EQUAL_ELSE,equals,355,NO_COVERAGE,none
IntTimeSeriesEntry.java,com.xceptance.xlt.report.util.rework.IntTimeSeriesEntry,org.pitest.mutationtest.engine.gregor.mutators.RemoveConditionalMutator_EQUAL_ELSE,equals,359,NO_COVERAGE,none
IntTimeSeriesEntry.java,com.xceptance.xlt.report.util.rework.IntTimeSeriesEntry,org.pitest.mutationtest.engine.gregor.mutators.RemoveConditionalMutator_EQUAL_ELSE,equals,363,NO_COVERAGE,none
IntTimeSeriesEntry.java,com.xceptance.xlt.report.util.rework.IntTimeSeriesEntry,org.pitest.mutationtest.engine.gregor.mutators.RemoveConditionalMutator_EQUAL_ELSE,equals,367,NO_COVERAGE,none
IntTimeSeriesEntry.java,com.xceptance.xlt.report.util.rework.IntTimeSeriesEntry,org.pitest.mutationtest.engine.gregor.mutators.RemoveConditionalMutator_EQUAL_ELSE,equals,371,NO_COVERAGE,none
IntTimeSeriesEntry.java,com.xceptance.xlt.report.util.rework.IntTimeSeriesEntry,org.pitest.mutationtest.engine.gregor.mutators.RemoveConditionalMutator_EQUAL_ELSE,equals,375,NO_COVERAGE,none
IntTimeSeriesEntry.java,com.xceptance.xlt.report.util.rework.IntTimeSeriesEntry,org.pitest.mutationtest.engine.gregor.mutators.RemoveConditionalMutator_EQUAL_IF,equals,330,NO_COVERAGE,none
IntTimeSeriesEntry.java,com.xceptance.xlt.report.util.rework.IntTimeSeriesEntry,org.pitest.mutationtest.engine.gregor.mutators.RemoveConditionalMutator_EQUAL_IF,equals,334,NO_COVERAGE,none
IntTimeSeriesEntry.java,com.xceptance.xlt.report.util.rework.IntTimeSeriesEntry,org.pitest.mutationtest.engine.gregor.mutators.RemoveConditionalMutator_EQUAL_IF,equals,338,NO_COVERAGE,none
IntTimeSeriesEntry.java,com.xceptance.xlt.report.util.rework.IntTimeSeriesEntry,org.pitest.mutationtest.engine.gregor.mutators.RemoveConditionalMutator_EQUAL_IF,equals,343,NO_COVERAGE,none
IntTimeSeriesEntry.java,com.xceptance.xlt.report.util.rework.IntTimeSeriesEntry,org.pitest.mutationtest.engine.gregor.mutators.RemoveConditionalMutator_EQUAL_IF,equals,347,NO_COVERAGE,none
IntTimeSeriesEntry.java,com.xceptance.xlt.report.util.rework.IntTimeSeriesEntry,org.pitest.mutationtest.engine.gregor.mutators.RemoveConditionalMutator_EQUAL_IF,equals,351,NO_COVERAGE,none
IntTimeSeriesEntry.java,com.xceptance.xlt.report.util.rework.IntTimeSeriesEntry,org.pitest.mutationtest.engine.gregor.mutators.RemoveConditionalMutator_EQUAL_IF,equals,355,NO_COVERAGE,none
IntTimeSeriesEntry.java,com.xceptance.xlt.report.util.rework.IntTimeSeriesEntry,org.pitest.mutationtest.engine.gregor.mutators.RemoveConditionalMutator_EQUAL_IF,equals,359,NO_COVERAGE,none
IntTimeSeriesEntry.java,com.xceptance.xlt.report.util.rework.IntTimeSeriesEntry,org.pitest.mutationtest.engine.gregor.mutators.RemoveConditionalMutator_EQUAL_IF,equals,363,NO_COVERAGE,none
IntTimeSeriesEntry.java,com.xceptance.xlt.report.util.rework.IntTimeSeriesEntry,org.pitest.mutationtest.engine.gregor.mutators.RemoveConditionalMutator_EQUAL_IF,equals,367,NO_COVERAGE,none
IntTimeSeriesEntry.java,com.xceptance.xlt.report.util.rework.IntTimeSeriesEntry,org.pitest.mutationtest.engine.gregor.mutators.RemoveConditionalMutator_EQUAL_IF,equals,371,NO_COVERAGE,none
IntTimeSeriesEntry.java,com.xceptance.xlt.report.util.rework.IntTimeSeriesEntry,org.pitest.mutationtest.engine.gregor.mutators.RemoveConditionalMutator_EQUAL_IF,equals,375,NO_COVERAGE,none
IntTimeSeriesEntry.java,com.xceptance.xlt.report.util.rework.IntTimeSeriesEntry,org.pitest.mutationtest.engine.gregor.mutators.returns.BooleanFalseReturnValsMutator,equals,332,NO_COVERAGE,none
IntTimeSeriesEntry.java,com.xceptance.xlt.report.util.rework.IntTimeSeriesEntry,org.pitest.mutationtest.engine.gregor.mutators.returns.BooleanFalseReturnValsMutator,equals,379,NO_COVERAGE,none
IntTimeSeriesEntry.java,com.xceptance.xlt.report.util.rework.IntTimeSeriesEntry,org.pitest.mutationtest.engine.gregor.mutators.returns.BooleanTrueReturnValsMutator,equals,336,NO_COVERAGE,none
IntTimeSeriesEntry.java,com.xceptance.xlt.report.util.rework.IntTimeSeriesEntry,org.pitest.mutationtest.engine.gregor.mutators.returns.BooleanTrueReturnValsMutator,equals,340,NO_COVERAGE,none
IntTimeSeriesEntry.java,com.xceptance.xlt.report.util.rework.IntTimeSeriesEntry,org.pitest.mutationtest.engine.gregor.mutators.returns.BooleanTrueReturnValsMutator,equals,345,NO_COVERAGE,none
IntTimeSeriesEntry.java,com.xceptance.xlt.report.util.rework.IntTimeSeriesEntry,org.pitest.mutationtest.engine.gregor.mutators.returns.BooleanTrueReturnValsMutator,equals,349,NO_COVERAGE,none
IntTimeSeriesEntry.java,com.xceptance.xlt.report.util.rework.IntTimeSeriesEntry,org.pitest.mutationtest.engine.gregor.mutators.returns.BooleanTrueReturnValsMutator,equals,353,NO_COVERAGE,none
IntTimeSeriesEntry.java,com.xceptance.xlt.report.util.rework.IntTimeSeriesEntry,org.pitest.mutationtest.engine.gregor.mutators.returns.BooleanTrueReturnValsMutator,equals,357,NO_COVERAGE,none
IntTimeSeriesEntry.java,com.xceptance.xlt.report.util.rework.IntTimeSeriesEntry,org.pitest.mutationtest.engine.gregor.mutators.returns.BooleanTrueReturnValsMutator,equals,361,NO_COVERAGE,none
IntTimeSeriesEntry.java,com.xceptance.xlt.report.util.rework.IntTimeSeriesEntry,org.pitest.mutationtest.engine.gregor.mutators.returns.BooleanTrueReturnValsMutator,equals,365,NO_COVERAGE,none
IntTimeSeriesEntry.java,com.xceptance.xlt.report.util.rework.IntTimeSeriesEntry,org.pitest.mutationtest.engine.gregor.mutators.returns.BooleanTrueReturnValsMutator,equals,369,NO_COVERAGE,none
IntTimeSeriesEntry.java,com.xceptance.xlt.report.util.rework.IntTimeSeriesEntry,org.pitest.mutationtest.engine.gregor.mutators.returns.BooleanTrueReturnValsMutator,equals,373,NO_COVERAGE,none
IntTimeSeriesEntry.java,com.xceptance.xlt.report.util.rework.IntTimeSeriesEntry,org.pitest.mutationtest.engine.gregor.mutators.returns.BooleanTrueReturnValsMutator,equals,377,NO_COVERAGE,none
IntTimeSeriesEntry.java,com.xceptance.xlt.report.util.rework.IntTimeSeriesEntry,org.pitest.mutationtest.engine.gregor.mutators.MathMutator,getAverageValue,177,KILLED,com.xceptance.xlt.report.util.rework.IntTimeSeriesEntryTest.[engine:junit-jupiter]/[class:com.xceptance.xlt.report.util.rework.IntTimeSeriesEntryTest]/[method:testUpdateValue()]
IntTimeSeriesEntry.java,com.xceptance.xlt.report.util.rework.IntTimeSeriesEntry,org.pitest.mutationtest.engine.gregor.mutators.RemoveConditionalMutator_EQUAL_ELSE,getAverageValue,177,SURVIVED,none
IntTimeSeriesEntry.java,com.xceptance.xlt.report.util.rework.IntTimeSeriesEntry,org.pitest.mutationtest.engine.gregor.mutators.RemoveConditionalMutator_EQUAL_IF,getAverageValue,177,KILLED,com.xceptance.xlt.report.util.rework.IntTimeSeriesEntryTest.[engine:junit-jupiter]/[class:com.xceptance.xlt.report.util.rework.IntTimeSeriesEntryTest]/[method:testUpdateValue()]
IntTimeSeriesEntry.java,com.xceptance.xlt.report.util.rework.IntTimeSeriesEntry,org.pitest.mutationtest.engine.gregor.mutators.returns.PrimitiveReturnsMutator,getAverageValue,177,KILLED,com.xceptance.xlt.report.util.rework.IntTimeSeriesEntryTest.[engine:junit-jupiter]/[class:com.xceptance.xlt.report.util.rework.IntTimeSeriesEntryTest]/[method:testUpdateValue()]
IntTimeSeriesEntry.java,com.xceptance.xlt.report.util.rework.IntTimeSeriesEntry,org.pitest.mutationtest.engine.gregor.mutators.returns.PrimitiveReturnsMutator,getConcurrentCount,249,NO_COVERAGE,none
IntTimeSeriesEntry.java,com.xceptance.xlt.report.util.rework.IntTimeSeriesEntry,org.pitest.mutationtest.engine.gregor.mutators.returns.PrimitiveReturnsMutator,getCount,239,KILLED,com.xceptance.xlt.report.util.rework.IntTimeSeriesEntryTest.[engine:junit-jupiter]/[class:com.xceptance.xlt.report.util.rework.IntTimeSeriesEntryTest]/[method:testMerge()]
IntTimeSeriesEntry.java,com.xceptance.xlt.report.util.rework.IntTimeSeriesEntry,org.pitest.mutationtest.engine.gregor.mutators.returns.PrimitiveReturnsMutator,getErrorCount,206,KILLED,com.xceptance.xlt.report.util.rework.IntTimeSeriesEntryTest.[engine:junit-jupiter]/[class:com.xceptance.xlt.report.util.rework.IntTimeSeriesEntryTest]/[method:testUpdateValue()]
IntTimeSeriesEntry.java,com.xceptance.xlt.report.util.rework.IntTimeSeriesEntry,org.pitest.mutationtest.engine.gregor.mutators.RemoveConditionalMutator_EQUAL_ELSE,getMaximumValue,188,SURVIVED,none
IntTimeSeriesEntry.java,com.xceptance.xlt.report.util.rework.IntTimeSeriesEntry,org.pitest.mutationtest.engine.gregor.mutators.RemoveConditionalMutator_EQUAL_IF,getMaximumValue,188,KILLED,com.xceptance.xlt.report.util.rework.IntTimeSeriesEntryTest.[engine:junit-jupiter]/[class:com.xceptance.xlt.report.util.rework.IntTimeSeriesEntryTest]/[method:testMerge()]
IntTimeSeriesEntry.java,com.xceptance.xlt.report.util.rework.IntTimeSeriesEntry,org.pitest.mutationtest.engine.gregor.mutators.returns.PrimitiveReturnsMutator,getMaximumValue,188,KILLED,com.xceptance.xlt.report.util.rework.IntTimeSeriesEntryTest.[engine:junit-jupiter]/[class:com.xceptance.xlt.report.util.rework.IntTimeSeriesEntryTest]/[method:testMerge()]
IntTimeSeriesEntry.java,com.xceptance.xlt.report.util.rework.IntTimeSeriesEntry,org.pitest.mutationtest.engine.gregor.mutators.RemoveConditionalMutator_EQUAL_ELSE,getMinimumValue,198,SURVIVED,none
IntTimeSeriesEntry.java,com.xceptance.xlt.report.util.rework.IntTimeSeriesEntry,org.pitest.mutationtest.engine.gregor.mutators.RemoveConditionalMutator_EQUAL_IF,getMinimumValue,198,KILLED,com.xceptance.xlt.report.util.rework.IntTimeSeriesEntryTest.[engine:junit-jupiter]/[class:com.xceptance.xlt.report.util.rework.IntTimeSeriesEntryTest]/[method:testMerge()]
IntTimeSeriesEntry.java,com.xceptance.xlt.report.util.rework.IntTimeSeriesEntry,org.pitest.mutationtest.engine.gregor.mutators.returns.PrimitiveReturnsMutator,getMinimumValue,198,KILLED,com.xceptance.xlt.report.util.rework.IntTimeSeriesEntryTest.[engine:junit-jupiter]/[class:com.xceptance.xlt.report.util.rework.IntTimeSeriesEntryTest]/[method:testMerge()]
IntTimeSeriesEntry.java,com.xceptance.xlt.report.util.rework.IntTimeSeriesEntry,org.pitest.mutationtest.engine.gregor.mutators.returns.PrimitiveReturnsMutator,getTotalValue,167,NO_COVERAGE,none
IntTimeSeriesEntry.java,com.xceptance.xlt.report.util.rework.IntTimeSeriesEntry,org.pitest.mutationtest.engine.gregor.mutators.ConditionalsBoundaryMutator,getValues,220,SURVIVED,none
IntTimeSeriesEntry.java,com.xceptance.xlt.report.util.rework.IntTimeSeriesEntry,org.pitest.mutationtest.engine.gregor.mutators.ConditionalsBoundaryMutator,getValues,218,SURVIVED,none
IntTimeSeriesEntry.java,com.xceptance.xlt.report.util.rework.IntTimeSeriesEntry,org.pitest.mutationtest.engine.gregor.mutators.IncrementsMutator,getValues,218,TIMED_OUT,none
IntTimeSeriesEntry.java,com.xceptance.xlt.report.util.rework.IntTimeSeriesEntry,org.pitest.mutationtest.engine.gregor.mutators.MathMutator,getValues,220,SURVIVED,none
IntTimeSeriesEntry.java,com.xceptance.xlt.report.util.rework.IntTimeSeriesEntry,org.pitest.mutationtest.engine.gregor.mutators.MathMutator,getValues,220,SURVIVED,none
IntTimeSeriesEntry.java,com.xceptance.xlt.report.util.rework.IntTimeSeriesEntry,org.pitest.mutationtest.engine.gregor.mutators.MathMutator,getValues,221,SURVIVED,none
IntTimeSeriesEntry.java,com.xceptance.xlt.report.util.rework.IntTimeSeriesEntry,org.pitest.mutationtest.engine.gregor.mutators.MathMutator,getValues,221,SURVIVED,none
IntTimeSeriesEntry.java,com.xceptance.xlt.report.util.rework.IntTimeSeriesEntry,org.pitest.mutationtest.engine.gregor.mutators.MathMutator,getValues,221,SURVIVED,none
IntTimeSeriesEntry.java,com.xceptance.xlt.report.util.rework.IntTimeSeriesEntry,org.pitest.mutationtest.engine.gregor.mutators.MathMutator,getValues,222,SURVIVED,none
IntTimeSeriesEntry.java,com.xceptance.xlt.report.util.rework.IntTimeSeriesEntry,org.pitest.mutationtest.engine.gregor.mutators.MathMutator,getValues,222,KILLED,com.xceptance.xlt.report.util.rework.IntTimeSeriesEntryTest.[engine:junit-jupiter]/[class:com.xceptance.xlt.report.util.rework.IntTimeSeriesEntryTest]/[method:testDistinctValuesScaling()]
IntTimeSeriesEntry.java,com.xceptance.xlt.report.util.rework.IntTimeSeriesEntry,org.pitest.mutationtest.engine.gregor.mutators.RemoveConditionalMutator_EQUAL_ELSE,getValues,220,SURVIVED,none
IntTimeSeriesEntry.java,com.xceptance.xlt.report.util.rework.IntTimeSeriesEntry,org.pitest.mutationtest.engine.gregor.mutators.RemoveConditionalMutator_EQUAL_ELSE,getValues,221,SURVIVED,none
IntTimeSeriesEntry.java,com.xceptance.xlt.report.util.rework.IntTimeSeriesEntry,org.pitest.mutationtest.engine.gregor.mutators.RemoveConditionalMutator_EQUAL_ELSE,getValues,223,KILLED,com.xceptance.xlt.report.util.rework.IntTimeSeriesEntryTest.[engine:junit-jupiter]/[class:com.xceptance.xlt.report.util.rework.IntTimeSeriesEntryTest]/[method:testDistinctValuesScaling()]
IntTimeSeriesEntry.java,com.xceptance.xlt.report.util.rework.IntTimeSeriesEntry,org.pitest.mutationtest.engine.gregor.mutators.RemoveConditionalMutator_EQUAL_IF,getValues,220,SURVIVED,none
IntTimeSeriesEntry.java,com.xceptance.xlt.report.util.rework.IntTimeSeriesEntry,org.pitest.mutationtest.engine.gregor.mutators.RemoveConditionalMutator_EQUAL_IF,getValues,221,SURVIVED,none
IntTimeSeriesEntry.java,com.xceptance.xlt.report.util.rework.IntTimeSeriesEntry,org.pitest.mutationtest.engine.gregor.mutators.RemoveConditionalMutator_EQUAL_IF,getValues,223,SURVIVED,none
IntTimeSeriesEntry.java,com.xceptance.xlt.report.util.rework.IntTimeSeriesEntry,org.pitest.mutationtest.engine.gregor.mutators.RemoveConditionalMutator_ORDER_ELSE,getValues,220,SURVIVED,none
IntTimeSeriesEntry.java,com.xceptance.xlt.report.util.rework.IntTimeSeriesEntry,org.pitest.mutationtest.engine.gregor.mutators.RemoveConditionalMutator_ORDER_ELSE,getValues,218,TIMED_OUT,none
IntTimeSeriesEntry.java,com.xceptance.xlt.report.util.rework.IntTimeSeriesEntry,org.pitest.mutationtest.engine.gregor.mutators.RemoveConditionalMutator_ORDER_IF,getValues,220,SURVIVED,none
IntTimeSeriesEntry.java,com.xceptance.xlt.report.util.rework.IntTimeSeriesEntry,org.pitest.mutationtest.engine.gregor.mutators.RemoveConditionalMutator_ORDER_IF,getValues,218,KILLED,com.xceptance.xlt.report.util.rework.IntTimeSeriesEntryTest.[engine:junit-jupiter]/[class:com.xceptance.xlt.report.util.rework.IntTimeSeriesEntryTest]/[method:testDistinctValuesScaling()]
IntTimeSeriesEntry.java,com.xceptance.xlt.report.util.rework.IntTimeSeriesEntry,org.pitest.mutationtest.engine.gregor.mutators.returns.NullReturnValsMutator,getValues,229,KILLED,com.xceptance.xlt.report.util.rework.IntTimeSeriesEntryTest.[engine:junit-jupiter]/[class:com.xceptance.xlt.report.util.rework.IntTimeSeriesEntryTest]/[method:testDistinctValuesScaling()]
IntTimeSeriesEntry.java,com.xceptance.xlt.report.util.rework.IntTimeSeriesEntry,org.pitest.mutationtest.engine.gregor.mutators.ConditionalsBoundaryMutator,merge,262,SURVIVED,none
IntTimeSeriesEntry.java,com.xceptance.xlt.report.util.rework.IntTimeSeriesEntry,org.pitest.mutationtest.engine.gregor.mutators.ConditionalsBoundaryMutator,merge,265,NO_COVERAGE,none
IntTimeSeriesEntry.java,com.xceptance.xlt.report.util.rework.IntTimeSeriesEntry,org.pitest.mutationtest.engine.gregor.mutators.ConditionalsBoundaryMutator,merge,277,SURVIVED,none
IntTimeSeriesEntry.java,com.xceptance.xlt.report.util.rework.IntTimeSeriesEntry,org.pitest.mutationtest.engine.gregor.mutators.ConditionalsBoundaryMutator,merge,280,NO_COVERAGE,none
IntTimeSeriesEntry.java,com.xceptance.xlt.report.util.rework.IntTimeSeriesEntry,org.pitest.mutationtest.engine.gregor.mutators.MathMutator,merge,274,NO_COVERAGE,none
IntTimeSeriesEntry.java,com.xceptance.xlt.report.util.rework.IntTimeSeriesEntry,org.pitest.mutationtest.engine.gregor.mutators.MathMutator,merge,289,NO_COVERAGE,none
IntTimeSeriesEntry.java,com.xceptance.xlt.report.util.rework.IntTimeSeriesEntry,org.pitest.mutationtest.engine.gregor.mutators.MathMutator,merge,296,SURVIVED,none
IntTimeSeriesEntry.java,com.xceptance.xlt.report.util.rework.IntTimeSeriesEntry,org.pitest.mutationtest.engine.gregor.mutators.MathMutator,merge,297,KILLED,com.xceptance.xlt.report.util.rework.IntTimeSeriesEntryTest.[engine:junit-jupiter]/[class:com.xceptance.xlt.report.util.rework.IntTimeSeriesEntryTest]/[method:testMerge()]
IntTimeSeriesEntry.java,com.xceptance.xlt.report.util.rework.IntTimeSeriesEntry,org.pitest.mutationtest.engine.gregor.mutators.MathMutator,merge,301,SURVIVED,none
IntTimeSeriesEntry.java,com.xceptance.xlt.report.util.rework.IntTimeSeriesEntry,org.pitest.mutationtest.engine.gregor.mutators.MathMutator,merge,303,SURVIVED,none
IntTimeSeriesEntry.java,com.xceptance.xlt.report.util.rework.IntTimeSeriesEntry,org.pitest.mutationtest.engine.gregor.mutators.MathMutator,merge,304,SURVIVED,none
IntTimeSeriesEntry.java,com.xceptance.xlt.report.util.rework.IntTimeSeriesEntry,org.pitest.mutationtest.engine.gregor.mutators.RemoveConditionalMutator_ORDER_ELSE,merge,262,SURVIVED,none
IntTimeSeriesEntry.java,com.xceptance.xlt.report.util.rework.IntTimeSeriesEntry,org.pitest.mutationtest.engine.gregor.mutators.RemoveConditionalMutator_ORDER_ELSE,merge,265,NO_COVERAGE,none
IntTimeSeriesEntry.java,com.xceptance.xlt.report.util.rework.IntTimeSeriesEntry,org.pitest.mutationtest.engine.gregor.mutators.RemoveConditionalMutator_ORDER_ELSE,merge,277,SURVIVED,none
IntTimeSeriesEntry.java,com.xceptance.xlt.report.util.rework.IntTimeSeriesEntry,org.pitest.mutationtest.engine.gregor.mutators.RemoveConditionalMutator_ORDER_ELSE,merge,280,NO_COVERAGE,none
IntTimeSeriesEntry.java,com.xceptance.xlt.report.util.rework.IntTimeSeriesEntry,org.pitest.mutationtest.engine.gregor.mutators.RemoveConditionalMutator_ORDER_IF,merge,262,SURVIVED,none
IntTimeSeriesEntry.java,com.xceptance.xlt.report.util.rework.IntTimeSeriesEntry,org.pitest.mutationtest.engine.gregor.mutators.RemoveConditionalMutator_ORDER_IF,merge,265,NO_COVERAGE,none
IntTimeSeriesEntry.java,com.xceptance.xlt.report.util.rework.IntTimeSeriesEntry,org.pitest.mutationtest.engine.gregor.mutators.RemoveConditionalMutator_ORDER_IF,merge,277,SURVIVED,none
IntTimeSeriesEntry.java,com.xceptance.xlt.report.util.rework.IntTimeSeriesEntry,org.pitest.mutationtest.engine.gregor.mutators.RemoveConditionalMutator_ORDER_IF,merge,280,NO_COVERAGE,none
IntTimeSeriesEntry.java,com.xceptance.xlt.report.util.rework.IntTimeSeriesEntry,org.pitest.mutationtest.engine.gregor.mutators.returns.NullReturnValsMutator,merge,306,SURVIVED,none
IntTimeSeriesEntry.java,com.xceptance.xlt.report.util.rework.IntTimeSeriesEntry,org.pitest.mutationtest.engine.gregor.mutators.ConditionalsBoundaryMutator,scaleIfNeeded,138,SURVIVED,none
IntTimeSeriesEntry.java,com.xceptance.xlt.report.util.rework.IntTimeSeriesEntry,org.pitest.mutationtest.engine.gregor.mutators.MathMutator,scaleIfNeeded,135,SURVIVED,none
IntTimeSeriesEntry.java,com.xceptance.xlt.report.util.rework.IntTimeSeriesEntry,org.pitest.mutationtest.engine.gregor.mutators.MathMutator,scaleIfNeeded,149,SURVIVED,none
IntTimeSeriesEntry.java,com.xceptance.xlt.report.util.rework.IntTimeSeriesEntry,org.pitest.mutationtest.engine.gregor.mutators.MathMutator,scaleIfNeeded,149,SURVIVED,none
IntTimeSeriesEntry.java,com.xceptance.xlt.report.util.rework.IntTimeSeriesEntry,org.pitest.mutationtest.engine.gregor.mutators.MathMutator,scaleIfNeeded,154,SURVIVED,none
IntTimeSeriesEntry.java,com.xceptance.xlt.report.util.rework.IntTimeSeriesEntry,org.pitest.mutationtest.engine.gregor.mutators.MathMutator,scaleIfNeeded,154,SURVIVED,none
IntTimeSeriesEntry.java,com.xceptance.xlt.report.util.rework.IntTimeSeriesEntry,org.pitest.mutationtest.engine.gregor.mutators.RemoveConditionalMutator_ORDER_ELSE,scaleIfNeeded,138,TIMED_OUT,none
IntTimeSeriesEntry.java,com.xceptance.xlt.report.util.rework.IntTimeSeriesEntry,org.pitest.mutationtest.engine.gregor.mutators.RemoveConditionalMutator_ORDER_IF,scaleIfNeeded,138,SURVIVED,none
IntTimeSeriesEntry.java,com.xceptance.xlt.report.util.rework.IntTimeSeriesEntry,org.pitest.mutationtest.engine.gregor.mutators.returns.PrimitiveReturnsMutator,scaleIfNeeded,157,SURVIVED,none
IntTimeSeriesEntry.java,com.xceptance.xlt.report.util.rework.IntTimeSeriesEntry,org.pitest.mutationtest.engine.gregor.mutators.returns.EmptyObjectReturnValsMutator,toString,316,NO_COVERAGE,none
IntTimeSeriesEntry.java,com.xceptance.xlt.report.util.rework.IntTimeSeriesEntry,org.pitest.mutationtest.engine.gregor.mutators.MathMutator,updateConcurrency,122,NO_COVERAGE,none
IntTimeSeriesEntry.java,com.xceptance.xlt.report.util.rework.IntTimeSeriesEntry,org.pitest.mutationtest.engine.gregor.mutators.ConditionalsBoundaryMutator,updateValue,86,SURVIVED,none
IntTimeSeriesEntry.java,com.xceptance.xlt.report.util.rework.IntTimeSeriesEntry,org.pitest.mutationtest.engine.gregor.mutators.ConditionalsBoundaryMutator,updateValue,95,SURVIVED,none
IntTimeSeriesEntry.java,com.xceptance.xlt.report.util.rework.IntTimeSeriesEntry,org.pitest.mutationtest.engine.gregor.mutators.ConditionalsBoundaryMutator,updateValue,99,SURVIVED,none
IntTimeSeriesEntry.java,com.xceptance.xlt.report.util.rework.IntTimeSeriesEntry,org.pitest.mutationtest.engine.gregor.mutators.ConditionalsBoundaryMutator,updateValue,107,SURVIVED,none
IntTimeSeriesEntry.java,com.xceptance.xlt.report.util.rework.IntTimeSeriesEntry,org.pitest.mutationtest.engine.gregor.mutators.MathMutator,updateValue,88,KILLED,com.xceptance.xlt.report.util.rework.IntTimeSeriesEntryTest.[engine:junit-jupiter]/[class:com.xceptance.xlt.report.util.rework.IntTimeSeriesEntryTest]/[method:testMerge()]
IntTimeSeriesEntry.java,com.xceptance.xlt.report.util.rework.IntTimeSeriesEntry,org.pitest.mutationtest.engine.gregor.mutators.MathMutator,updateValue,89,KILLED,com.xceptance.xlt.report.util.rework.IntTimeSeriesEntryTest.[engine:junit-jupiter]/[class:com.xceptance.xlt.report.util.rework.IntTimeSeriesEntryTest]/[method:testUpdateValue()]
IntTimeSeriesEntry.java,com.xceptance.xlt.report.util.rework.IntTimeSeriesEntry,org.pitest.mutationtest.engine.gregor.mutators.MathMutator,updateValue,90,KILLED,com.xceptance.xlt.report.util.rework.IntTimeSeriesEntryTest.[engine:junit-jupiter]/[class:com.xceptance.xlt.report.util.rework.IntTimeSeriesEntryTest]/[method:testUpdateValue()]
IntTimeSeriesEntry.java,com.xceptance.xlt.report.util.rework.IntTimeSeriesEntry,org.pitest.mutationtest.engine.gregor.mutators.MathMutator,updateValue,91,SURVIVED,none
IntTimeSeriesEntry.java,com.xceptance.xlt.report.util.rework.IntTimeSeriesEntry,org.pitest.mutationtest.engine.gregor.mutators.MathMutator,updateValue,109,SURVIVED,none
IntTimeSeriesEntry.java,com.xceptance.xlt.report.util.rework.IntTimeSeriesEntry,org.pitest.mutationtest.engine.gregor.mutators.MathMutator,updateValue,109,SURVIVED,none
IntTimeSeriesEntry.java,com.xceptance.xlt.report.util.rework.IntTimeSeriesEntry,org.pitest.mutationtest.engine.gregor.mutators.MathMutator,updateValue,113,SURVIVED,none
IntTimeSeriesEntry.java,com.xceptance.xlt.report.util.rework.IntTimeSeriesEntry,org.pitest.mutationtest.engine.gregor.mutators.MathMutator,updateValue,113,SURVIVED,none
IntTimeSeriesEntry.java,com.xceptance.xlt.report.util.rework.IntTimeSeriesEntry,org.pitest.mutationtest.engine.gregor.mutators.MathMutator,updateValue,113,SURVIVED,none
IntTimeSeriesEntry.java,com.xceptance.xlt.report.util.rework.IntTimeSeriesEntry,org.pitest.mutationtest.engine.gregor.mutators.RemoveConditionalMutator_EQUAL_ELSE,updateValue,89,KILLED,com.xceptance.xlt.report.util.rework.IntTimeSeriesEntryTest.[engine:junit-jupiter]/[class:com.xceptance.xlt.report.util.rework.IntTimeSeriesEntryTest]/[method:testUpdateValue()]
IntTimeSeriesEntry.java,com.xceptance.xlt.report.util.rework.IntTimeSeriesEntry,org.pitest.mutationtest.engine.gregor.mutators.RemoveConditionalMutator_EQUAL_IF,updateValue,89,KILLED,com.xceptance.xlt.report.util.rework.IntTimeSeriesEntryTest.[engine:junit-jupiter]/[class:com.xceptance.xlt.report.util.rework.IntTimeSeriesEntryTest]/[method:testUpdateValue()]
IntTimeSeriesEntry.java,com.xceptance.xlt.report.util.rework.IntTimeSeriesEntry,org.pitest.mutationtest.engine.gregor.mutators.RemoveConditionalMutator_ORDER_ELSE,updateValue,86,SURVIVED,none
IntTimeSeriesEntry.java,com.xceptance.xlt.report.util.rework.IntTimeSeriesEntry,org.pitest.mutationtest.engine.gregor.mutators.RemoveConditionalMutator_ORDER_ELSE,updateValue,95,KILLED,com.xceptance.xlt.report.util.rework.IntTimeSeriesEntryTest.[engine:junit-jupiter]/[class:com.xceptance.xlt.report.util.rework.IntTimeSeriesEntryTest]/[method:testMerge()]
IntTimeSeriesEntry.java,com.xceptance.xlt.report.util.rework.IntTimeSeriesEntry,org.pitest.mutationtest.engine.gregor.mutators.RemoveConditionalMutator_ORDER_ELSE,updateValue,99,KILLED,com.xceptance.xlt.report.util.rework.IntTimeSeriesEntryTest.[engine:junit-jupiter]/[class:com.xceptance.xlt.report.util.rework.IntTimeSeriesEntryTest]/[method:testMerge()]
IntTimeSeriesEntry.java,com.xceptance.xlt.report.util.rework.IntTimeSeriesEntry,org.pitest.mutationtest.engine.gregor.mutators.RemoveConditionalMutator_ORDER_ELSE,updateValue,107,SURVIVED,none
IntTimeSeriesEntry.java,com.xceptance.xlt.report.util.rework.IntTimeSeriesEntry,org.pitest.mutationtest.engine.gregor.mutators.RemoveConditionalMutator_ORDER_IF,updateValue,86,KILLED,com.xceptance.xlt.report.util.rework.IntTimeSeriesEntryTest.[engine:junit-jupiter]/[class:com.xceptance.xlt.report.util.rework.IntTimeSeriesEntryTest]/[method:testMerge()]
IntTimeSeriesEntry.java,com.xceptance.xlt.report.util.rework.IntTimeSeriesEntry,org.pitest.mutationtest.engine.gregor.mutators.RemoveConditionalMutator_ORDER_IF,updateValue,95,SURVIVED,none
IntTimeSeriesEntry.java,com.xceptance.xlt.report.util.rework.IntTimeSeriesEntry,org.pitest.mutationtest.engine.gregor.mutators.RemoveConditionalMutator_ORDER_IF,updateValue,99,KILLED,com.xceptance.xlt.report.util.rework.IntTimeSeriesEntryTest.[engine:junit-jupiter]/[class:com.xceptance.xlt.report.util.rework.IntTimeSeriesEntryTest]/[method:testUpdateValue()]
IntTimeSeriesEntry.java,com.xceptance.xlt.report.util.rework.IntTimeSeriesEntry,org.pitest.mutationtest.engine.gregor.mutators.RemoveConditionalMutator_ORDER_IF,updateValue,107,SURVIVED,none
RuntimeHistogram.java,com.xceptance.xlt.report.util.RuntimeHistogram,org.pitest.mutationtest.engine.gregor.mutators.ConditionalsBoundaryMutator,addValue,94,SURVIVED,none
RuntimeHistogram.java,com.xceptance.xlt.report.util.RuntimeHistogram,org.pitest.mutationtest.engine.gregor.mutators.ConditionalsBoundaryMutator,addValue,98,SURVIVED,none
RuntimeHistogram.java,com.xceptance.xlt.report.util.RuntimeHistogram,org.pitest.mutationtest.engine.gregor.mutators.MathMutator,addValue,90,KILLED,com.xceptance.xlt.report.util.RuntimeHistogramTest.[engine:junit-jupiter]/[class:com.xceptance.xlt.report.util.RuntimeHistogramTest]/[method:testPrecision()]
RuntimeHistogram.java,com.xceptance.xlt.report.util.RuntimeHistogram,org.pitest.mutationtest.engine.gregor.mutators.MathMutator,addValue,91,KILLED,com.xceptance.xlt.report.util.RuntimeHistogramTest.[engine:junit-jupiter]/[class:com.xceptance.xlt.report.util.RuntimeHistogramTest]/[method:testBasicStats()]
RuntimeHistogram.java,com.xceptance.xlt.report.util.RuntimeHistogram,org.pitest.mutationtest.engine.gregor.mutators.MathMutator,addValue,104,KILLED,com.xceptance.xlt.report.util.RuntimeHistogramTest.[engine:junit-jupiter]/[class:com.xceptance.xlt.report.util.RuntimeHistogramTest]/[method:testPrecision()]
RuntimeHistogram.java,com.xceptance.xlt.report.util.RuntimeHistogram,org.pitest.mutationtest.engine.gregor.mutators.MathMutator,addValue,104,SURVIVED,none
RuntimeHistogram.java,com.xceptance.xlt.report.util.RuntimeHistogram,org.pitest.mutationtest.engine.gregor.mutators.RemoveConditionalMutator_ORDER_ELSE,addValue,94,SURVIVED,none
RuntimeHistogram.java,com.xceptance.xlt.report.util.RuntimeHistogram,org.pitest.mutationtest.engine.gregor.mutators.RemoveConditionalMutator_ORDER_ELSE,addValue,98,KILLED,com.xceptance.xlt.report.util.RuntimeHistogramTest.[engine:junit-jupiter]/[class:com.xceptance.xlt.report.util.RuntimeHistogramTest]/[method:testCountForValue()]
RuntimeHistogram.java,com.xceptance.xlt.report.util.RuntimeHistogram,org.pitest.mutationtest.engine.gregor.mutators.RemoveConditionalMutator_ORDER_IF,addValue,94,SURVIVED,none
RuntimeHistogram.java,com.xceptance.xlt.report.util.RuntimeHistogram,org.pitest.mutationtest.engine.gregor.mutators.RemoveConditionalMutator_ORDER_IF,addValue,98,SURVIVED,none
RuntimeHistogram.java,com.xceptance.xlt.report.util.RuntimeHistogram,org.pitest.mutationtest.engine.gregor.mutators.VoidMethodCallMutator,addValue,96,KILLED,com.xceptance.xlt.report.util.RuntimeHistogramTest.[engine:junit-jupiter]/[class:com.xceptance.xlt.report.util.RuntimeHistogramTest]/[method:testPrecision()]
RuntimeHistogram.java,com.xceptance.xlt.report.util.RuntimeHistogram,org.pitest.mutationtest.engine.gregor.mutators.VoidMethodCallMutator,addValue,100,KILLED,com.xceptance.xlt.report.util.RuntimeHistogramTest.[engine:junit-jupiter]/[class:com.xceptance.xlt.report.util.RuntimeHistogramTest]/[method:testCountForValue()]
RuntimeHistogram.java,com.xceptance.xlt.report.util.RuntimeHistogram,org.pitest.mutationtest.engine.gregor.mutators.ConditionalsBoundaryMutator,getCountForValue,258,SURVIVED,none
RuntimeHistogram.java,com.xceptance.xlt.report.util.RuntimeHistogram,org.pitest.mutationtest.engine.gregor.mutators.ConditionalsBoundaryMutator,getCountForValue,274,SURVIVED,none
RuntimeHistogram.java,com.xceptance.xlt.report.util.RuntimeHistogram,org.pitest.mutationtest.engine.gregor.mutators.ConditionalsBoundaryMutator,getCountForValue,274,SURVIVED,none
RuntimeHistogram.java,com.xceptance.xlt.report.util.RuntimeHistogram,org.pitest.mutationtest.engine.gregor.mutators.ConditionalsBoundaryMutator,getCountForValue,287,SURVIVED,none
RuntimeHistogram.java,com.xceptance.xlt.report.util.RuntimeHistogram,org.pitest.mutationtest.engine.gregor.mutators.IncrementsMutator,getCountForValue,287,KILLED,com.xceptance.xlt.report.util.RuntimeHistogramTest.[engine:junit-jupiter]/[class:com.xceptance.xlt.report.util.RuntimeHistogramTest]/[method:testCountForValue()]
RuntimeHistogram.java,com.xceptance.xlt.report.util.RuntimeHistogram,org.pitest.mutationtest.engine.gregor.mutators.MathMutator,getCountForValue,270,SURVIVED,none
RuntimeHistogram.java,com.xceptance.xlt.report.util.RuntimeHistogram,org.pitest.mutationtest.engine.gregor.mutators.MathMutator,getCountForValue,271,SURVIVED,none
RuntimeHistogram.java,com.xceptance.xlt.report.util.RuntimeHistogram,org.pitest.mutationtest.engine.gregor.mutators.MathMutator,getCountForValue,282,KILLED,com.xceptance.xlt.report.util.RuntimeHistogramTest.[engine:junit-jupiter]/[class:com.xceptance.xlt.report.util.RuntimeHistogramTest]/[method:testCountForValue()]
RuntimeHistogram.java,com.xceptance.xlt.report.util.RuntimeHistogram,org.pitest.mutationtest.engine.gregor.mutators.MathMutator,getCountForValue,283,SURVIVED,none
RuntimeHistogram.java,com.xceptance.xlt.report.util.RuntimeHistogram,org.pitest.mutationtest.engine.gregor.mutators.MathMutator,getCountForValue,283,KILLED,com.xceptance.xlt.report.util.RuntimeHistogramTest.[engine:junit-jupiter]/[class:com.xceptance.xlt.report.util.RuntimeHistogramTest]/[method:testCountForValue()]
RuntimeHistogram.java,com.xceptance.xlt.report.util.RuntimeHistogram,org.pitest.mutationtest.engine.gregor.mutators.MathMutator,getCountForValue,289,KILLED,com.xceptance.xlt.report.util.RuntimeHistogramTest.[engine:junit-jupiter]/[class:com.xceptance.xlt.report.util.RuntimeHistogramTest]/[method:testCountForValue()]
RuntimeHistogram.java,com.xceptance.xlt.report.util.RuntimeHistogram,org.pitest.mutationtest.engine.gregor.mutators.RemoveConditionalMutator_EQUAL_ELSE,getCountForValue,263,SURVIVED,none
RuntimeHistogram.java,com.xceptance.xlt.report.util.RuntimeHistogram,org.pitest.mutationtest.engine.gregor.mutators.RemoveConditionalMutator_EQUAL_IF,getCountForValue,263,KILLED,com.xceptance.xlt.report.util.RuntimeHistogramTest.[engine:junit-jupiter]/[class:com.xceptance.xlt.report.util.RuntimeHistogramTest]/[method:testCountForValue()]
RuntimeHistogram.java,com.xceptance.xlt.report.util.RuntimeHistogram,org.pitest.mutationtest.engine.gregor.mutators.RemoveConditionalMutator_ORDER_ELSE,getCountForValue,258,SURVIVED,none
RuntimeHistogram.java,com.xceptance.xlt.report.util.RuntimeHistogram,org.pitest.mutationtest.engine.gregor.mutators.RemoveConditionalMutator_ORDER_ELSE,getCountForValue,274,KILLED,com.xceptance.xlt.report.util.RuntimeHistogramTest.[engine:junit-jupiter]/[class:com.xceptance.xlt.report.util.RuntimeHistogramTest]/[method:testCountForValue()]
RuntimeHistogram.java,com.xceptance.xlt.report.util.RuntimeHistogram,org.pitest.mutationtest.engine.gregor.mutators.RemoveConditionalMutator_ORDER_ELSE,getCountForValue,274,SURVIVED,none
RuntimeHistogram.java,com.xceptance.xlt.report.util.RuntimeHistogram,org.pitest.mutationtest.engine.gregor.mutators.RemoveConditionalMutator_ORDER_ELSE,getCountForValue,287,KILLED,com.xceptance.xlt.report.util.RuntimeHistogramTest.[engine:junit-jupiter]/[class:com.xceptance.xlt.report.util.RuntimeHistogramTest]/[method:testCountForValue()]
RuntimeHistogram.java,com.xceptance.xlt.report.util.RuntimeHistogram,org.pitest.mutationtest.engine.gregor.mutators.RemoveConditionalMutator_ORDER_IF,getCountForValue,258,KILLED,com.xceptance.xlt.report.util.RuntimeHistogramTest.[engine:junit-jupiter]/[class:com.xceptance.xlt.report.util.RuntimeHistogramTest]/[method:testCountForValue()]
RuntimeHistogram.java,com.xceptance.xlt.report.util.RuntimeHistogram,org.pitest.mutationtest.engine.gregor.mutators.RemoveConditionalMutator_ORDER_IF,getCountForValue,274,SURVIVED,none
RuntimeHistogram.java,com.xceptance.xlt.report.util.RuntimeHistogram,org.pitest.mutationtest.engine.gregor.mutators.RemoveConditionalMutator_ORDER_IF,getCountForValue,274,KILLED,com.xceptance.xlt.report.util.RuntimeHistogramTest.[engine:junit-jupiter]/[class:com.xceptance.xlt.report.util.RuntimeHistogramTest]/[method:testCountForValue()]
RuntimeHistogram.java,com.xceptance.xlt.report.util.RuntimeHistogram,org.pitest.mutationtest.engine.gregor.mutators.RemoveConditionalMutator_ORDER_IF,getCountForValue,287,KILLED,com.xceptance.xlt.report.util.RuntimeHistogramTest.[engine:junit-jupiter]/[class:com.xceptance.xlt.report.util.RuntimeHistogramTest]/[method:testCountForValue()]
RuntimeHistogram.java,com.xceptance.xlt.report.util.RuntimeHistogram,org.pitest.mutationtest.engine.gregor.mutators.returns.PrimitiveReturnsMutator,getCountForValue,292,KILLED,com.xceptance.xlt.report.util.RuntimeHistogramTest.[engine:junit-jupiter]/[class:com.xceptance.xlt.report.util.RuntimeHistogramTest]/[method:testCountForValue()]
RuntimeHistogram.java,com.xceptance.xlt.report.util.RuntimeHistogram,org.pitest.mutationtest.engine.gregor.mutators.returns.PrimitiveReturnsMutator,getMedianValue,168,KILLED,com.xceptance.xlt.report.util.RuntimeHistogramTest.[engine:junit-jupiter]/[class:com.xceptance.xlt.report.util.RuntimeHistogramTest]/[method:testBasicStats()]
RuntimeHistogram.java,com.xceptance.xlt.report.util.RuntimeHistogram,org.pitest.mutationtest.engine.gregor.mutators.RemoveConditionalMutator_EQUAL_ELSE,getNumberOfBuckets,324,KILLED,com.xceptance.xlt.report.util.RuntimeHistogramTest.[engine:junit-jupiter]/[class:com.xceptance.xlt.report.util.RuntimeHistogramTest]/[method:testPrecision()]
RuntimeHistogram.java,com.xceptance.xlt.report.util.RuntimeHistogram,org.pitest.mutationtest.engine.gregor.mutators.RemoveConditionalMutator_EQUAL_IF,getNumberOfBuckets,324,SURVIVED,none
RuntimeHistogram.java,com.xceptance.xlt.report.util.RuntimeHistogram,org.pitest.mutationtest.engine.gregor.mutators.ConditionalsBoundaryMutator,getPercentile,194,KILLED,com.xceptance.xlt.report.util.RuntimeHistogramTest.[engine:junit-jupiter]/[class:com.xceptance.xlt.report.util.RuntimeHistogramTest]/[method:testBasicStats()]
RuntimeHistogram.java,com.xceptance.xlt.report.util.RuntimeHistogram,org.pitest.mutationtest.engine.gregor.mutators.ConditionalsBoundaryMutator,getPercentile,194,KILLED,com.xceptance.xlt.report.util.RuntimeHistogramTest.[engine:junit-jupiter]/[class:com.xceptance.xlt.report.util.RuntimeHistogramTest]/[method:testBasicStats()]
RuntimeHistogram.java,com.xceptance.xlt.report.util.RuntimeHistogram,org.pitest.mutationtest.engine.gregor.mutators.MathMutator,getPercentile,209,SURVIVED,none
RuntimeHistogram.java,com.xceptance.xlt.report.util.RuntimeHistogram,org.pitest.mutationtest.engine.gregor.mutators.MathMutator,getPercentile,213,SURVIVED,none
RuntimeHistogram.java,com.xceptance.xlt.report.util.RuntimeHistogram,org.pitest.mutationtest.engine.gregor.mutators.MathMutator,getPercentile,217,KILLED,com.xceptance.xlt.report.util.RuntimeHistogramTest.[engine:junit-jupiter]/[class:com.xceptance.xlt.report.util.RuntimeHistogramTest]/[method:testBasicStats()]
RuntimeHistogram.java,com.xceptance.xlt.report.util.RuntimeHistogram,org.pitest.mutationtest.engine.gregor.mutators.MathMutator,getPercentile,217,KILLED,com.xceptance.xlt.report.util.RuntimeHistogramTest.[engine:junit-jupiter]/[class:com.xceptance.xlt.report.util.RuntimeHistogramTest]/[method:testBasicStats()]
RuntimeHistogram.java,com.xceptance.xlt.report.util.RuntimeHistogram,org.pitest.mutationtest.engine.gregor.mutators.MathMutator,getPercentile,220,SURVIVED,none
RuntimeHistogram.java,com.xceptance.xlt.report.util.RuntimeHistogram,org.pitest.mutationtest.engine.gregor.mutators.MathMutator,getPercentile,224,NO_COVERAGE,none
RuntimeHistogram.java,com.xceptance.xlt.report.util.RuntimeHistogram,org.pitest.mutationtest.engine.gregor.mutators.MathMutator,getPercentile,226,NO_COVERAGE,none
RuntimeHistogram.java,com.xceptance.xlt.report.util.RuntimeHistogram,org.pitest.mutationtest.engine.gregor.mutators.MathMutator,getPercentile,226,NO_COVERAGE,none
RuntimeHistogram.java,com.xceptance.xlt.report.util.RuntimeHistogram,org.pitest.mutationtest.engine.gregor.mutators.RemoveConditionalMutator_EQUAL_ELSE,getPercentile,203,SURVIVED,none
RuntimeHistogram.java,com.xceptance.xlt.report.util.RuntimeHistogram,org.pitest.mutationtest.engine.gregor.mutators.RemoveConditionalMutator_EQUAL_ELSE,getPercentile,207,KILLED,com.xceptance.xlt.report.util.RuntimeHistogramTest.[engine:junit-jupiter]/[class:com.xceptance.xlt.report.util.RuntimeHistogramTest]/[method:testBasicStats()]
RuntimeHistogram.java,com.xceptance.xlt.report.util.RuntimeHistogram,org.pitest.mutationtest.engine.gregor.mutators.RemoveConditionalMutator_EQUAL_ELSE,getPercentile,211,KILLED,com.xceptance.xlt.report.util.RuntimeHistogramTest.[engine:junit-jupiter]/[class:com.xceptance.xlt.report.util.RuntimeHistogramTest]/[method:testBasicStats()]
RuntimeHistogram.java,com.xceptance.xlt.report.util.RuntimeHistogram,org.pitest.mutationtest.engine.gregor.mutators.RemoveConditionalMutator_EQUAL_ELSE,getPercentile,220,SURVIVED,none
RuntimeHistogram.java,com.xceptance.xlt.report.util.RuntimeHistogram,org.pitest.mutationtest.engine.gregor.mutators.RemoveConditionalMutator_EQUAL_IF,getPercentile,203,KILLED,com.xceptance.xlt.report.util.RuntimeHistogramTest.[engine:junit-jupiter]/[class:com.xceptance.xlt.report.util.RuntimeHistogramTest]/[method:testBasicStats()]
RuntimeHistogram.java,com.xceptance.xlt.report.util.RuntimeHistogram,org.pitest.mutationtest.engine.gregor.mutators.RemoveConditionalMutator_EQUAL_IF,getPercentile,207,KILLED,com.xceptance.xlt.report.util.RuntimeHistogramTest.[engine:junit-jupiter]/[class:com.xceptance.xlt.report.util.RuntimeHistogramTest]/[method:testBasicStats()]
RuntimeHistogram.java,com.xceptance.xlt.report.util.RuntimeHistogram,org.pitest.mutationtest.engine.gregor.mutators.RemoveConditionalMutator_EQUAL_IF,getPercentile,211,KILLED,com.xceptance.xlt.report.util.RuntimeHistogramTest.[engine:junit-jupiter]/[class:com.xceptance.xlt.report.util.RuntimeHistogramTest]/[method:testBasicStats()]
RuntimeHistogram.java,com.xceptance.xlt.report.util.RuntimeHistogram,org.pitest.mutationtest.engine.gregor.mutators.RemoveConditionalMutator_EQUAL_IF,getPercentile,220,KILLED,com.xceptance.xlt.report.util.RuntimeHistogramTest.[engine:junit-jupiter]/[class:com.xceptance.xlt.report.util.RuntimeHistogramTest]/[method:testBasicStats()]
RuntimeHistogram.java,com.xceptance.xlt.report.util.RuntimeHistogram,org.pitest.mutationtest.engine.gregor.mutators.RemoveConditionalMutator_ORDER_ELSE,getPercentile,194,KILLED,com.xceptance.xlt.report.util.RuntimeHistogramTest.[engine:junit-jupiter]/[class:com.xceptance.xlt.report.util.RuntimeHistogramTest]/[method:testBasicStats()]
RuntimeHistogram.java,com.xceptance.xlt.report.util.RuntimeHistogram,org.pitest.mutationtest.engine.gregor.mutators.RemoveConditionalMutator_ORDER_ELSE,getPercentile,194,SURVIVED,none
RuntimeHistogram.java,com.xceptance.xlt.report.util.RuntimeHistogram,org.pitest.mutationtest.engine.gregor.mutators.RemoveConditionalMutator_ORDER_IF,getPercentile,194,SURVIVED,none
RuntimeHistogram.java,com.xceptance.xlt.report.util.RuntimeHistogram,org.pitest.mutationtest.engine.gregor.mutators.RemoveConditionalMutator_ORDER_IF,getPercentile,194,KILLED,com.xceptance.xlt.report.util.RuntimeHistogramTest.[engine:junit-jupiter]/[class:com.xceptance.xlt.report.util.RuntimeHistogramTest]/[method:testBasicStats()]
RuntimeHistogram.java,com.xceptance.xlt.report.util.RuntimeHistogram,org.pitest.mutationtest.engine.gregor.mutators.returns.PrimitiveReturnsMutator,getPercentile,235,KILLED,com.xceptance.xlt.report.util.RuntimeHistogramTest.[engine:junit-jupiter]/[class:com.xceptance.xlt.report.util.RuntimeHistogramTest]/[method:testBasicStats()]
RuntimeHistogram.java,com.xceptance.xlt.report.util.RuntimeHistogram,org.pitest.mutationtest.engine.gregor.mutators.MathMutator,getPrecision,335,NO_COVERAGE,none
RuntimeHistogram.java,com.xceptance.xlt.report.util.RuntimeHistogram,org.pitest.mutationtest.engine.gregor.mutators.returns.PrimitiveReturnsMutator,getPrecision,335,NO_COVERAGE,none
RuntimeHistogram.java,com.xceptance.xlt.report.util.RuntimeHistogram,org.pitest.mutationtest.engine.gregor.mutators.MathMutator,getQuantile,180,NO_COVERAGE,none
RuntimeHistogram.java,com.xceptance.xlt.report.util.RuntimeHistogram,org.pitest.mutationtest.engine.gregor.mutators.returns.PrimitiveReturnsMutator,getQuantile,180,NO_COVERAGE,none
RuntimeHistogram.java,com.xceptance.xlt.report.util.RuntimeHistogram,org.pitest.mutationtest.engine.gregor.mutators.ConditionalsBoundaryMutator,getValueByCount,308,KILLED,com.xceptance.xlt.report.util.RuntimeHistogramTest.[engine:junit-jupiter]/[class:com.xceptance.xlt.report.util.RuntimeHistogramTest]/[method:testBasicStats()]
RuntimeHistogram.java,com.xceptance.xlt.report.util.RuntimeHistogram,org.pitest.mutationtest.engine.gregor.mutators.IncrementsMutator,getValueByCount,310,KILLED,com.xceptance.xlt.report.util.RuntimeHistogramTest.[engine:junit-jupiter]/[class:com.xceptance.xlt.report.util.RuntimeHistogramTest]/[method:testBasicStats()]
RuntimeHistogram.java,com.xceptance.xlt.report.util.RuntimeHistogram,org.pitest.mutationtest.engine.gregor.mutators.MathMutator,getValueByCount,310,KILLED,com.xceptance.xlt.report.util.RuntimeHistogramTest.[engine:junit-jupiter]/[class:com.xceptance.xlt.report.util.RuntimeHistogramTest]/[method:testBasicStats()]
RuntimeHistogram.java,com.xceptance.xlt.report.util.RuntimeHistogram,org.pitest.mutationtest.engine.gregor.mutators.MathMutator,getValueByCount,314,KILLED,com.xceptance.xlt.report.util.RuntimeHistogramTest.[engine:junit-jupiter]/[class:com.xceptance.xlt.report.util.RuntimeHistogramTest]/[method:testBasicStats()]
RuntimeHistogram.java,com.xceptance.xlt.report.util.RuntimeHistogram,org.pitest.mutationtest.engine.gregor.mutators.MathMutator,getValueByCount,314,SURVIVED,none
RuntimeHistogram.java,com.xceptance.xlt.report.util.RuntimeHistogram,org.pitest.mutationtest.engine.gregor.mutators.RemoveConditionalMutator_ORDER_ELSE,getValueByCount,308,KILLED,com.xceptance.xlt.report.util.RuntimeHistogramTest.[engine:junit-jupiter]/[class:com.xceptance.xlt.report.util.RuntimeHistogramTest]/[method:testBasicStats()]
RuntimeHistogram.java,com.xceptance.xlt.report.util.RuntimeHistogram,org.pitest.mutationtest.engine.gregor.mutators.RemoveConditionalMutator_ORDER_IF,getValueByCount,308,KILLED,com.xceptance.xlt.report.util.RuntimeHistogramTest.[engine:junit-jupiter]/[class:com.xceptance.xlt.report.util.RuntimeHistogramTest]/[method:testBasicStats()]
RuntimeHistogram.java,com.xceptance.xlt.report.util.RuntimeHistogram,org.pitest.mutationtest.engine.gregor.mutators.returns.PrimitiveReturnsMutator,getValueByCount,314,KILLED,com.xceptance.xlt.report.util.RuntimeHistogramTest.[engine:junit-jupiter]/[class:com.xceptance.xlt.report.util.RuntimeHistogramTest]/[method:testBasicStats()]
RuntimeHistogram.java,com.xceptance.xlt.report.util.RuntimeHistogram,org.pitest.mutationtest.engine.gregor.mutators.returns.PrimitiveReturnsMutator,getValueCount,158,KILLED,com.xceptance.xlt.report.util.RuntimeHistogramTest.[engine:junit-jupiter]/[class:com.xceptance.xlt.report.util.RuntimeHistogramTest]/[method:testBasicStats()]
RuntimeHistogram.java,com.xceptance.xlt.report.util.RuntimeHistogram,org.pitest.mutationtest.engine.gregor.mutators.ConditionalsBoundaryMutator,grow,126,SURVIVED,none
RuntimeHistogram.java,com.xceptance.xlt.report.util.RuntimeHistogram,org.pitest.mutationtest.engine.gregor.mutators.MathMutator,grow,129,NO_COVERAGE,none
RuntimeHistogram.java,com.xceptance.xlt.report.util.RuntimeHistogram,org.pitest.mutationtest.engine.gregor.mutators.MathMutator,grow,132,NO_COVERAGE,none
RuntimeHistogram.java,com.xceptance.xlt.report.util.RuntimeHistogram,org.pitest.mutationtest.engine.gregor.mutators.MathMutator,grow,142,KILLED,com.xceptance.xlt.report.util.RuntimeHistogramTest.[engine:junit-jupiter]/[class:com.xceptance.xlt.report.util.RuntimeHistogramTest]/[method:testCountForValue()]
RuntimeHistogram.java,com.xceptance.xlt.report.util.RuntimeHistogram,org.pitest.mutationtest.engine.gregor.mutators.MathMutator,grow,143,KILLED,com.xceptance.xlt.report.util.RuntimeHistogramTest.[engine:junit-jupiter]/[class:com.xceptance.xlt.report.util.RuntimeHistogramTest]/[method:testCountForValue()]
RuntimeHistogram.java,com.xceptance.xlt.report.util.RuntimeHistogram,org.pitest.mutationtest.engine.gregor.mutators.MathMutator,grow,146,KILLED,com.xceptance.xlt.report.util.RuntimeHistogramTest.[engine:junit-jupiter]/[class:com.xceptance.xlt.report.util.RuntimeHistogramTest]/[method:testCountForValue()]
RuntimeHistogram.java,com.xceptance.xlt.report.util.RuntimeHistogram,org.pitest.mutationtest.engine.gregor.mutators.RemoveConditionalMutator_EQUAL_ELSE,grow,117,KILLED,com.xceptance.xlt.report.util.RuntimeHistogramTest.[engine:junit-jupiter]/[class:com.xceptance.xlt.report.util.RuntimeHistogramTest]/[method:testPrecision()]
RuntimeHistogram.java,com.xceptance.xlt.report.util.RuntimeHistogram,org.pitest.mutationtest.engine.gregor.mutators.RemoveConditionalMutator_EQUAL_IF,grow,117,KILLED,com.xceptance.xlt.report.util.RuntimeHistogramTest.[engine:junit-jupiter]/[class:com.xceptance.xlt.report.util.RuntimeHistogramTest]/[method:testCountForValue()]
RuntimeHistogram.java,com.xceptance.xlt.report.util.RuntimeHistogram,org.pitest.mutationtest.engine.gregor.mutators.RemoveConditionalMutator_ORDER_ELSE,grow,126,SURVIVED,none
RuntimeHistogram.java,com.xceptance.xlt.report.util.RuntimeHistogram,org.pitest.mutationtest.engine.gregor.mutators.RemoveConditionalMutator_ORDER_IF,grow,126,KILLED,com.xceptance.xlt.report.util.RuntimeHistogramTest.[engine:junit-jupiter]/[class:com.xceptance.xlt.report.util.RuntimeHistogramTest]/[method:testCountForValue()]
RuntimeHistogram.java,com.xceptance.xlt.report.util.RuntimeHistogram,org.pitest.mutationtest.engine.gregor.mutators.VoidMethodCallMutator,grow,134,NO_COVERAGE,none
RuntimeHistogram.java,com.xceptance.xlt.report.util.RuntimeHistogram,org.pitest.mutationtest.engine.gregor.mutators.RemoveConditionalMutator_EQUAL_ELSE,isEmpty,245,NO_COVERAGE,none
RuntimeHistogram.java,com.xceptance.xlt.report.util.RuntimeHistogram,org.pitest.mutationtest.engine.gregor.mutators.RemoveConditionalMutator_EQUAL_IF,isEmpty,245,NO_COVERAGE,none
RuntimeHistogram.java,com.xceptance.xlt.report.util.RuntimeHistogram,org.pitest.mutationtest.engine.gregor.mutators.returns.BooleanFalseReturnValsMutator,isEmpty,245,NO_COVERAGE,none
RuntimeHistogram.java,com.xceptance.xlt.report.util.RuntimeHistogram,org.pitest.mutationtest.engine.gregor.mutators.returns.BooleanTrueReturnValsMutator,isEmpty,245,NO_COVERAGE,none
FastHashMap.java,org.jugsaxony.demo4.FastHashMap,org.pitest.mutationtest.engine.gregor.mutators.MathMutator,get,79,KILLED,org.jugsaxony.demo4.FastHashMapTest.[engine:junit-jupiter]/[class:org.jugsaxony.demo4.FastHashMapTest]/[method:testCollisions()]
FastHashMap.java,org.jugsaxony.demo4.FastHashMap,org.pitest.mutationtest.engine.gregor.mutators.MathMutator,get,79,KILLED,org.jugsaxony.demo4.FastHashMapTest.[engine:junit-jupiter]/[class:org.jugsaxony.demo4.FastHashMapTest]/[method:testCollisions()]
FastHashMap.java,org.jugsaxony.demo4.FastHashMap,org.pitest.mutationtest.engine.gregor.mutators.RemoveConditionalMutator_EQUAL_ELSE,get,68,SURVIVED,none
FastHashMap.java,org.jugsaxony.demo4.FastHashMap,org.pitest.mutationtest.engine.gregor.mutators.RemoveConditionalMutator_EQUAL_ELSE,get,76,KILLED,org.jugsaxony.demo4.FastHashMapTest.[engine:junit-jupiter]/[class:org.jugsaxony.demo4.FastHashMapTest]/[method:testPutAndGet()]
FastHashMap.java,org.jugsaxony.demo4.FastHashMap,org.pitest.mutationtest.engine.gregor.mutators.RemoveConditionalMutator_EQUAL_ELSE,get,76,KILLED,org.jugsaxony.demo4.FastHashMapTest.[engine:junit-jupiter]/[class:org.jugsaxony.demo4.FastHashMapTest]/[method:testPutAndGet()]
FastHashMap.java,org.jugsaxony.demo4.FastHashMap,org.pitest.mutationtest.engine.gregor.mutators.RemoveConditionalMutator_EQUAL_ELSE,get,80,SURVIVED,none
FastHashMap.java,org.jugsaxony.demo4.FastHashMap,org.pitest.mutationtest.engine.gregor.mutators.RemoveConditionalMutator_EQUAL_ELSE,get,75,SURVIVED,none
FastHashMap.java,org.jugsaxony.demo4.FastHashMap,org.pitest.mutationtest.engine.gregor.mutators.RemoveConditionalMutator_EQUAL_ELSE,get,75,SURVIVED,none
FastHashMap.java,org.jugsaxony.demo4.FastHashMap,org.pitest.mutationtest.engine.gregor.mutators.RemoveConditionalMutator_EQUAL_IF,get,68,KILLED,org.jugsaxony.demo4.FastHashMapTest.[engine:junit-jupiter]/[class:org.jugsaxony.demo4.FastHashMapTest]/[method:testPutAndGet()]
FastHashMap.java,org.jugsaxony.demo4.FastHashMap,org.pitest.mutationtest.engine.gregor.mutators.RemoveConditionalMutator_EQUAL_IF,get,76,SURVIVED,none
FastHashMap.java,org.jugsaxony.demo4.FastHashMap,org.pitest.mutationtest.engine.gregor.mutators.RemoveConditionalMutator_EQUAL_IF,get,76,KILLED,org.jugsaxony.demo4.FastHashMapTest.[engine:junit-jupiter]/[class:org.jugsaxony.demo4.FastHashMapTest]/[method:testCollisions()]
FastHashMap.java,org.jugsaxony.demo4.FastHashMap,org.pitest.mutationtest.engine.gregor.mutators.RemoveConditionalMutator_EQUAL_IF,get,80,KILLED,org.jugsaxony.demo4.FastHashMapTest.[engine:junit-jupiter]/[class:org.jugsaxony.demo4.FastHashMapTest]/[method:testCollisions()]
FastHashMap.java,org.jugsaxony.demo4.FastHashMap,org.pitest.mutationtest.engine.gregor.mutators.RemoveConditionalMutator_EQUAL_IF,get,75,KILLED,org.jugsaxony.demo4.FastHashMapTest.[engine:junit-jupiter]/[class:org.jugsaxony.demo4.FastHashMapTest]/[method:testPutAndGet()]
FastHashMap.java,org.jugsaxony.demo4.FastHashMap,org.pitest.mutationtest.engine.gregor.mutators.RemoveConditionalMutator_EQUAL_IF,get,75,KILLED,org.jugsaxony.demo4.FastHashMapBlackBox.[engine:junit-jupiter]/[class:org.jugsaxony.demo4.FastHashMapBlackBox]/[method:removeCollision()]
FastHashMap.java,org.jugsaxony.demo4.FastHashMap,org.pitest.mutationtest.engine.gregor.mutators.returns.NullReturnValsMutator,get,77,KILLED,org.jugsaxony.demo4.FastHashMapTest.[engine:junit-jupiter]/[class:org.jugsaxony.demo4.FastHashMapTest]/[method:testPutAndGet()]
FastHashMap.java,org.jugsaxony.demo4.FastHashMap,org.pitest.mutationtest.engine.gregor.mutators.MathMutator,hash,30,SURVIVED,none
FastHashMap.java,org.jugsaxony.demo4.FastHashMap,org.pitest.mutationtest.engine.gregor.mutators.MathMutator,hash,30,TIMED_OUT,none
FastHashMap.java,org.jugsaxony.demo4.FastHashMap,org.pitest.mutationtest.engine.gregor.mutators.MathMutator,hash,31,KILLED,org.jugsaxony.demo4.FastHashMapTest.[engine:junit-jupiter]/[class:org.jugsaxony.demo4.FastHashMapTest]/[method:testPutAndGet()]
FastHashMap.java,org.jugsaxony.demo4.FastHashMap,org.pitest.mutationtest.engine.gregor.mutators.returns.PrimitiveReturnsMutator,hash,31,TIMED_OUT,none
FastHashMap.java,org.jugsaxony.demo4.FastHashMap,org.pitest.mutationtest.engine.gregor.mutators.ConditionalsBoundaryMutator,keys,115,KILLED,org.jugsaxony.demo4.FastHashMapTest.[engine:junit-jupiter]/[class:org.jugsaxony.demo4.FastHashMapTest]/[method:testClear()]
FastHashMap.java,org.jugsaxony.demo4.FastHashMap,org.pitest.mutationtest.engine.gregor.mutators.IncrementsMutator,keys,115,KILLED,org.jugsaxony.demo4.FastHashMapTest.[engine:junit-jupiter]/[class:org.jugsaxony.demo4.FastHashMapTest]/[method:testClear()]
FastHashMap.java,org.jugsaxony.demo4.FastHashMap,org.pitest.mutationtest.engine.gregor.mutators.RemoveConditionalMutator_EQUAL_ELSE,keys,116,KILLED,org.jugsaxony.demo4.FastHashMapTest.[engine:junit-jupiter]/[class:org.jugsaxony.demo4.FastHashMapTest]/[method:testKeysAndValues()]
FastHashMap.java,org.jugsaxony.demo4.FastHashMap,org.pitest.mutationtest.engine.gregor.mutators.RemoveConditionalMutator_EQUAL_IF,keys,116,KILLED,org.jugsaxony.demo4.FastHashMapTest.[engine:junit-jupiter]/[class:org.jugsaxony.demo4.FastHashMapTest]/[method:testClear()]
FastHashMap.java,org.jugsaxony.demo4.FastHashMap,org.pitest.mutationtest.engine.gregor.mutators.RemoveConditionalMutator_ORDER_ELSE,keys,115,KILLED,org.jugsaxony.demo4.FastHashMapTest.[engine:junit-jupiter]/[class:org.jugsaxony.demo4.FastHashMapTest]/[method:testClear()]
FastHashMap.java,org.jugsaxony.demo4.FastHashMap,org.pitest.mutationtest.engine.gregor.mutators.RemoveConditionalMutator_ORDER_IF,keys,115,KILLED,org.jugsaxony.demo4.FastHashMapTest.[engine:junit-jupiter]/[class:org.jugsaxony.demo4.FastHashMapTest]/[method:testKeysAndValues()]
FastHashMap.java,org.jugsaxony.demo4.FastHashMap,org.pitest.mutationtest.engine.gregor.mutators.returns.EmptyObjectReturnValsMutator,keys,120,KILLED,org.jugsaxony.demo4.FastHashMapTest.[engine:junit-jupiter]/[class:org.jugsaxony.demo4.FastHashMapTest]/[method:testKeysAndValues()]
FastHashMap.java,org.jugsaxony.demo4.FastHashMap,org.pitest.mutationtest.engine.gregor.mutators.ConditionalsBoundaryMutator,put,39,SURVIVED,none
FastHashMap.java,org.jugsaxony.demo4.FastHashMap,org.pitest.mutationtest.engine.gregor.mutators.MathMutator,put,39,TIMED_OUT,none
FastHashMap.java,org.jugsaxony.demo4.FastHashMap,org.pitest.mutationtest.engine.gregor.mutators.MathMutator,put,55,KILLED,org.jugsaxony.demo4.FastHashMapTest.[engine:junit-jupiter]/[class:org.jugsaxony.demo4.FastHashMapTest]/[method:testCollisions()]
FastHashMap.java,org.jugsaxony.demo4.FastHashMap,org.pitest.mutationtest.engine.gregor.mutators.MathMutator,put,55,KILLED,org.jugsaxony.demo4.FastHashMapTest.[engine:junit-jupiter]/[class:org.jugsaxony.demo4.FastHashMapTest]/[method:testCollisions()]
FastHashMap.java,org.jugsaxony.demo4.FastHashMap,org.pitest.mutationtest.engine.gregor.mutators.MathMutator,put,63,KILLED,org.jugsaxony.demo4.FastHashMapTest.[engine:junit-jupiter]/[class:org.jugsaxony.demo4.FastHashMapTest]/[method:testRemoveNonExistent()]
FastHashMap.java,org.jugsaxony.demo4.FastHashMap,org.pitest.mutationtest.engine.gregor.mutators.RemoveConditionalMutator_EQUAL_ELSE,put,35,SURVIVED,none
FastHashMap.java,org.jugsaxony.demo4.FastHashMap,org.pitest.mutationtest.engine.gregor.mutators.RemoveConditionalMutator_EQUAL_ELSE,put,47,KILLED,org.jugsaxony.demo4.FastHashMapTest.[engine:junit-jupiter]/[class:org.jugsaxony.demo4.FastHashMapTest]/[method:testPutUpdate()]
FastHashMap.java,org.jugsaxony.demo4.FastHashMap,org.pitest.mutationtest.engine.gregor.mutators.RemoveConditionalMutator_EQUAL_ELSE,put,52,SURVIVED,none
FastHashMap.java,org.jugsaxony.demo4.FastHashMap,org.pitest.mutationtest.engine.gregor.mutators.RemoveConditionalMutator_EQUAL_ELSE,put,52,NO_COVERAGE,none
FastHashMap.java,org.jugsaxony.demo4.FastHashMap,org.pitest.mutationtest.engine.gregor.mutators.RemoveConditionalMutator_EQUAL_ELSE,put,46,TIMED_OUT,none
FastHashMap.java,org.jugsaxony.demo4.FastHashMap,org.pitest.mutationtest.engine.gregor.mutators.RemoveConditionalMutator_EQUAL_ELSE,put,58,SURVIVED,none
FastHashMap.java,org.jugsaxony.demo4.FastHashMap,org.pitest.mutationtest.engine.gregor.mutators.RemoveConditionalMutator_EQUAL_IF,put,35,KILLED,org.jugsaxony.demo4.FastHashMapTest.[engine:junit-jupiter]/[class:org.jugsaxony.demo4.FastHashMapTest]/[method:testPutAndGet()]
FastHashMap.java,org.jugsaxony.demo4.FastHashMap,org.pitest.mutationtest.engine.gregor.mutators.RemoveConditionalMutator_EQUAL_IF,put,47,KILLED,org.jugsaxony.demo4.FastHashMapTest.[engine:junit-jupiter]/[class:org.jugsaxony.demo4.FastHashMapTest]/[method:testCollisions()]
FastHashMap.java,org.jugsaxony.demo4.FastHashMap,org.pitest.mutationtest.engine.gregor.mutators.RemoveConditionalMutator_EQUAL_IF,put,52,KILLED,org.jugsaxony.demo4.FastHashMapTest.[engine:junit-jupiter]/[class:org.jugsaxony.demo4.FastHashMapTest]/[method:testCollisions()]
FastHashMap.java,org.jugsaxony.demo4.FastHashMap,org.pitest.mutationtest.engine.gregor.mutators.RemoveConditionalMutator_EQUAL_IF,put,52,NO_COVERAGE,none
FastHashMap.java,org.jugsaxony.demo4.FastHashMap,org.pitest.mutationtest.engine.gregor.mutators.RemoveConditionalMutator_EQUAL_IF,put,46,KILLED,org.jugsaxony.demo4.FastHashMapTest.[engine:junit-jupiter]/[class:org.jugsaxony.demo4.FastHashMapTest]/[method:testPutUpdate()]
FastHashMap.java,org.jugsaxony.demo4.FastHashMap,org.pitest.mutationtest.engine.gregor.mutators.RemoveConditionalMutator_EQUAL_IF,put,58,KILLED,org.jugsaxony.demo4.FastHashMapTest.[engine:junit-jupiter]/[class:org.jugsaxony.demo4.FastHashMapTest]/[method:testPutAndGet()]
FastHashMap.java,org.jugsaxony.demo4.FastHashMap,org.pitest.mutationtest.engine.gregor.mutators.RemoveConditionalMutator_ORDER_ELSE,put,39,TIMED_OUT,none
FastHashMap.java,org.jugsaxony.demo4.FastHashMap,org.pitest.mutationtest.engine.gregor.mutators.RemoveConditionalMutator_ORDER_IF,put,39,TIMED_OUT,none
FastHashMap.java,org.jugsaxony.demo4.FastHashMap,org.pitest.mutationtest.engine.gregor.mutators.VoidMethodCallMutator,put,40,TIMED_OUT,none
FastHashMap.java,org.jugsaxony.demo4.FastHashMap,org.pitest.mutationtest.engine.gregor.mutators.returns.NullReturnValsMutator,put,50,KILLED,org.jugsaxony.demo4.FastHashMapTest.[engine:junit-jupiter]/[class:org.jugsaxony.demo4.FastHashMapTest]/[method:testPutUpdate()]
FastHashMap.java,org.jugsaxony.demo4.FastHashMap,org.pitest.mutationtest.engine.gregor.mutators.MathMutator,remove,100,KILLED,org.jugsaxony.demo4.FastHashMapTest.[engine:junit-jupiter]/[class:org.jugsaxony.demo4.FastHashMapTest]/[method:testRemove()]
FastHashMap.java,org.jugsaxony.demo4.FastHashMap,org.pitest.mutationtest.engine.gregor.mutators.MathMutator,remove,103,KILLED,org.jugsaxony.demo4.FastHashMapBlackBox.[engine:junit-jupiter]/[class:org.jugsaxony.demo4.FastHashMapBlackBox]/[method:values()]
FastHashMap.java,org.jugsaxony.demo4.FastHashMap,org.pitest.mutationtest.engine.gregor.mutators.MathMutator,remove,103,KILLED,org.jugsaxony.demo4.FastHashMapBlackBox.[engine:junit-jupiter]/[class:org.jugsaxony.demo4.FastHashMapBlackBox]/[method:removeTwice()]
FastHashMap.java,org.jugsaxony.demo4.FastHashMap,org.pitest.mutationtest.engine.gregor.mutators.RemoveConditionalMutator_EQUAL_ELSE,remove,86,SURVIVED,none
FastHashMap.java,org.jugsaxony.demo4.FastHashMap,org.pitest.mutationtest.engine.gregor.mutators.RemoveConditionalMutator_EQUAL_ELSE,remove,94,KILLED,org.jugsaxony.demo4.FastHashMapTest.[engine:junit-jupiter]/[class:org.jugsaxony.demo4.FastHashMapTest]/[method:testRemove()]
FastHashMap.java,org.jugsaxony.demo4.FastHashMap,org.pitest.mutationtest.engine.gregor.mutators.RemoveConditionalMutator_EQUAL_ELSE,remove,94,KILLED,org.jugsaxony.demo4.FastHashMapTest.[engine:junit-jupiter]/[class:org.jugsaxony.demo4.FastHashMapTest]/[method:testRemove()]
FastHashMap.java,org.jugsaxony.demo4.FastHashMap,org.pitest.mutationtest.engine.gregor.mutators.RemoveConditionalMutator_EQUAL_ELSE,remove,104,SURVIVED,none
FastHashMap.java,org.jugsaxony.demo4.FastHashMap,org.pitest.mutationtest.engine.gregor.mutators.RemoveConditionalMutator_EQUAL_ELSE,remove,93,SURVIVED,none
FastHashMap.java,org.jugsaxony.demo4.FastHashMap,org.pitest.mutationtest.engine.gregor.mutators.RemoveConditionalMutator_EQUAL_ELSE,remove,93,SURVIVED,none
FastHashMap.java,org.jugsaxony.demo4.FastHashMap,org.pitest.mutationtest.engine.gregor.mutators.RemoveConditionalMutator_EQUAL_IF,remove,86,KILLED,org.jugsaxony.demo4.FastHashMapTest.[engine:junit-jupiter]/[class:org.jugsaxony.demo4.FastHashMapTest]/[method:testRemoveNonExistent()]
FastHashMap.java,org.jugsaxony.demo4.FastHashMap,org.pitest.mutationtest.engine.gregor.mutators.RemoveConditionalMutator_EQUAL_IF,remove,94,SURVIVED,none
FastHashMap.java,org.jugsaxony.demo4.FastHashMap,org.pitest.mutationtest.engine.gregor.mutators.RemoveConditionalMutator_EQUAL_IF,remove,94,KILLED,org.jugsaxony.demo4.FastHashMapBlackBox.[engine:junit-jupiter]/[class:org.jugsaxony.demo4.FastHashMapBlackBox]/[method:remove()]
FastHashMap.java,org.jugsaxony.demo4.FastHashMap,org.pitest.mutationtest.engine.gregor.mutators.RemoveConditionalMutator_EQUAL_IF,remove,104,KILLED,org.jugsaxony.demo4.FastHashMapBlackBox.[engine:junit-jupiter]/[class:org.jugsaxony.demo4.FastHashMapBlackBox]/[method:values()]
FastHashMap.java,org.jugsaxony.demo4.FastHashMap,org.pitest.mutationtest.engine.gregor.mutators.RemoveConditionalMutator_EQUAL_IF,remove,93,KILLED,org.jugsaxony.demo4.FastHashMapTest.[engine:junit-jupiter]/[class:org.jugsaxony.demo4.FastHashMapTest]/[method:testRemove()]
FastHashMap.java,org.jugsaxony.demo4.FastHashMap,org.pitest.mutationtest.engine.gregor.mutators.RemoveConditionalMutator_EQUAL_IF,remove,93,KILLED,org.jugsaxony.demo4.FastHashMapBlackBox.[engine:junit-jupiter]/[class:org.jugsaxony.demo4.FastHashMapBlackBox]/[method:collision()]
FastHashMap.java,org.jugsaxony.demo4.FastHashMap,org.pitest.mutationtest.engine.gregor.mutators.returns.NullReturnValsMutator,remove,101,KILLED,org.jugsaxony.demo4.FastHashMapTest.[engine:junit-jupiter]/[class:org.jugsaxony.demo4.FastHashMapTest]/[method:testRemove()]
FastHashMap.java,org.jugsaxony.demo4.FastHashMap,org.pitest.mutationtest.engine.gregor.mutators.ConditionalsBoundaryMutator,resize,156,KILLED,org.jugsaxony.demo4.FastHashMapTest.[engine:junit-jupiter]/[class:org.jugsaxony.demo4.FastHashMapTest]/[method:testResize()]
FastHashMap.java,org.jugsaxony.demo4.FastHashMap,org.pitest.mutationtest.engine.gregor.mutators.IncrementsMutator,resize,156,KILLED,org.jugsaxony.demo4.FastHashMapTest.[engine:junit-jupiter]/[class:org.jugsaxony.demo4.FastHashMapTest]/[method:testResize()]
FastHashMap.java,org.jugsaxony.demo4.FastHashMap,org.pitest.mutationtest.engine.gregor.mutators.MathMutator,resize,149,KILLED,org.jugsaxony.demo4.FastHashMapTest.[engine:junit-jupiter]/[class:org.jugsaxony.demo4.FastHashMapTest]/[method:testResize()]
FastHashMap.java,org.jugsaxony.demo4.FastHashMap,org.pitest.mutationtest.engine.gregor.mutators.RemoveConditionalMutator_EQUAL_ELSE,resize,157,KILLED,org.jugsaxony.demo4.FastHashMapTest.[engine:junit-jupiter]/[class:org.jugsaxony.demo4.FastHashMapTest]/[method:testResize()]
FastHashMap.java,org.jugsaxony.demo4.FastHashMap,org.pitest.mutationtest.engine.gregor.mutators.RemoveConditionalMutator_EQUAL_IF,resize,157,KILLED,org.jugsaxony.demo4.FastHashMapTest.[engine:junit-jupiter]/[class:org.jugsaxony.demo4.FastHashMapTest]/[method:testResize()]
FastHashMap.java,org.jugsaxony.demo4.FastHashMap,org.pitest.mutationtest.engine.gregor.mutators.RemoveConditionalMutator_ORDER_ELSE,resize,156,KILLED,org.jugsaxony.demo4.FastHashMapTest.[engine:junit-jupiter]/[class:org.jugsaxony.demo4.FastHashMapTest]/[method:testResize()]
FastHashMap.java,org.jugsaxony.demo4.FastHashMap,org.pitest.mutationtest.engine.gregor.mutators.RemoveConditionalMutator_ORDER_IF,resize,156,KILLED,org.jugsaxony.demo4.FastHashMapTest.[engine:junit-jupiter]/[class:org.jugsaxony.demo4.FastHashMapTest]/[method:testResize()]
FastHashMap.java,org.jugsaxony.demo4.FastHashMap,org.pitest.mutationtest.engine.gregor.mutators.returns.PrimitiveReturnsMutator,size,110,KILLED,org.jugsaxony.demo4.FastHashMapTest.[engine:junit-jupiter]/[class:org.jugsaxony.demo4.FastHashMapTest]/[method:testPutUpdate()]
FastHashMap.java,org.jugsaxony.demo4.FastHashMap,org.pitest.mutationtest.engine.gregor.mutators.ConditionalsBoundaryMutator,values,125,KILLED,org.jugsaxony.demo4.FastHashMapTest.[engine:junit-jupiter]/[class:org.jugsaxony.demo4.FastHashMapTest]/[method:testKeysAndValues()]
FastHashMap.java,org.jugsaxony.demo4.FastHashMap,org.pitest.mutationtest.engine.gregor.mutators.IncrementsMutator,values,125,KILLED,org.jugsaxony.demo4.FastHashMapTest.[engine:junit-jupiter]/[class:org.jugsaxony.demo4.FastHashMapTest]/[method:testKeysAndValues()]
FastHashMap.java,org.jugsaxony.demo4.FastHashMap,org.pitest.mutationtest.engine.gregor.mutators.RemoveConditionalMutator_EQUAL_ELSE,values,126,KILLED,org.jugsaxony.demo4.FastHashMapTest.[engine:junit-jupiter]/[class:org.jugsaxony.demo4.FastHashMapTest]/[method:testKeysAndValues()]
FastHashMap.java,org.jugsaxony.demo4.FastHashMap,org.pitest.mutationtest.engine.gregor.mutators.RemoveConditionalMutator_EQUAL_IF,values,126,KILLED,org.jugsaxony.demo4.FastHashMapTest.[engine:junit-jupiter]/[class:org.jugsaxony.demo4.FastHashMapTest]/[method:testKeysAndValues()]
FastHashMap.java,org.jugsaxony.demo4.FastHashMap,org.pitest.mutationtest.engine.gregor.mutators.RemoveConditionalMutator_ORDER_ELSE,values,125,KILLED,org.jugsaxony.demo4.FastHashMapTest.[engine:junit-jupiter]/[class:org.jugsaxony.demo4.FastHashMapTest]/[method:testKeysAndValues()]
FastHashMap.java,org.jugsaxony.demo4.FastHashMap,org.pitest.mutationtest.engine.gregor.mutators.RemoveConditionalMutator_ORDER_IF,values,125,KILLED,org.jugsaxony.demo4.FastHashMapTest.[engine:junit-jupiter]/[class:org.jugsaxony.demo4.FastHashMapTest]/[method:testKeysAndValues()]
FastHashMap.java,org.jugsaxony.demo4.FastHashMap,org.pitest.mutationtest.engine.gregor.mutators.returns.EmptyObjectReturnValsMutator,values,130,KILLED,org.jugsaxony.demo4.FastHashMapTest.[engine:junit-jupiter]/[class:org.jugsaxony.demo4.FastHashMapTest]/[method:testKeysAndValues()]
BitCompression.java,com.xceptance.xlt.report.util.misc.BitCompression,org.pitest.mutationtest.engine.gregor.mutators.MathMutator,combineAdjacentBits,37,KILLED,com.xceptance.xlt.report.util.misc.BitCompressionTest.[engine:junit-jupiter]/[class:com.xceptance.xlt.report.util.misc.BitCompressionTest]/[method:testCombineAdjacentBits()]
BitCompression.java,com.xceptance.xlt.report.util.misc.BitCompression,org.pitest.mutationtest.engine.gregor.mutators.MathMutator,combineAdjacentBits,37,KILLED,com.xceptance.xlt.report.util.misc.BitCompressionTest.[engine:junit-jupiter]/[class:com.xceptance.xlt.report.util.misc.BitCompressionTest]/[method:testCombineAdjacentBits()]
BitCompression.java,com.xceptance.xlt.report.util.misc.BitCompression,org.pitest.mutationtest.engine.gregor.mutators.returns.PrimitiveReturnsMutator,combineAdjacentBits,37,KILLED,com.xceptance.xlt.report.util.misc.BitCompressionTest.[engine:junit-jupiter]/[class:com.xceptance.xlt.report.util.misc.BitCompressionTest]/[method:testCombineAdjacentBits()]
BitCompression.java,com.xceptance.xlt.report.util.misc.BitCompression,org.pitest.mutationtest.engine.gregor.mutators.MathMutator,compressAndShiftOddBits,49,KILLED,com.xceptance.xlt.report.util.misc.BitCompressionTest.[engine:junit-jupiter]/[class:com.xceptance.xlt.report.util.misc.BitCompressionTest]/[method:testCompressAndShiftOddBits()]
BitCompression.java,com.xceptance.xlt.report.util.misc.BitCompression,org.pitest.mutationtest.engine.gregor.mutators.MathMutator,compressAndShiftOddBits,49,KILLED,com.xceptance.xlt.report.util.misc.BitCompressionTest.[engine:junit-jupiter]/[class:com.xceptance.xlt.report.util.misc.BitCompressionTest]/[method:testCompressAndShiftOddBits()]
BitCompression.java,com.xceptance.xlt.report.util.misc.BitCompression,org.pitest.mutationtest.engine.gregor.mutators.MathMutator,compressAndShiftOddBits,50,KILLED,com.xceptance.xlt.report.util.misc.BitCompressionTest.[engine:junit-jupiter]/[class:com.xceptance.xlt.report.util.misc.BitCompressionTest]/[method:testCompressAndShiftOddBits()]
BitCompression.java,com.xceptance.xlt.report.util.misc.BitCompression,org.pitest.mutationtest.engine.gregor.mutators.MathMutator,compressAndShiftOddBits,50,KILLED,com.xceptance.xlt.report.util.misc.BitCompressionTest.[engine:junit-jupiter]/[class:com.xceptance.xlt.report.util.misc.BitCompressionTest]/[method:testCompressAndShiftOddBits()]
BitCompression.java,com.xceptance.xlt.report.util.misc.BitCompression,org.pitest.mutationtest.engine.gregor.mutators.MathMutator,compressAndShiftOddBits,50,KILLED,com.xceptance.xlt.report.util.misc.BitCompressionTest.[engine:junit-jupiter]/[class:com.xceptance.xlt.report.util.misc.BitCompressionTest]/[method:testCompressAndShiftOddBits()]
BitCompression.java,com.xceptance.xlt.report.util.misc.BitCompression,org.pitest.mutationtest.engine.gregor.mutators.MathMutator,compressAndShiftOddBits,51,KILLED,com.xceptance.xlt.report.util.misc.BitCompressionTest.[engine:junit-jupiter]/[class:com.xceptance.xlt.report.util.misc.BitCompressionTest]/[method:testCompressAndShiftOddBits()]
BitCompression.java,com.xceptance.xlt.report.util.misc.BitCompression,org.pitest.mutationtest.engine.gregor.mutators.MathMutator,compressAndShiftOddBits,51,KILLED,com.xceptance.xlt.report.util.misc.BitCompressionTest.[engine:junit-jupiter]/[class:com.xceptance.xlt.report.util.misc.BitCompressionTest]/[method:testCompressAndShiftOddBits()]
BitCompression.java,com.xceptance.xlt.report.util.misc.BitCompression,org.pitest.mutationtest.engine.gregor.mutators.MathMutator,compressAndShiftOddBits,51,KILLED,com.xceptance.xlt.report.util.misc.BitCompressionTest.[engine:junit-jupiter]/[class:com.xceptance.xlt.report.util.misc.BitCompressionTest]/[method:testCompressAndShiftOddBits()]
BitCompression.java,com.xceptance.xlt.report.util.misc.BitCompression,org.pitest.mutationtest.engine.gregor.mutators.MathMutator,compressAndShiftOddBits,52,KILLED,com.xceptance.xlt.report.util.misc.BitCompressionTest.[engine:junit-jupiter]/[class:com.xceptance.xlt.report.util.misc.BitCompressionTest]/[method:testCompressAndShiftOddBits()]
BitCompression.java,com.xceptance.xlt.report.util.misc.BitCompression,org.pitest.mutationtest.engine.gregor.mutators.MathMutator,compressAndShiftOddBits,52,KILLED,com.xceptance.xlt.report.util.misc.BitCompressionTest.[engine:junit-jupiter]/[class:com.xceptance.xlt.report.util.misc.BitCompressionTest]/[method:testCompressAndShiftOddBits()]
BitCompression.java,com.xceptance.xlt.report.util.misc.BitCompression,org.pitest.mutationtest.engine.gregor.mutators.MathMutator,compressAndShiftOddBits,52,KILLED,com.xceptance.xlt.report.util.misc.BitCompressionTest.[engine:junit-jupiter]/[class:com.xceptance.xlt.report.util.misc.BitCompressionTest]/[method:testCompressAndShiftOddBits()]
BitCompression.java,com.xceptance.xlt.report.util.misc.BitCompression,org.pitest.mutationtest.engine.gregor.mutators.MathMutator,compressAndShiftOddBits,53,KILLED,com.xceptance.xlt.report.util.misc.BitCompressionTest.[engine:junit-jupiter]/[class:com.xceptance.xlt.report.util.misc.BitCompressionTest]/[method:testCompressAndShiftOddBits()]
BitCompression.java,com.xceptance.xlt.report.util.misc.BitCompression,org.pitest.mutationtest.engine.gregor.mutators.MathMutator,compressAndShiftOddBits,53,KILLED,com.xceptance.xlt.report.util.misc.BitCompressionTest.[engine:junit-jupiter]/[class:com.xceptance.xlt.report.util.misc.BitCompressionTest]/[method:testCompressAndShiftOddBits()]
BitCompression.java,com.xceptance.xlt.report.util.misc.BitCompression,org.pitest.mutationtest.engine.gregor.mutators.MathMutator,compressAndShiftOddBits,53,KILLED,com.xceptance.xlt.report.util.misc.BitCompressionTest.[engine:junit-jupiter]/[class:com.xceptance.xlt.report.util.misc.BitCompressionTest]/[method:testCompressAndShiftOddBits()]
BitCompression.java,com.xceptance.xlt.report.util.misc.BitCompression,org.pitest.mutationtest.engine.gregor.mutators.MathMutator,compressAndShiftOddBits,54,KILLED,com.xceptance.xlt.report.util.misc.BitCompressionTest.[engine:junit-jupiter]/[class:com.xceptance.xlt.report.util.misc.BitCompressionTest]/[method:testCompressAndShiftOddBits()]
BitCompression.java,com.xceptance.xlt.report.util.misc.BitCompression,org.pitest.mutationtest.engine.gregor.mutators.MathMutator,compressAndShiftOddBits,54,KILLED,com.xceptance.xlt.report.util.misc.BitCompressionTest.[engine:junit-jupiter]/[class:com.xceptance.xlt.report.util.misc.BitCompressionTest]/[method:testCompressAndShiftOddBits()]
BitCompression.java,com.xceptance.xlt.report.util.misc.BitCompression,org.pitest.mutationtest.engine.gregor.mutators.MathMutator,compressAndShiftOddBits,54,KILLED,com.xceptance.xlt.report.util.misc.BitCompressionTest.[engine:junit-jupiter]/[class:com.xceptance.xlt.report.util.misc.BitCompressionTest]/[method:testCompressAndShiftOddBits()]
BitCompression.java,com.xceptance.xlt.report.util.misc.BitCompression,org.pitest.mutationtest.engine.gregor.mutators.returns.PrimitiveReturnsMutator,compressAndShiftOddBits,55,KILLED,com.xceptance.xlt.report.util.misc.BitCompressionTest.[engine:junit-jupiter]/[class:com.xceptance.xlt.report.util.misc.BitCompressionTest]/[method:testCompressAndShiftOddBits()]
SimpleMath.java,org.jugsaxony.demo4.SimpleMath,org.pitest.mutationtest.engine.gregor.mutators.ConditionalsBoundaryMutator,max,7,SURVIVED,none
SimpleMath.java,org.jugsaxony.demo4.SimpleMath,org.pitest.mutationtest.engine.gregor.mutators.RemoveConditionalMutator_ORDER_ELSE,max,7,KILLED,"org.jugsaxony.demo4.SimpleMathTest.[engine:junit-jupiter]/[class:org.jugsaxony.demo4.SimpleMathTest]/[test-template:testMaxPrimitive(int, int, int)]/[test-template-invocation:#2]"
SimpleMath.java,org.jugsaxony.demo4.SimpleMath,org.pitest.mutationtest.engine.gregor.mutators.RemoveConditionalMutator_ORDER_IF,max,7,KILLED,"org.jugsaxony.demo4.SimpleMathTest.[engine:junit-jupiter]/[class:org.jugsaxony.demo4.SimpleMathTest]/[test-template:testMaxPrimitive(int, int, int)]/[test-template-invocation:#5]"
SimpleMath.java,org.jugsaxony.demo4.SimpleMath,org.pitest.mutationtest.engine.gregor.mutators.returns.PrimitiveReturnsMutator,max,7,KILLED,"org.jugsaxony.demo4.SimpleMathTest.[engine:junit-jupiter]/[class:org.jugsaxony.demo4.SimpleMathTest]/[test-template:testMaxPrimitive(int, int, int)]/[test-template-invocation:#2]"
SimpleMath.java,org.jugsaxony.demo4.SimpleMath,org.pitest.mutationtest.engine.gregor.mutators.ConditionalsBoundaryMutator,max,12,SURVIVED,none
SimpleMath.java,org.jugsaxony.demo4.SimpleMath,org.pitest.mutationtest.engine.gregor.mutators.RemoveConditionalMutator_ORDER_ELSE,max,12,KILLED,"org.jugsaxony.demo4.SimpleMathTest.[engine:junit-jupiter]/[class:org.jugsaxony.demo4.SimpleMathTest]/[test-template:testMaxInteger(java.lang.Integer, java.lang.Integer, int)]/[test-template-invocation:#4]"
SimpleMath.java,org.jugsaxony.demo4.SimpleMath,org.pitest.mutationtest.engine.gregor.mutators.RemoveConditionalMutator_ORDER_IF,max,12,KILLED,"org.jugsaxony.demo4.SimpleMathTest.[engine:junit-jupiter]/[class:org.jugsaxony.demo4.SimpleMathTest]/[test-template:testMaxInteger(java.lang.Integer, java.lang.Integer, int)]/[test-template-invocation:#5]"
SimpleMath.java,org.jugsaxony.demo4.SimpleMath,org.pitest.mutationtest.engine.gregor.mutators.returns.PrimitiveReturnsMutator,max,12,KILLED,"org.jugsaxony.demo4.SimpleMathTest.[engine:junit-jupiter]/[class:org.jugsaxony.demo4.SimpleMathTest]/[test-template:testMaxInteger(java.lang.Integer, java.lang.Integer, int)]/[test-template-invocation:#5]"
SimpleMath.java,org.jugsaxony.demo4.SimpleMath,org.pitest.mutationtest.engine.gregor.mutators.MathMutator,sum,20,KILLED,org.jugsaxony.demo4.SimpleMathTest.[engine:junit-jupiter]/[class:org.jugsaxony.demo4.SimpleMathTest]/[method:testSum()]
SimpleMath.java,org.jugsaxony.demo4.SimpleMath,org.pitest.mutationtest.engine.gregor.mutators.returns.PrimitiveReturnsMutator,sum,22,KILLED,org.jugsaxony.demo4.SimpleMathTest.[engine:junit-jupiter]/[class:org.jugsaxony.demo4.SimpleMathTest]/[method:testSumOverflow()]
SimpleMathClean.java,org.jugsaxony.demo4.SimpleMathClean,org.pitest.mutationtest.engine.gregor.mutators.ConditionalsBoundaryMutator,max,20,SURVIVED,none
SimpleMathClean.java,org.jugsaxony.demo4.SimpleMathClean,org.pitest.mutationtest.engine.gregor.mutators.RemoveConditionalMutator_ORDER_ELSE,max,20,KILLED,"org.jugsaxony.demo4.SimpleMathCleanTest.[engine:junit-jupiter]/[class:org.jugsaxony.demo4.SimpleMathCleanTest]/[test-template:testMaxPrimitive(int, int, int)]/[test-template-invocation:#6]"
SimpleMathClean.java,org.jugsaxony.demo4.SimpleMathClean,org.pitest.mutationtest.engine.gregor.mutators.RemoveConditionalMutator_ORDER_IF,max,20,KILLED,"org.jugsaxony.demo4.SimpleMathCleanTest.[engine:junit-jupiter]/[class:org.jugsaxony.demo4.SimpleMathCleanTest]/[test-template:testMaxPrimitive(int, int, int)]/[test-template-invocation:#5]"
SimpleMathClean.java,org.jugsaxony.demo4.SimpleMathClean,org.pitest.mutationtest.engine.gregor.mutators.returns.PrimitiveReturnsMutator,max,20,KILLED,"org.jugsaxony.demo4.SimpleMathCleanTest.[engine:junit-jupiter]/[class:org.jugsaxony.demo4.SimpleMathCleanTest]/[test-template:testMaxPrimitive(int, int, int)]/[test-template-invocation:#5]"
SimpleMathClean.java,org.jugsaxony.demo4.SimpleMathClean,org.pitest.mutationtest.engine.gregor.mutators.ConditionalsBoundaryMutator,max,34,SURVIVED,none
SimpleMathClean.java,org.jugsaxony.demo4.SimpleMathClean,org.pitest.mutationtest.engine.gregor.mutators.RemoveConditionalMutator_ORDER_ELSE,max,34,KILLED,"org.jugsaxony.demo4.SimpleMathCleanTest.[engine:junit-jupiter]/[class:org.jugsaxony.demo4.SimpleMathCleanTest]/[test-template:testMaxInteger(java.lang.Integer, java.lang.Integer, int)]/[test-template-invocation:#2]"
SimpleMathClean.java,org.jugsaxony.demo4.SimpleMathClean,org.pitest.mutationtest.engine.gregor.mutators.RemoveConditionalMutator_ORDER_IF,max,34,KILLED,"org.jugsaxony.demo4.SimpleMathCleanTest.[engine:junit-jupiter]/[class:org.jugsaxony.demo4.SimpleMathCleanTest]/[test-template:testMaxInteger(java.lang.Integer, java.lang.Integer, int)]/[test-template-invocation:#5]"
SimpleMathClean.java,org.jugsaxony.demo4.SimpleMathClean,org.pitest.mutationtest.engine.gregor.mutators.returns.PrimitiveReturnsMutator,max,34,KILLED,"org.jugsaxony.demo4.SimpleMathCleanTest.[engine:junit-jupiter]/[class:org.jugsaxony.demo4.SimpleMathCleanTest]/[test-template:testMaxInteger(java.lang.Integer, java.lang.Integer, int)]/[test-template-invocation:#2]"
SimpleMathClean.java,org.jugsaxony.demo4.SimpleMathClean,org.pitest.mutationtest.engine.gregor.mutators.MathMutator,sum,48,KILLED,org.jugsaxony.demo4.SimpleMathCleanTest.[engine:junit-jupiter]/[class:org.jugsaxony.demo4.SimpleMathCleanTest]/[method:testSum()]
SimpleMathClean.java,org.jugsaxony.demo4.SimpleMathClean,org.pitest.mutationtest.engine.gregor.mutators.returns.PrimitiveReturnsMutator,sum,50,KILLED,org.jugsaxony.demo4.SimpleMathCleanTest.[engine:junit-jupiter]/[class:org.jugsaxony.demo4.SimpleMathCleanTest]/[method:testSumOverflow()]
LRUClockMap.java,org.jugsaxony.demo4.LRUClockMap$DebugWrapper,org.pitest.mutationtest.engine.gregor.mutators.MathMutator,<init>,616,NO_COVERAGE,none
LRUClockMap.java,org.jugsaxony.demo4.LRUClockMap$DebugWrapper,org.pitest.mutationtest.engine.gregor.mutators.returns.EmptyObjectReturnValsMutator,toString,622,NO_COVERAGE,none
IntTimeSeries.java,com.xceptance.xlt.report.util.rework.IntTimeSeries$HistogramBucket,org.pitest.mutationtest.engine.gregor.mutators.returns.EmptyObjectReturnValsMutator,toString,489,NO_COVERAGE,none
LRUClockMap.java,org.jugsaxony.demo4.LRUClockMap$Wrapper,org.pitest.mutationtest.engine.gregor.mutators.returns.EmptyObjectReturnValsMutator,toString,96,NO_COVERAGE,none
