BitUtil.java,com.xceptance.xlt.report.util.lucene.BitUtil,org.pitest.mutationtest.engine.gregor.mutators.MathMutator,isPowerOfTwo,807,KILLED,com.xceptance.xlt.report.util.lucene.BitUtilTest.[engine:junit-jupiter]/[class:com.xceptance.xlt.report.util.lucene.BitUtilTest]/[nested-class:PowerOfTwoTest]/[test-template:isPowerOfTwoIntPositive(int)]/[test-template-invocation:#3]
BitUtil.java,com.xceptance.xlt.report.util.lucene.BitUtil,org.pitest.mutationtest.engine.gregor.mutators.MathMutator,isPowerOfTwo,807,KILLED,com.xceptance.xlt.report.util.lucene.BitUtilTest.[engine:junit-jupiter]/[class:com.xceptance.xlt.report.util.lucene.BitUtilTest]/[nested-class:PowerOfTwoTest]/[test-template:isPowerOfTwoIntPositive(int)]/[test-template-invocation:#3]
BitUtil.java,com.xceptance.xlt.report.util.lucene.BitUtil,org.pitest.mutationtest.engine.gregor.mutators.NegateConditionalsMutator,isPowerOfTwo,807,KILLED,com.xceptance.xlt.report.util.lucene.BitUtilTest.[engine:junit-jupiter]/[class:com.xceptance.xlt.report.util.lucene.BitUtilTest]/[nested-class:PowerOfTwoTest]/[test-template:isPowerOfTwoIntNegative(int)]/[test-template-invocation:#6]
BitUtil.java,com.xceptance.xlt.report.util.lucene.BitUtil,org.pitest.mutationtest.engine.gregor.mutators.returns.BooleanTrueReturnValsMutator,isPowerOfTwo,807,KILLED,com.xceptance.xlt.report.util.lucene.BitUtilTest.[engine:junit-jupiter]/[class:com.xceptance.xlt.report.util.lucene.BitUtilTest]/[nested-class:PowerOfTwoTest]/[test-template:isPowerOfTwoIntNegative(int)]/[test-template-invocation:#6]
BitUtil.java,com.xceptance.xlt.report.util.lucene.BitUtil,org.pitest.mutationtest.engine.gregor.mutators.MathMutator,isPowerOfTwo,812,KILLED,com.xceptance.xlt.report.util.lucene.BitUtilTest.[engine:junit-jupiter]/[class:com.xceptance.xlt.report.util.lucene.BitUtilTest]/[nested-class:PowerOfTwoTest]/[test-template:isPowerOfTwoLongNegative(long)]/[test-template-invocation:#4]
BitUtil.java,com.xceptance.xlt.report.util.lucene.BitUtil,org.pitest.mutationtest.engine.gregor.mutators.MathMutator,isPowerOfTwo,812,KILLED,com.xceptance.xlt.report.util.lucene.BitUtilTest.[engine:junit-jupiter]/[class:com.xceptance.xlt.report.util.lucene.BitUtilTest]/[nested-class:PowerOfTwoTest]/[test-template:isPowerOfTwoLongPositive(long)]/[test-template-invocation:#9]
BitUtil.java,com.xceptance.xlt.report.util.lucene.BitUtil,org.pitest.mutationtest.engine.gregor.mutators.NegateConditionalsMutator,isPowerOfTwo,812,KILLED,com.xceptance.xlt.report.util.lucene.BitUtilTest.[engine:junit-jupiter]/[class:com.xceptance.xlt.report.util.lucene.BitUtilTest]/[nested-class:PowerOfTwoTest]/[test-template:isPowerOfTwoLongNegative(long)]/[test-template-invocation:#2]
BitUtil.java,com.xceptance.xlt.report.util.lucene.BitUtil,org.pitest.mutationtest.engine.gregor.mutators.returns.BooleanTrueReturnValsMutator,isPowerOfTwo,812,KILLED,com.xceptance.xlt.report.util.lucene.BitUtilTest.[engine:junit-jupiter]/[class:com.xceptance.xlt.report.util.lucene.BitUtilTest]/[nested-class:PowerOfTwoTest]/[test-template:isPowerOfTwoLongNegative(long)]/[test-template-invocation:#2]
BitUtil.java,com.xceptance.xlt.report.util.lucene.BitUtil,org.pitest.mutationtest.engine.gregor.mutators.IncrementsMutator,nextHighestPowerOfTwo,817,KILLED,com.xceptance.xlt.report.util.lucene.BitUtilTest.[engine:junit-jupiter]/[class:com.xceptance.xlt.report.util.lucene.BitUtilTest]/[nested-class:PowerOfTwoTest]/[method:nextHighestPowerOfTwoInt()]
BitUtil.java,com.xceptance.xlt.report.util.lucene.BitUtil,org.pitest.mutationtest.engine.gregor.mutators.IncrementsMutator,nextHighestPowerOfTwo,823,KILLED,com.xceptance.xlt.report.util.lucene.BitUtilTest.[engine:junit-jupiter]/[class:com.xceptance.xlt.report.util.lucene.BitUtilTest]/[nested-class:PowerOfTwoTest]/[method:nextHighestPowerOfTwoInt()]
BitUtil.java,com.xceptance.xlt.report.util.lucene.BitUtil,org.pitest.mutationtest.engine.gregor.mutators.MathMutator,nextHighestPowerOfTwo,818,KILLED,com.xceptance.xlt.report.util.lucene.BitUtilTest.[engine:junit-jupiter]/[class:com.xceptance.xlt.report.util.lucene.BitUtilTest]/[nested-class:PowerOfTwoTest]/[method:nextHighestPowerOfTwoInt()]
BitUtil.java,com.xceptance.xlt.report.util.lucene.BitUtil,org.pitest.mutationtest.engine.gregor.mutators.MathMutator,nextHighestPowerOfTwo,818,KILLED,com.xceptance.xlt.report.util.lucene.BitUtilTest.[engine:junit-jupiter]/[class:com.xceptance.xlt.report.util.lucene.BitUtilTest]/[nested-class:PowerOfTwoTest]/[method:nextHighestPowerOfTwoInt()]
BitUtil.java,com.xceptance.xlt.report.util.lucene.BitUtil,org.pitest.mutationtest.engine.gregor.mutators.MathMutator,nextHighestPowerOfTwo,819,KILLED,com.xceptance.xlt.report.util.lucene.BitUtilTest.[engine:junit-jupiter]/[class:com.xceptance.xlt.report.util.lucene.BitUtilTest]/[nested-class:PowerOfTwoTest]/[method:nextHighestPowerOfTwoInt()]
BitUtil.java,com.xceptance.xlt.report.util.lucene.BitUtil,org.pitest.mutationtest.engine.gregor.mutators.MathMutator,nextHighestPowerOfTwo,819,KILLED,com.xceptance.xlt.report.util.lucene.BitUtilTest.[engine:junit-jupiter]/[class:com.xceptance.xlt.report.util.lucene.BitUtilTest]/[nested-class:PowerOfTwoTest]/[method:nextHighestPowerOfTwoInt()]
BitUtil.java,com.xceptance.xlt.report.util.lucene.BitUtil,org.pitest.mutationtest.engine.gregor.mutators.MathMutator,nextHighestPowerOfTwo,820,KILLED,com.xceptance.xlt.report.util.lucene.BitUtilTest.[engine:junit-jupiter]/[class:com.xceptance.xlt.report.util.lucene.BitUtilTest]/[nested-class:PowerOfTwoTest]/[method:nextHighestPowerOfTwoInt()]
BitUtil.java,com.xceptance.xlt.report.util.lucene.BitUtil,org.pitest.mutationtest.engine.gregor.mutators.MathMutator,nextHighestPowerOfTwo,820,KILLED,com.xceptance.xlt.report.util.lucene.BitUtilTest.[engine:junit-jupiter]/[class:com.xceptance.xlt.report.util.lucene.BitUtilTest]/[nested-class:PowerOfTwoTest]/[method:nextHighestPowerOfTwoInt()]
BitUtil.java,com.xceptance.xlt.report.util.lucene.BitUtil,org.pitest.mutationtest.engine.gregor.mutators.MathMutator,nextHighestPowerOfTwo,821,KILLED,com.xceptance.xlt.report.util.lucene.BitUtilTest.[engine:junit-jupiter]/[class:com.xceptance.xlt.report.util.lucene.BitUtilTest]/[nested-class:PowerOfTwoTest]/[method:nextHighestPowerOfTwoInt()]
BitUtil.java,com.xceptance.xlt.report.util.lucene.BitUtil,org.pitest.mutationtest.engine.gregor.mutators.MathMutator,nextHighestPowerOfTwo,821,KILLED,com.xceptance.xlt.report.util.lucene.BitUtilTest.[engine:junit-jupiter]/[class:com.xceptance.xlt.report.util.lucene.BitUtilTest]/[nested-class:PowerOfTwoTest]/[method:nextHighestPowerOfTwoInt()]
BitUtil.java,com.xceptance.xlt.report.util.lucene.BitUtil,org.pitest.mutationtest.engine.gregor.mutators.MathMutator,nextHighestPowerOfTwo,822,KILLED,com.xceptance.xlt.report.util.lucene.BitUtilTest.[engine:junit-jupiter]/[class:com.xceptance.xlt.report.util.lucene.BitUtilTest]/[nested-class:PowerOfTwoTest]/[method:nextHighestPowerOfTwoInt()]
BitUtil.java,com.xceptance.xlt.report.util.lucene.BitUtil,org.pitest.mutationtest.engine.gregor.mutators.MathMutator,nextHighestPowerOfTwo,822,KILLED,com.xceptance.xlt.report.util.lucene.BitUtilTest.[engine:junit-jupiter]/[class:com.xceptance.xlt.report.util.lucene.BitUtilTest]/[nested-class:PowerOfTwoTest]/[method:nextHighestPowerOfTwoInt()]
BitUtil.java,com.xceptance.xlt.report.util.lucene.BitUtil,org.pitest.mutationtest.engine.gregor.mutators.returns.PrimitiveReturnsMutator,nextHighestPowerOfTwo,824,KILLED,com.xceptance.xlt.report.util.lucene.BitUtilTest.[engine:junit-jupiter]/[class:com.xceptance.xlt.report.util.lucene.BitUtilTest]/[nested-class:PowerOfTwoTest]/[method:nextHighestPowerOfTwoInt()]
BitUtil.java,com.xceptance.xlt.report.util.lucene.BitUtil,org.pitest.mutationtest.engine.gregor.mutators.MathMutator,nextHighestPowerOfTwo,829,KILLED,com.xceptance.xlt.report.util.lucene.BitUtilTest.[engine:junit-jupiter]/[class:com.xceptance.xlt.report.util.lucene.BitUtilTest]/[nested-class:PowerOfTwoTest]/[method:nextHighestPowerOfTwoLong()]
BitUtil.java,com.xceptance.xlt.report.util.lucene.BitUtil,org.pitest.mutationtest.engine.gregor.mutators.MathMutator,nextHighestPowerOfTwo,830,KILLED,com.xceptance.xlt.report.util.lucene.BitUtilTest.[engine:junit-jupiter]/[class:com.xceptance.xlt.report.util.lucene.BitUtilTest]/[nested-class:PowerOfTwoTest]/[method:nextHighestPowerOfTwoLong()]
BitUtil.java,com.xceptance.xlt.report.util.lucene.BitUtil,org.pitest.mutationtest.engine.gregor.mutators.MathMutator,nextHighestPowerOfTwo,830,KILLED,com.xceptance.xlt.report.util.lucene.BitUtilTest.[engine:junit-jupiter]/[class:com.xceptance.xlt.report.util.lucene.BitUtilTest]/[nested-class:PowerOfTwoTest]/[method:nextHighestPowerOfTwoLong()]
BitUtil.java,com.xceptance.xlt.report.util.lucene.BitUtil,org.pitest.mutationtest.engine.gregor.mutators.MathMutator,nextHighestPowerOfTwo,831,KILLED,com.xceptance.xlt.report.util.lucene.BitUtilTest.[engine:junit-jupiter]/[class:com.xceptance.xlt.report.util.lucene.BitUtilTest]/[nested-class:PowerOfTwoTest]/[method:nextHighestPowerOfTwoLong()]
BitUtil.java,com.xceptance.xlt.report.util.lucene.BitUtil,org.pitest.mutationtest.engine.gregor.mutators.MathMutator,nextHighestPowerOfTwo,831,KILLED,com.xceptance.xlt.report.util.lucene.BitUtilTest.[engine:junit-jupiter]/[class:com.xceptance.xlt.report.util.lucene.BitUtilTest]/[nested-class:PowerOfTwoTest]/[method:nextHighestPowerOfTwoLong()]
BitUtil.java,com.xceptance.xlt.report.util.lucene.BitUtil,org.pitest.mutationtest.engine.gregor.mutators.MathMutator,nextHighestPowerOfTwo,832,KILLED,com.xceptance.xlt.report.util.lucene.BitUtilTest.[engine:junit-jupiter]/[class:com.xceptance.xlt.report.util.lucene.BitUtilTest]/[nested-class:PowerOfTwoTest]/[method:nextHighestPowerOfTwoLong()]
BitUtil.java,com.xceptance.xlt.report.util.lucene.BitUtil,org.pitest.mutationtest.engine.gregor.mutators.MathMutator,nextHighestPowerOfTwo,832,KILLED,com.xceptance.xlt.report.util.lucene.BitUtilTest.[engine:junit-jupiter]/[class:com.xceptance.xlt.report.util.lucene.BitUtilTest]/[nested-class:PowerOfTwoTest]/[method:nextHighestPowerOfTwoLong()]
BitUtil.java,com.xceptance.xlt.report.util.lucene.BitUtil,org.pitest.mutationtest.engine.gregor.mutators.MathMutator,nextHighestPowerOfTwo,833,KILLED,com.xceptance.xlt.report.util.lucene.BitUtilTest.[engine:junit-jupiter]/[class:com.xceptance.xlt.report.util.lucene.BitUtilTest]/[nested-class:PowerOfTwoTest]/[method:nextHighestPowerOfTwoLong()]
BitUtil.java,com.xceptance.xlt.report.util.lucene.BitUtil,org.pitest.mutationtest.engine.gregor.mutators.MathMutator,nextHighestPowerOfTwo,833,KILLED,com.xceptance.xlt.report.util.lucene.BitUtilTest.[engine:junit-jupiter]/[class:com.xceptance.xlt.report.util.lucene.BitUtilTest]/[nested-class:PowerOfTwoTest]/[method:nextHighestPowerOfTwoLong()]
BitUtil.java,com.xceptance.xlt.report.util.lucene.BitUtil,org.pitest.mutationtest.engine.gregor.mutators.MathMutator,nextHighestPowerOfTwo,834,KILLED,com.xceptance.xlt.report.util.lucene.BitUtilTest.[engine:junit-jupiter]/[class:com.xceptance.xlt.report.util.lucene.BitUtilTest]/[nested-class:PowerOfTwoTest]/[method:nextHighestPowerOfTwoLong()]
BitUtil.java,com.xceptance.xlt.report.util.lucene.BitUtil,org.pitest.mutationtest.engine.gregor.mutators.MathMutator,nextHighestPowerOfTwo,834,KILLED,com.xceptance.xlt.report.util.lucene.BitUtilTest.[engine:junit-jupiter]/[class:com.xceptance.xlt.report.util.lucene.BitUtilTest]/[nested-class:PowerOfTwoTest]/[method:nextHighestPowerOfTwoLong()]
BitUtil.java,com.xceptance.xlt.report.util.lucene.BitUtil,org.pitest.mutationtest.engine.gregor.mutators.MathMutator,nextHighestPowerOfTwo,835,KILLED,com.xceptance.xlt.report.util.lucene.BitUtilTest.[engine:junit-jupiter]/[class:com.xceptance.xlt.report.util.lucene.BitUtilTest]/[nested-class:PowerOfTwoTest]/[method:nextHighestPowerOfTwoLong()]
BitUtil.java,com.xceptance.xlt.report.util.lucene.BitUtil,org.pitest.mutationtest.engine.gregor.mutators.MathMutator,nextHighestPowerOfTwo,835,KILLED,com.xceptance.xlt.report.util.lucene.BitUtilTest.[engine:junit-jupiter]/[class:com.xceptance.xlt.report.util.lucene.BitUtilTest]/[nested-class:PowerOfTwoTest]/[method:nextHighestPowerOfTwoLong()]
BitUtil.java,com.xceptance.xlt.report.util.lucene.BitUtil,org.pitest.mutationtest.engine.gregor.mutators.MathMutator,nextHighestPowerOfTwo,836,KILLED,com.xceptance.xlt.report.util.lucene.BitUtilTest.[engine:junit-jupiter]/[class:com.xceptance.xlt.report.util.lucene.BitUtilTest]/[nested-class:PowerOfTwoTest]/[method:nextHighestPowerOfTwoLong()]
BitUtil.java,com.xceptance.xlt.report.util.lucene.BitUtil,org.pitest.mutationtest.engine.gregor.mutators.returns.PrimitiveReturnsMutator,nextHighestPowerOfTwo,837,KILLED,com.xceptance.xlt.report.util.lucene.BitUtilTest.[engine:junit-jupiter]/[class:com.xceptance.xlt.report.util.lucene.BitUtilTest]/[nested-class:PowerOfTwoTest]/[method:nextHighestPowerOfTwoLong()]
BitUtil.java,com.xceptance.xlt.report.util.lucene.BitUtil,org.pitest.mutationtest.engine.gregor.mutators.IncrementsMutator,nlz,791,KILLED,com.xceptance.xlt.report.util.lucene.BitUtilTest.[engine:junit-jupiter]/[class:com.xceptance.xlt.report.util.lucene.BitUtilTest]/[nested-class:NumberOfLeadingZerosTest]/[method:nlzLong()]
BitUtil.java,com.xceptance.xlt.report.util.lucene.BitUtil,org.pitest.mutationtest.engine.gregor.mutators.IncrementsMutator,nlz,792,KILLED,com.xceptance.xlt.report.util.lucene.BitUtilTest.[engine:junit-jupiter]/[class:com.xceptance.xlt.report.util.lucene.BitUtilTest]/[nested-class:NumberOfLeadingZerosTest]/[method:nlzLong()]
BitUtil.java,com.xceptance.xlt.report.util.lucene.BitUtil,org.pitest.mutationtest.engine.gregor.mutators.IncrementsMutator,nlz,793,KILLED,com.xceptance.xlt.report.util.lucene.BitUtilTest.[engine:junit-jupiter]/[class:com.xceptance.xlt.report.util.lucene.BitUtilTest]/[nested-class:NumberOfLeadingZerosTest]/[method:nlzLong()]
BitUtil.java,com.xceptance.xlt.report.util.lucene.BitUtil,org.pitest.mutationtest.engine.gregor.mutators.MathMutator,nlz,790,KILLED,com.xceptance.xlt.report.util.lucene.BitUtilTest.[engine:junit-jupiter]/[class:com.xceptance.xlt.report.util.lucene.BitUtilTest]/[nested-class:NumberOfLeadingZerosTest]/[method:nlzLong()]
BitUtil.java,com.xceptance.xlt.report.util.lucene.BitUtil,org.pitest.mutationtest.engine.gregor.mutators.MathMutator,nlz,792,KILLED,com.xceptance.xlt.report.util.lucene.BitUtilTest.[engine:junit-jupiter]/[class:com.xceptance.xlt.report.util.lucene.BitUtilTest]/[nested-class:NumberOfLeadingZerosTest]/[method:nlzLong()]
BitUtil.java,com.xceptance.xlt.report.util.lucene.BitUtil,org.pitest.mutationtest.engine.gregor.mutators.MathMutator,nlz,792,KILLED,com.xceptance.xlt.report.util.lucene.BitUtilTest.[engine:junit-jupiter]/[class:com.xceptance.xlt.report.util.lucene.BitUtilTest]/[nested-class:NumberOfLeadingZerosTest]/[method:nlzLong()]
BitUtil.java,com.xceptance.xlt.report.util.lucene.BitUtil,org.pitest.mutationtest.engine.gregor.mutators.MathMutator,nlz,793,KILLED,com.xceptance.xlt.report.util.lucene.BitUtilTest.[engine:junit-jupiter]/[class:com.xceptance.xlt.report.util.lucene.BitUtilTest]/[nested-class:NumberOfLeadingZerosTest]/[method:nlzLong()]
BitUtil.java,com.xceptance.xlt.report.util.lucene.BitUtil,org.pitest.mutationtest.engine.gregor.mutators.MathMutator,nlz,793,KILLED,com.xceptance.xlt.report.util.lucene.BitUtilTest.[engine:junit-jupiter]/[class:com.xceptance.xlt.report.util.lucene.BitUtilTest]/[nested-class:NumberOfLeadingZerosTest]/[method:nlzLong()]
BitUtil.java,com.xceptance.xlt.report.util.lucene.BitUtil,org.pitest.mutationtest.engine.gregor.mutators.MathMutator,nlz,794,KILLED,com.xceptance.xlt.report.util.lucene.BitUtilTest.[engine:junit-jupiter]/[class:com.xceptance.xlt.report.util.lucene.BitUtilTest]/[nested-class:NumberOfLeadingZerosTest]/[method:nlzLong()]
BitUtil.java,com.xceptance.xlt.report.util.lucene.BitUtil,org.pitest.mutationtest.engine.gregor.mutators.MathMutator,nlz,794,KILLED,com.xceptance.xlt.report.util.lucene.BitUtilTest.[engine:junit-jupiter]/[class:com.xceptance.xlt.report.util.lucene.BitUtilTest]/[nested-class:NumberOfLeadingZerosTest]/[method:nlzLong()]
BitUtil.java,com.xceptance.xlt.report.util.lucene.BitUtil,org.pitest.mutationtest.engine.gregor.mutators.NegateConditionalsMutator,nlz,791,KILLED,com.xceptance.xlt.report.util.lucene.BitUtilTest.[engine:junit-jupiter]/[class:com.xceptance.xlt.report.util.lucene.BitUtilTest]/[nested-class:NumberOfLeadingZerosTest]/[method:nlzLong()]
BitUtil.java,com.xceptance.xlt.report.util.lucene.BitUtil,org.pitest.mutationtest.engine.gregor.mutators.NegateConditionalsMutator,nlz,792,KILLED,com.xceptance.xlt.report.util.lucene.BitUtilTest.[engine:junit-jupiter]/[class:com.xceptance.xlt.report.util.lucene.BitUtilTest]/[nested-class:NumberOfLeadingZerosTest]/[method:nlzLong()]
BitUtil.java,com.xceptance.xlt.report.util.lucene.BitUtil,org.pitest.mutationtest.engine.gregor.mutators.NegateConditionalsMutator,nlz,793,KILLED,com.xceptance.xlt.report.util.lucene.BitUtilTest.[engine:junit-jupiter]/[class:com.xceptance.xlt.report.util.lucene.BitUtilTest]/[nested-class:NumberOfLeadingZerosTest]/[method:nlzLong()]
BitUtil.java,com.xceptance.xlt.report.util.lucene.BitUtil,org.pitest.mutationtest.engine.gregor.mutators.returns.PrimitiveReturnsMutator,nlz,794,KILLED,com.xceptance.xlt.report.util.lucene.BitUtilTest.[engine:junit-jupiter]/[class:com.xceptance.xlt.report.util.lucene.BitUtilTest]/[nested-class:NumberOfLeadingZerosTest]/[method:nlzLong()]
BitUtil.java,com.xceptance.xlt.report.util.lucene.BitUtil,org.pitest.mutationtest.engine.gregor.mutators.MathMutator,ntz,739,KILLED,com.xceptance.xlt.report.util.lucene.BitUtilTest.[engine:junit-jupiter]/[class:com.xceptance.xlt.report.util.lucene.BitUtilTest]/[nested-class:NumberOfTrailingZerosTest]/[method:ntzInt()]
BitUtil.java,com.xceptance.xlt.report.util.lucene.BitUtil,org.pitest.mutationtest.engine.gregor.mutators.MathMutator,ntz,741,KILLED,com.xceptance.xlt.report.util.lucene.BitUtilTest.[engine:junit-jupiter]/[class:com.xceptance.xlt.report.util.lucene.BitUtilTest]/[nested-class:NumberOfTrailingZerosTest]/[method:ntzInt()]
BitUtil.java,com.xceptance.xlt.report.util.lucene.BitUtil,org.pitest.mutationtest.engine.gregor.mutators.MathMutator,ntz,741,KILLED,com.xceptance.xlt.report.util.lucene.BitUtilTest.[engine:junit-jupiter]/[class:com.xceptance.xlt.report.util.lucene.BitUtilTest]/[nested-class:NumberOfTrailingZerosTest]/[method:ntzInt()]
BitUtil.java,com.xceptance.xlt.report.util.lucene.BitUtil,org.pitest.mutationtest.engine.gregor.mutators.MathMutator,ntz,742,KILLED,com.xceptance.xlt.report.util.lucene.BitUtilTest.[engine:junit-jupiter]/[class:com.xceptance.xlt.report.util.lucene.BitUtilTest]/[nested-class:NumberOfTrailingZerosTest]/[method:ntzInt()]
BitUtil.java,com.xceptance.xlt.report.util.lucene.BitUtil,org.pitest.mutationtest.engine.gregor.mutators.MathMutator,ntz,743,KILLED,com.xceptance.xlt.report.util.lucene.BitUtilTest.[engine:junit-jupiter]/[class:com.xceptance.xlt.report.util.lucene.BitUtilTest]/[nested-class:NumberOfTrailingZerosTest]/[method:ntzInt()]
BitUtil.java,com.xceptance.xlt.report.util.lucene.BitUtil,org.pitest.mutationtest.engine.gregor.mutators.MathMutator,ntz,743,KILLED,com.xceptance.xlt.report.util.lucene.BitUtilTest.[engine:junit-jupiter]/[class:com.xceptance.xlt.report.util.lucene.BitUtilTest]/[nested-class:NumberOfTrailingZerosTest]/[method:ntzInt()]
BitUtil.java,com.xceptance.xlt.report.util.lucene.BitUtil,org.pitest.mutationtest.engine.gregor.mutators.MathMutator,ntz,744,KILLED,com.xceptance.xlt.report.util.lucene.BitUtilTest.[engine:junit-jupiter]/[class:com.xceptance.xlt.report.util.lucene.BitUtilTest]/[nested-class:NumberOfTrailingZerosTest]/[method:ntzInt()]
BitUtil.java,com.xceptance.xlt.report.util.lucene.BitUtil,org.pitest.mutationtest.engine.gregor.mutators.MathMutator,ntz,747,KILLED,com.xceptance.xlt.report.util.lucene.BitUtilTest.[engine:junit-jupiter]/[class:com.xceptance.xlt.report.util.lucene.BitUtilTest]/[nested-class:NumberOfTrailingZerosTest]/[method:ntzInt()]
BitUtil.java,com.xceptance.xlt.report.util.lucene.BitUtil,org.pitest.mutationtest.engine.gregor.mutators.MathMutator,ntz,747,KILLED,com.xceptance.xlt.report.util.lucene.BitUtilTest.[engine:junit-jupiter]/[class:com.xceptance.xlt.report.util.lucene.BitUtilTest]/[nested-class:NumberOfTrailingZerosTest]/[method:ntzInt()]
BitUtil.java,com.xceptance.xlt.report.util.lucene.BitUtil,org.pitest.mutationtest.engine.gregor.mutators.NegateConditionalsMutator,ntz,740,KILLED,com.xceptance.xlt.report.util.lucene.BitUtilTest.[engine:junit-jupiter]/[class:com.xceptance.xlt.report.util.lucene.BitUtilTest]/[nested-class:NumberOfTrailingZerosTest]/[method:ntzInt()]
BitUtil.java,com.xceptance.xlt.report.util.lucene.BitUtil,org.pitest.mutationtest.engine.gregor.mutators.NegateConditionalsMutator,ntz,742,KILLED,com.xceptance.xlt.report.util.lucene.BitUtilTest.[engine:junit-jupiter]/[class:com.xceptance.xlt.report.util.lucene.BitUtilTest]/[nested-class:NumberOfTrailingZerosTest]/[method:ntzInt()]
BitUtil.java,com.xceptance.xlt.report.util.lucene.BitUtil,org.pitest.mutationtest.engine.gregor.mutators.NegateConditionalsMutator,ntz,744,KILLED,com.xceptance.xlt.report.util.lucene.BitUtilTest.[engine:junit-jupiter]/[class:com.xceptance.xlt.report.util.lucene.BitUtilTest]/[nested-class:NumberOfTrailingZerosTest]/[method:ntzInt()]
BitUtil.java,com.xceptance.xlt.report.util.lucene.BitUtil,org.pitest.mutationtest.engine.gregor.mutators.returns.PrimitiveReturnsMutator,ntz,740,KILLED,com.xceptance.xlt.report.util.lucene.BitUtilTest.[engine:junit-jupiter]/[class:com.xceptance.xlt.report.util.lucene.BitUtilTest]/[nested-class:NumberOfTrailingZerosTest]/[method:ntzInt()]
BitUtil.java,com.xceptance.xlt.report.util.lucene.BitUtil,org.pitest.mutationtest.engine.gregor.mutators.returns.PrimitiveReturnsMutator,ntz,742,KILLED,com.xceptance.xlt.report.util.lucene.BitUtilTest.[engine:junit-jupiter]/[class:com.xceptance.xlt.report.util.lucene.BitUtilTest]/[nested-class:NumberOfTrailingZerosTest]/[method:ntzInt()]
BitUtil.java,com.xceptance.xlt.report.util.lucene.BitUtil,org.pitest.mutationtest.engine.gregor.mutators.returns.PrimitiveReturnsMutator,ntz,744,KILLED,com.xceptance.xlt.report.util.lucene.BitUtilTest.[engine:junit-jupiter]/[class:com.xceptance.xlt.report.util.lucene.BitUtilTest]/[nested-class:NumberOfTrailingZerosTest]/[method:ntzInt()]
BitUtil.java,com.xceptance.xlt.report.util.lucene.BitUtil,org.pitest.mutationtest.engine.gregor.mutators.returns.PrimitiveReturnsMutator,ntz,747,KILLED,com.xceptance.xlt.report.util.lucene.BitUtilTest.[engine:junit-jupiter]/[class:com.xceptance.xlt.report.util.lucene.BitUtilTest]/[nested-class:NumberOfTrailingZerosTest]/[method:ntzInt()]
BitUtil.java,com.xceptance.xlt.report.util.lucene.BitUtil,org.pitest.mutationtest.engine.gregor.mutators.MathMutator,ntz,707,KILLED,com.xceptance.xlt.report.util.lucene.BitUtilTest.[engine:junit-jupiter]/[class:com.xceptance.xlt.report.util.lucene.BitUtilTest]/[nested-class:NumberOfTrailingZerosTest]/[method:ntzLong()]
BitUtil.java,com.xceptance.xlt.report.util.lucene.BitUtil,org.pitest.mutationtest.engine.gregor.mutators.MathMutator,ntz,711,KILLED,com.xceptance.xlt.report.util.lucene.BitUtilTest.[engine:junit-jupiter]/[class:com.xceptance.xlt.report.util.lucene.BitUtilTest]/[nested-class:NumberOfTrailingZerosTest]/[method:ntzLong()]
BitUtil.java,com.xceptance.xlt.report.util.lucene.BitUtil,org.pitest.mutationtest.engine.gregor.mutators.MathMutator,ntz,711,KILLED,com.xceptance.xlt.report.util.lucene.BitUtilTest.[engine:junit-jupiter]/[class:com.xceptance.xlt.report.util.lucene.BitUtilTest]/[nested-class:NumberOfTrailingZerosTest]/[method:ntzLong()]
BitUtil.java,com.xceptance.xlt.report.util.lucene.BitUtil,org.pitest.mutationtest.engine.gregor.mutators.MathMutator,ntz,712,KILLED,com.xceptance.xlt.report.util.lucene.BitUtilTest.[engine:junit-jupiter]/[class:com.xceptance.xlt.report.util.lucene.BitUtilTest]/[nested-class:NumberOfTrailingZerosTest]/[method:ntzLong()]
BitUtil.java,com.xceptance.xlt.report.util.lucene.BitUtil,org.pitest.mutationtest.engine.gregor.mutators.MathMutator,ntz,713,KILLED,com.xceptance.xlt.report.util.lucene.BitUtilTest.[engine:junit-jupiter]/[class:com.xceptance.xlt.report.util.lucene.BitUtilTest]/[nested-class:NumberOfTrailingZerosTest]/[method:ntzLong()]
BitUtil.java,com.xceptance.xlt.report.util.lucene.BitUtil,org.pitest.mutationtest.engine.gregor.mutators.MathMutator,ntz,713,KILLED,com.xceptance.xlt.report.util.lucene.BitUtilTest.[engine:junit-jupiter]/[class:com.xceptance.xlt.report.util.lucene.BitUtilTest]/[nested-class:NumberOfTrailingZerosTest]/[method:ntzLong()]
BitUtil.java,com.xceptance.xlt.report.util.lucene.BitUtil,org.pitest.mutationtest.engine.gregor.mutators.MathMutator,ntz,714,KILLED,com.xceptance.xlt.report.util.lucene.BitUtilTest.[engine:junit-jupiter]/[class:com.xceptance.xlt.report.util.lucene.BitUtilTest]/[nested-class:NumberOfTrailingZerosTest]/[method:ntzLong()]
BitUtil.java,com.xceptance.xlt.report.util.lucene.BitUtil,org.pitest.mutationtest.engine.gregor.mutators.MathMutator,ntz,717,KILLED,com.xceptance.xlt.report.util.lucene.BitUtilTest.[engine:junit-jupiter]/[class:com.xceptance.xlt.report.util.lucene.BitUtilTest]/[nested-class:NumberOfTrailingZerosTest]/[method:ntzLong()]
BitUtil.java,com.xceptance.xlt.report.util.lucene.BitUtil,org.pitest.mutationtest.engine.gregor.mutators.MathMutator,ntz,717,KILLED,com.xceptance.xlt.report.util.lucene.BitUtilTest.[engine:junit-jupiter]/[class:com.xceptance.xlt.report.util.lucene.BitUtilTest]/[nested-class:NumberOfTrailingZerosTest]/[method:ntzLong()]
BitUtil.java,com.xceptance.xlt.report.util.lucene.BitUtil,org.pitest.mutationtest.engine.gregor.mutators.MathMutator,ntz,720,KILLED,com.xceptance.xlt.report.util.lucene.BitUtilTest.[engine:junit-jupiter]/[class:com.xceptance.xlt.report.util.lucene.BitUtilTest]/[nested-class:NumberOfTrailingZerosTest]/[method:ntzLong()]
BitUtil.java,com.xceptance.xlt.report.util.lucene.BitUtil,org.pitest.mutationtest.engine.gregor.mutators.MathMutator,ntz,721,KILLED,com.xceptance.xlt.report.util.lucene.BitUtilTest.[engine:junit-jupiter]/[class:com.xceptance.xlt.report.util.lucene.BitUtilTest]/[nested-class:NumberOfTrailingZerosTest]/[method:ntzLong()]
BitUtil.java,com.xceptance.xlt.report.util.lucene.BitUtil,org.pitest.mutationtest.engine.gregor.mutators.MathMutator,ntz,722,KILLED,com.xceptance.xlt.report.util.lucene.BitUtilTest.[engine:junit-jupiter]/[class:com.xceptance.xlt.report.util.lucene.BitUtilTest]/[nested-class:NumberOfTrailingZerosTest]/[method:ntzLong()]
BitUtil.java,com.xceptance.xlt.report.util.lucene.BitUtil,org.pitest.mutationtest.engine.gregor.mutators.MathMutator,ntz,723,KILLED,com.xceptance.xlt.report.util.lucene.BitUtilTest.[engine:junit-jupiter]/[class:com.xceptance.xlt.report.util.lucene.BitUtilTest]/[nested-class:NumberOfTrailingZerosTest]/[method:ntzLong()]
BitUtil.java,com.xceptance.xlt.report.util.lucene.BitUtil,org.pitest.mutationtest.engine.gregor.mutators.MathMutator,ntz,723,KILLED,com.xceptance.xlt.report.util.lucene.BitUtilTest.[engine:junit-jupiter]/[class:com.xceptance.xlt.report.util.lucene.BitUtilTest]/[nested-class:NumberOfTrailingZerosTest]/[method:ntzLong()]
BitUtil.java,com.xceptance.xlt.report.util.lucene.BitUtil,org.pitest.mutationtest.engine.gregor.mutators.MathMutator,ntz,724,KILLED,com.xceptance.xlt.report.util.lucene.BitUtilTest.[engine:junit-jupiter]/[class:com.xceptance.xlt.report.util.lucene.BitUtilTest]/[nested-class:NumberOfTrailingZerosTest]/[method:ntzLong()]
BitUtil.java,com.xceptance.xlt.report.util.lucene.BitUtil,org.pitest.mutationtest.engine.gregor.mutators.MathMutator,ntz,725,KILLED,com.xceptance.xlt.report.util.lucene.BitUtilTest.[engine:junit-jupiter]/[class:com.xceptance.xlt.report.util.lucene.BitUtilTest]/[nested-class:NumberOfTrailingZerosTest]/[method:ntzLong()]
BitUtil.java,com.xceptance.xlt.report.util.lucene.BitUtil,org.pitest.mutationtest.engine.gregor.mutators.MathMutator,ntz,725,KILLED,com.xceptance.xlt.report.util.lucene.BitUtilTest.[engine:junit-jupiter]/[class:com.xceptance.xlt.report.util.lucene.BitUtilTest]/[nested-class:NumberOfTrailingZerosTest]/[method:ntzLong()]
BitUtil.java,com.xceptance.xlt.report.util.lucene.BitUtil,org.pitest.mutationtest.engine.gregor.mutators.MathMutator,ntz,726,KILLED,com.xceptance.xlt.report.util.lucene.BitUtilTest.[engine:junit-jupiter]/[class:com.xceptance.xlt.report.util.lucene.BitUtilTest]/[nested-class:NumberOfTrailingZerosTest]/[method:ntzLong()]
BitUtil.java,com.xceptance.xlt.report.util.lucene.BitUtil,org.pitest.mutationtest.engine.gregor.mutators.MathMutator,ntz,729,KILLED,com.xceptance.xlt.report.util.lucene.BitUtilTest.[engine:junit-jupiter]/[class:com.xceptance.xlt.report.util.lucene.BitUtilTest]/[nested-class:NumberOfTrailingZerosTest]/[method:ntzLong()]
BitUtil.java,com.xceptance.xlt.report.util.lucene.BitUtil,org.pitest.mutationtest.engine.gregor.mutators.MathMutator,ntz,729,KILLED,com.xceptance.xlt.report.util.lucene.BitUtilTest.[engine:junit-jupiter]/[class:com.xceptance.xlt.report.util.lucene.BitUtilTest]/[nested-class:NumberOfTrailingZerosTest]/[method:ntzLong()]
BitUtil.java,com.xceptance.xlt.report.util.lucene.BitUtil,org.pitest.mutationtest.engine.gregor.mutators.NegateConditionalsMutator,ntz,708,KILLED,com.xceptance.xlt.report.util.lucene.BitUtilTest.[engine:junit-jupiter]/[class:com.xceptance.xlt.report.util.lucene.BitUtilTest]/[nested-class:NumberOfTrailingZerosTest]/[method:ntzLong()]
BitUtil.java,com.xceptance.xlt.report.util.lucene.BitUtil,org.pitest.mutationtest.engine.gregor.mutators.NegateConditionalsMutator,ntz,710,KILLED,com.xceptance.xlt.report.util.lucene.BitUtilTest.[engine:junit-jupiter]/[class:com.xceptance.xlt.report.util.lucene.BitUtilTest]/[nested-class:NumberOfTrailingZerosTest]/[method:ntzLong()]
BitUtil.java,com.xceptance.xlt.report.util.lucene.BitUtil,org.pitest.mutationtest.engine.gregor.mutators.NegateConditionalsMutator,ntz,712,KILLED,com.xceptance.xlt.report.util.lucene.BitUtilTest.[engine:junit-jupiter]/[class:com.xceptance.xlt.report.util.lucene.BitUtilTest]/[nested-class:NumberOfTrailingZerosTest]/[method:ntzLong()]
BitUtil.java,com.xceptance.xlt.report.util.lucene.BitUtil,org.pitest.mutationtest.engine.gregor.mutators.NegateConditionalsMutator,ntz,714,KILLED,com.xceptance.xlt.report.util.lucene.BitUtilTest.[engine:junit-jupiter]/[class:com.xceptance.xlt.report.util.lucene.BitUtilTest]/[nested-class:NumberOfTrailingZerosTest]/[method:ntzLong()]
BitUtil.java,com.xceptance.xlt.report.util.lucene.BitUtil,org.pitest.mutationtest.engine.gregor.mutators.NegateConditionalsMutator,ntz,722,KILLED,com.xceptance.xlt.report.util.lucene.BitUtilTest.[engine:junit-jupiter]/[class:com.xceptance.xlt.report.util.lucene.BitUtilTest]/[nested-class:NumberOfTrailingZerosTest]/[method:ntzLong()]
BitUtil.java,com.xceptance.xlt.report.util.lucene.BitUtil,org.pitest.mutationtest.engine.gregor.mutators.NegateConditionalsMutator,ntz,724,KILLED,com.xceptance.xlt.report.util.lucene.BitUtilTest.[engine:junit-jupiter]/[class:com.xceptance.xlt.report.util.lucene.BitUtilTest]/[nested-class:NumberOfTrailingZerosTest]/[method:ntzLong()]
BitUtil.java,com.xceptance.xlt.report.util.lucene.BitUtil,org.pitest.mutationtest.engine.gregor.mutators.NegateConditionalsMutator,ntz,726,KILLED,com.xceptance.xlt.report.util.lucene.BitUtilTest.[engine:junit-jupiter]/[class:com.xceptance.xlt.report.util.lucene.BitUtilTest]/[nested-class:NumberOfTrailingZerosTest]/[method:ntzLong()]
BitUtil.java,com.xceptance.xlt.report.util.lucene.BitUtil,org.pitest.mutationtest.engine.gregor.mutators.returns.PrimitiveReturnsMutator,ntz,708,KILLED,com.xceptance.xlt.report.util.lucene.BitUtilTest.[engine:junit-jupiter]/[class:com.xceptance.xlt.report.util.lucene.BitUtilTest]/[nested-class:NumberOfTrailingZerosTest]/[method:ntzLong()]
BitUtil.java,com.xceptance.xlt.report.util.lucene.BitUtil,org.pitest.mutationtest.engine.gregor.mutators.returns.PrimitiveReturnsMutator,ntz,712,KILLED,com.xceptance.xlt.report.util.lucene.BitUtilTest.[engine:junit-jupiter]/[class:com.xceptance.xlt.report.util.lucene.BitUtilTest]/[nested-class:NumberOfTrailingZerosTest]/[method:ntzLong()]
BitUtil.java,com.xceptance.xlt.report.util.lucene.BitUtil,org.pitest.mutationtest.engine.gregor.mutators.returns.PrimitiveReturnsMutator,ntz,714,KILLED,com.xceptance.xlt.report.util.lucene.BitUtilTest.[engine:junit-jupiter]/[class:com.xceptance.xlt.report.util.lucene.BitUtilTest]/[nested-class:NumberOfTrailingZerosTest]/[method:ntzLong()]
BitUtil.java,com.xceptance.xlt.report.util.lucene.BitUtil,org.pitest.mutationtest.engine.gregor.mutators.returns.PrimitiveReturnsMutator,ntz,717,KILLED,com.xceptance.xlt.report.util.lucene.BitUtilTest.[engine:junit-jupiter]/[class:com.xceptance.xlt.report.util.lucene.BitUtilTest]/[nested-class:NumberOfTrailingZerosTest]/[method:ntzLong()]
BitUtil.java,com.xceptance.xlt.report.util.lucene.BitUtil,org.pitest.mutationtest.engine.gregor.mutators.returns.PrimitiveReturnsMutator,ntz,722,KILLED,com.xceptance.xlt.report.util.lucene.BitUtilTest.[engine:junit-jupiter]/[class:com.xceptance.xlt.report.util.lucene.BitUtilTest]/[nested-class:NumberOfTrailingZerosTest]/[method:ntzLong()]
BitUtil.java,com.xceptance.xlt.report.util.lucene.BitUtil,org.pitest.mutationtest.engine.gregor.mutators.returns.PrimitiveReturnsMutator,ntz,724,KILLED,com.xceptance.xlt.report.util.lucene.BitUtilTest.[engine:junit-jupiter]/[class:com.xceptance.xlt.report.util.lucene.BitUtilTest]/[nested-class:NumberOfTrailingZerosTest]/[method:ntzLong()]
BitUtil.java,com.xceptance.xlt.report.util.lucene.BitUtil,org.pitest.mutationtest.engine.gregor.mutators.returns.PrimitiveReturnsMutator,ntz,726,KILLED,com.xceptance.xlt.report.util.lucene.BitUtilTest.[engine:junit-jupiter]/[class:com.xceptance.xlt.report.util.lucene.BitUtilTest]/[nested-class:NumberOfTrailingZerosTest]/[method:ntzLong()]
BitUtil.java,com.xceptance.xlt.report.util.lucene.BitUtil,org.pitest.mutationtest.engine.gregor.mutators.returns.PrimitiveReturnsMutator,ntz,729,KILLED,com.xceptance.xlt.report.util.lucene.BitUtilTest.[engine:junit-jupiter]/[class:com.xceptance.xlt.report.util.lucene.BitUtilTest]/[nested-class:NumberOfTrailingZerosTest]/[method:ntzLong()]
BitUtil.java,com.xceptance.xlt.report.util.lucene.BitUtil,org.pitest.mutationtest.engine.gregor.mutators.IncrementsMutator,ntz2,757,KILLED,com.xceptance.xlt.report.util.lucene.BitUtilTest.[engine:junit-jupiter]/[class:com.xceptance.xlt.report.util.lucene.BitUtilTest]/[nested-class:NumberOfTrailingZerosTest]/[method:ntz2Long()]
BitUtil.java,com.xceptance.xlt.report.util.lucene.BitUtil,org.pitest.mutationtest.engine.gregor.mutators.IncrementsMutator,ntz2,758,KILLED,com.xceptance.xlt.report.util.lucene.BitUtilTest.[engine:junit-jupiter]/[class:com.xceptance.xlt.report.util.lucene.BitUtilTest]/[nested-class:NumberOfTrailingZerosTest]/[method:ntz2Long()]
BitUtil.java,com.xceptance.xlt.report.util.lucene.BitUtil,org.pitest.mutationtest.engine.gregor.mutators.IncrementsMutator,ntz2,759,KILLED,com.xceptance.xlt.report.util.lucene.BitUtilTest.[engine:junit-jupiter]/[class:com.xceptance.xlt.report.util.lucene.BitUtilTest]/[nested-class:NumberOfTrailingZerosTest]/[method:ntz2Long()]
BitUtil.java,com.xceptance.xlt.report.util.lucene.BitUtil,org.pitest.mutationtest.engine.gregor.mutators.MathMutator,ntz2,757,KILLED,com.xceptance.xlt.report.util.lucene.BitUtilTest.[engine:junit-jupiter]/[class:com.xceptance.xlt.report.util.lucene.BitUtilTest]/[nested-class:NumberOfTrailingZerosTest]/[method:ntz2Long()]
BitUtil.java,com.xceptance.xlt.report.util.lucene.BitUtil,org.pitest.mutationtest.engine.gregor.mutators.MathMutator,ntz2,758,KILLED,com.xceptance.xlt.report.util.lucene.BitUtilTest.[engine:junit-jupiter]/[class:com.xceptance.xlt.report.util.lucene.BitUtilTest]/[nested-class:NumberOfTrailingZerosTest]/[method:ntz2Long()]
BitUtil.java,com.xceptance.xlt.report.util.lucene.BitUtil,org.pitest.mutationtest.engine.gregor.mutators.MathMutator,ntz2,758,KILLED,com.xceptance.xlt.report.util.lucene.BitUtilTest.[engine:junit-jupiter]/[class:com.xceptance.xlt.report.util.lucene.BitUtilTest]/[nested-class:NumberOfTrailingZerosTest]/[method:ntz2Long()]
BitUtil.java,com.xceptance.xlt.report.util.lucene.BitUtil,org.pitest.mutationtest.engine.gregor.mutators.MathMutator,ntz2,759,KILLED,com.xceptance.xlt.report.util.lucene.BitUtilTest.[engine:junit-jupiter]/[class:com.xceptance.xlt.report.util.lucene.BitUtilTest]/[nested-class:NumberOfTrailingZerosTest]/[method:ntz2Long()]
BitUtil.java,com.xceptance.xlt.report.util.lucene.BitUtil,org.pitest.mutationtest.engine.gregor.mutators.MathMutator,ntz2,759,KILLED,com.xceptance.xlt.report.util.lucene.BitUtilTest.[engine:junit-jupiter]/[class:com.xceptance.xlt.report.util.lucene.BitUtilTest]/[nested-class:NumberOfTrailingZerosTest]/[method:ntz2Long()]
BitUtil.java,com.xceptance.xlt.report.util.lucene.BitUtil,org.pitest.mutationtest.engine.gregor.mutators.MathMutator,ntz2,760,KILLED,com.xceptance.xlt.report.util.lucene.BitUtilTest.[engine:junit-jupiter]/[class:com.xceptance.xlt.report.util.lucene.BitUtilTest]/[nested-class:NumberOfTrailingZerosTest]/[method:ntz2Long()]
BitUtil.java,com.xceptance.xlt.report.util.lucene.BitUtil,org.pitest.mutationtest.engine.gregor.mutators.MathMutator,ntz2,760,KILLED,com.xceptance.xlt.report.util.lucene.BitUtilTest.[engine:junit-jupiter]/[class:com.xceptance.xlt.report.util.lucene.BitUtilTest]/[nested-class:NumberOfTrailingZerosTest]/[method:ntz2Long()]
BitUtil.java,com.xceptance.xlt.report.util.lucene.BitUtil,org.pitest.mutationtest.engine.gregor.mutators.NegateConditionalsMutator,ntz2,757,KILLED,com.xceptance.xlt.report.util.lucene.BitUtilTest.[engine:junit-jupiter]/[class:com.xceptance.xlt.report.util.lucene.BitUtilTest]/[nested-class:NumberOfTrailingZerosTest]/[method:ntz2Long()]
BitUtil.java,com.xceptance.xlt.report.util.lucene.BitUtil,org.pitest.mutationtest.engine.gregor.mutators.NegateConditionalsMutator,ntz2,758,KILLED,com.xceptance.xlt.report.util.lucene.BitUtilTest.[engine:junit-jupiter]/[class:com.xceptance.xlt.report.util.lucene.BitUtilTest]/[nested-class:NumberOfTrailingZerosTest]/[method:ntz2Long()]
BitUtil.java,com.xceptance.xlt.report.util.lucene.BitUtil,org.pitest.mutationtest.engine.gregor.mutators.NegateConditionalsMutator,ntz2,759,KILLED,com.xceptance.xlt.report.util.lucene.BitUtilTest.[engine:junit-jupiter]/[class:com.xceptance.xlt.report.util.lucene.BitUtilTest]/[nested-class:NumberOfTrailingZerosTest]/[method:ntz2Long()]
BitUtil.java,com.xceptance.xlt.report.util.lucene.BitUtil,org.pitest.mutationtest.engine.gregor.mutators.returns.PrimitiveReturnsMutator,ntz2,760,KILLED,com.xceptance.xlt.report.util.lucene.BitUtilTest.[engine:junit-jupiter]/[class:com.xceptance.xlt.report.util.lucene.BitUtilTest]/[nested-class:NumberOfTrailingZerosTest]/[method:ntz2Long()]
BitUtil.java,com.xceptance.xlt.report.util.lucene.BitUtil,org.pitest.mutationtest.engine.gregor.mutators.IncrementsMutator,ntz3,774,KILLED,com.xceptance.xlt.report.util.lucene.BitUtilTest.[engine:junit-jupiter]/[class:com.xceptance.xlt.report.util.lucene.BitUtilTest]/[nested-class:NumberOfTrailingZerosTest]/[method:ntz3Long()]
BitUtil.java,com.xceptance.xlt.report.util.lucene.BitUtil,org.pitest.mutationtest.engine.gregor.mutators.IncrementsMutator,ntz3,775,KILLED,com.xceptance.xlt.report.util.lucene.BitUtilTest.[engine:junit-jupiter]/[class:com.xceptance.xlt.report.util.lucene.BitUtilTest]/[nested-class:NumberOfTrailingZerosTest]/[method:ntz3Long()]
BitUtil.java,com.xceptance.xlt.report.util.lucene.BitUtil,org.pitest.mutationtest.engine.gregor.mutators.IncrementsMutator,ntz3,776,KILLED,com.xceptance.xlt.report.util.lucene.BitUtilTest.[engine:junit-jupiter]/[class:com.xceptance.xlt.report.util.lucene.BitUtilTest]/[nested-class:NumberOfTrailingZerosTest]/[method:ntz3Long()]
BitUtil.java,com.xceptance.xlt.report.util.lucene.BitUtil,org.pitest.mutationtest.engine.gregor.mutators.IncrementsMutator,ntz3,777,KILLED,com.xceptance.xlt.report.util.lucene.BitUtilTest.[engine:junit-jupiter]/[class:com.xceptance.xlt.report.util.lucene.BitUtilTest]/[nested-class:NumberOfTrailingZerosTest]/[method:ntz3Long()]
BitUtil.java,com.xceptance.xlt.report.util.lucene.BitUtil,org.pitest.mutationtest.engine.gregor.mutators.IncrementsMutator,ntz3,778,KILLED,com.xceptance.xlt.report.util.lucene.BitUtilTest.[engine:junit-jupiter]/[class:com.xceptance.xlt.report.util.lucene.BitUtilTest]/[nested-class:NumberOfTrailingZerosTest]/[method:ntz3Long()]
BitUtil.java,com.xceptance.xlt.report.util.lucene.BitUtil,org.pitest.mutationtest.engine.gregor.mutators.MathMutator,ntz3,774,KILLED,com.xceptance.xlt.report.util.lucene.BitUtilTest.[engine:junit-jupiter]/[class:com.xceptance.xlt.report.util.lucene.BitUtilTest]/[nested-class:NumberOfTrailingZerosTest]/[method:ntz3Long()]
BitUtil.java,com.xceptance.xlt.report.util.lucene.BitUtil,org.pitest.mutationtest.engine.gregor.mutators.MathMutator,ntz3,775,KILLED,com.xceptance.xlt.report.util.lucene.BitUtilTest.[engine:junit-jupiter]/[class:com.xceptance.xlt.report.util.lucene.BitUtilTest]/[nested-class:NumberOfTrailingZerosTest]/[method:ntz3Long()]
BitUtil.java,com.xceptance.xlt.report.util.lucene.BitUtil,org.pitest.mutationtest.engine.gregor.mutators.MathMutator,ntz3,775,KILLED,com.xceptance.xlt.report.util.lucene.BitUtilTest.[engine:junit-jupiter]/[class:com.xceptance.xlt.report.util.lucene.BitUtilTest]/[nested-class:NumberOfTrailingZerosTest]/[method:ntz3Long()]
BitUtil.java,com.xceptance.xlt.report.util.lucene.BitUtil,org.pitest.mutationtest.engine.gregor.mutators.MathMutator,ntz3,776,KILLED,com.xceptance.xlt.report.util.lucene.BitUtilTest.[engine:junit-jupiter]/[class:com.xceptance.xlt.report.util.lucene.BitUtilTest]/[nested-class:NumberOfTrailingZerosTest]/[method:ntz3Long()]
BitUtil.java,com.xceptance.xlt.report.util.lucene.BitUtil,org.pitest.mutationtest.engine.gregor.mutators.MathMutator,ntz3,776,KILLED,com.xceptance.xlt.report.util.lucene.BitUtilTest.[engine:junit-jupiter]/[class:com.xceptance.xlt.report.util.lucene.BitUtilTest]/[nested-class:NumberOfTrailingZerosTest]/[method:ntz3Long()]
BitUtil.java,com.xceptance.xlt.report.util.lucene.BitUtil,org.pitest.mutationtest.engine.gregor.mutators.MathMutator,ntz3,777,KILLED,com.xceptance.xlt.report.util.lucene.BitUtilTest.[engine:junit-jupiter]/[class:com.xceptance.xlt.report.util.lucene.BitUtilTest]/[nested-class:NumberOfTrailingZerosTest]/[method:ntz3Long()]
BitUtil.java,com.xceptance.xlt.report.util.lucene.BitUtil,org.pitest.mutationtest.engine.gregor.mutators.MathMutator,ntz3,777,KILLED,com.xceptance.xlt.report.util.lucene.BitUtilTest.[engine:junit-jupiter]/[class:com.xceptance.xlt.report.util.lucene.BitUtilTest]/[nested-class:NumberOfTrailingZerosTest]/[method:ntz3Long()]
BitUtil.java,com.xceptance.xlt.report.util.lucene.BitUtil,org.pitest.mutationtest.engine.gregor.mutators.MathMutator,ntz3,778,KILLED,com.xceptance.xlt.report.util.lucene.BitUtilTest.[engine:junit-jupiter]/[class:com.xceptance.xlt.report.util.lucene.BitUtilTest]/[nested-class:NumberOfTrailingZerosTest]/[method:ntz3Long()]
BitUtil.java,com.xceptance.xlt.report.util.lucene.BitUtil,org.pitest.mutationtest.engine.gregor.mutators.MathMutator,ntz3,778,KILLED,com.xceptance.xlt.report.util.lucene.BitUtilTest.[engine:junit-jupiter]/[class:com.xceptance.xlt.report.util.lucene.BitUtilTest]/[nested-class:NumberOfTrailingZerosTest]/[method:ntz3Long()]
BitUtil.java,com.xceptance.xlt.report.util.lucene.BitUtil,org.pitest.mutationtest.engine.gregor.mutators.MathMutator,ntz3,779,KILLED,com.xceptance.xlt.report.util.lucene.BitUtilTest.[engine:junit-jupiter]/[class:com.xceptance.xlt.report.util.lucene.BitUtilTest]/[nested-class:NumberOfTrailingZerosTest]/[method:ntz3Long()]
BitUtil.java,com.xceptance.xlt.report.util.lucene.BitUtil,org.pitest.mutationtest.engine.gregor.mutators.MathMutator,ntz3,779,KILLED,com.xceptance.xlt.report.util.lucene.BitUtilTest.[engine:junit-jupiter]/[class:com.xceptance.xlt.report.util.lucene.BitUtilTest]/[nested-class:NumberOfTrailingZerosTest]/[method:ntz3Long()]
BitUtil.java,com.xceptance.xlt.report.util.lucene.BitUtil,org.pitest.mutationtest.engine.gregor.mutators.NegateConditionalsMutator,ntz3,774,KILLED,com.xceptance.xlt.report.util.lucene.BitUtilTest.[engine:junit-jupiter]/[class:com.xceptance.xlt.report.util.lucene.BitUtilTest]/[nested-class:NumberOfTrailingZerosTest]/[method:ntz3Long()]
BitUtil.java,com.xceptance.xlt.report.util.lucene.BitUtil,org.pitest.mutationtest.engine.gregor.mutators.NegateConditionalsMutator,ntz3,775,KILLED,com.xceptance.xlt.report.util.lucene.BitUtilTest.[engine:junit-jupiter]/[class:com.xceptance.xlt.report.util.lucene.BitUtilTest]/[nested-class:NumberOfTrailingZerosTest]/[method:ntz3Long()]
BitUtil.java,com.xceptance.xlt.report.util.lucene.BitUtil,org.pitest.mutationtest.engine.gregor.mutators.NegateConditionalsMutator,ntz3,776,KILLED,com.xceptance.xlt.report.util.lucene.BitUtilTest.[engine:junit-jupiter]/[class:com.xceptance.xlt.report.util.lucene.BitUtilTest]/[nested-class:NumberOfTrailingZerosTest]/[method:ntz3Long()]
BitUtil.java,com.xceptance.xlt.report.util.lucene.BitUtil,org.pitest.mutationtest.engine.gregor.mutators.NegateConditionalsMutator,ntz3,777,KILLED,com.xceptance.xlt.report.util.lucene.BitUtilTest.[engine:junit-jupiter]/[class:com.xceptance.xlt.report.util.lucene.BitUtilTest]/[nested-class:NumberOfTrailingZerosTest]/[method:ntz3Long()]
BitUtil.java,com.xceptance.xlt.report.util.lucene.BitUtil,org.pitest.mutationtest.engine.gregor.mutators.NegateConditionalsMutator,ntz3,778,KILLED,com.xceptance.xlt.report.util.lucene.BitUtilTest.[engine:junit-jupiter]/[class:com.xceptance.xlt.report.util.lucene.BitUtilTest]/[nested-class:NumberOfTrailingZerosTest]/[method:ntz3Long()]
BitUtil.java,com.xceptance.xlt.report.util.lucene.BitUtil,org.pitest.mutationtest.engine.gregor.mutators.returns.PrimitiveReturnsMutator,ntz3,779,KILLED,com.xceptance.xlt.report.util.lucene.BitUtilTest.[engine:junit-jupiter]/[class:com.xceptance.xlt.report.util.lucene.BitUtilTest]/[nested-class:NumberOfTrailingZerosTest]/[method:ntz3Long()]
BitUtil.java,com.xceptance.xlt.report.util.lucene.BitUtil,org.pitest.mutationtest.engine.gregor.mutators.MathMutator,pop,44,KILLED,com.xceptance.xlt.report.util.lucene.BitUtilTest.[engine:junit-jupiter]/[class:com.xceptance.xlt.report.util.lucene.BitUtilTest]/[nested-class:PopTest]/[method:singleBitMasks()]
BitUtil.java,com.xceptance.xlt.report.util.lucene.BitUtil,org.pitest.mutationtest.engine.gregor.mutators.MathMutator,pop,44,KILLED,com.xceptance.xlt.report.util.lucene.BitUtilTest.[engine:junit-jupiter]/[class:com.xceptance.xlt.report.util.lucene.BitUtilTest]/[nested-class:PopTest]/[method:singleBitMasks()]
BitUtil.java,com.xceptance.xlt.report.util.lucene.BitUtil,org.pitest.mutationtest.engine.gregor.mutators.MathMutator,pop,44,KILLED,com.xceptance.xlt.report.util.lucene.BitUtilTest.[engine:junit-jupiter]/[class:com.xceptance.xlt.report.util.lucene.BitUtilTest]/[nested-class:PopTest]/[method:singleBitMasks()]
BitUtil.java,com.xceptance.xlt.report.util.lucene.BitUtil,org.pitest.mutationtest.engine.gregor.mutators.MathMutator,pop,45,KILLED,com.xceptance.xlt.report.util.lucene.BitUtilTest.[engine:junit-jupiter]/[class:com.xceptance.xlt.report.util.lucene.BitUtilTest]/[nested-class:PopTest]/[method:singleBitMasks()]
BitUtil.java,com.xceptance.xlt.report.util.lucene.BitUtil,org.pitest.mutationtest.engine.gregor.mutators.MathMutator,pop,45,KILLED,com.xceptance.xlt.report.util.lucene.BitUtilTest.[engine:junit-jupiter]/[class:com.xceptance.xlt.report.util.lucene.BitUtilTest]/[nested-class:PopTest]/[method:singleBitMasks()]
BitUtil.java,com.xceptance.xlt.report.util.lucene.BitUtil,org.pitest.mutationtest.engine.gregor.mutators.MathMutator,pop,45,KILLED,com.xceptance.xlt.report.util.lucene.BitUtilTest.[engine:junit-jupiter]/[class:com.xceptance.xlt.report.util.lucene.BitUtilTest]/[nested-class:PopTest]/[method:singleBitMasks()]
BitUtil.java,com.xceptance.xlt.report.util.lucene.BitUtil,org.pitest.mutationtest.engine.gregor.mutators.MathMutator,pop,45,KILLED,com.xceptance.xlt.report.util.lucene.BitUtilTest.[engine:junit-jupiter]/[class:com.xceptance.xlt.report.util.lucene.BitUtilTest]/[nested-class:PopTest]/[method:singleBitMasks()]
BitUtil.java,com.xceptance.xlt.report.util.lucene.BitUtil,org.pitest.mutationtest.engine.gregor.mutators.MathMutator,pop,46,KILLED,com.xceptance.xlt.report.util.lucene.BitUtilTest.[engine:junit-jupiter]/[class:com.xceptance.xlt.report.util.lucene.BitUtilTest]/[nested-class:PopTest]/[method:singleBitMasks()]
BitUtil.java,com.xceptance.xlt.report.util.lucene.BitUtil,org.pitest.mutationtest.engine.gregor.mutators.MathMutator,pop,46,KILLED,com.xceptance.xlt.report.util.lucene.BitUtilTest.[engine:junit-jupiter]/[class:com.xceptance.xlt.report.util.lucene.BitUtilTest]/[nested-class:PopTest]/[method:singleBitMasks()]
BitUtil.java,com.xceptance.xlt.report.util.lucene.BitUtil,org.pitest.mutationtest.engine.gregor.mutators.MathMutator,pop,46,KILLED,com.xceptance.xlt.report.util.lucene.BitUtilTest.[engine:junit-jupiter]/[class:com.xceptance.xlt.report.util.lucene.BitUtilTest]/[nested-class:PopTest]/[method:singleBitMasks()]
BitUtil.java,com.xceptance.xlt.report.util.lucene.BitUtil,org.pitest.mutationtest.engine.gregor.mutators.MathMutator,pop,47,KILLED,com.xceptance.xlt.report.util.lucene.BitUtilTest.[engine:junit-jupiter]/[class:com.xceptance.xlt.report.util.lucene.BitUtilTest]/[nested-class:PopTest]/[method:singleBitMasks()]
BitUtil.java,com.xceptance.xlt.report.util.lucene.BitUtil,org.pitest.mutationtest.engine.gregor.mutators.MathMutator,pop,47,KILLED,com.xceptance.xlt.report.util.lucene.BitUtilTest.[engine:junit-jupiter]/[class:com.xceptance.xlt.report.util.lucene.BitUtilTest]/[nested-class:PopTest]/[method:singleBitMasks()]
BitUtil.java,com.xceptance.xlt.report.util.lucene.BitUtil,org.pitest.mutationtest.engine.gregor.mutators.MathMutator,pop,48,KILLED,com.xceptance.xlt.report.util.lucene.BitUtilTest.[engine:junit-jupiter]/[class:com.xceptance.xlt.report.util.lucene.BitUtilTest]/[nested-class:PopTest]/[method:singleBitMasks()]
BitUtil.java,com.xceptance.xlt.report.util.lucene.BitUtil,org.pitest.mutationtest.engine.gregor.mutators.MathMutator,pop,48,KILLED,com.xceptance.xlt.report.util.lucene.BitUtilTest.[engine:junit-jupiter]/[class:com.xceptance.xlt.report.util.lucene.BitUtilTest]/[nested-class:PopTest]/[method:singleBitMasks()]
BitUtil.java,com.xceptance.xlt.report.util.lucene.BitUtil,org.pitest.mutationtest.engine.gregor.mutators.MathMutator,pop,49,KILLED,com.xceptance.xlt.report.util.lucene.BitUtilTest.[engine:junit-jupiter]/[class:com.xceptance.xlt.report.util.lucene.BitUtilTest]/[nested-class:PopTest]/[method:singleBitMasks()]
BitUtil.java,com.xceptance.xlt.report.util.lucene.BitUtil,org.pitest.mutationtest.engine.gregor.mutators.MathMutator,pop,49,KILLED,com.xceptance.xlt.report.util.lucene.BitUtilTest.[engine:junit-jupiter]/[class:com.xceptance.xlt.report.util.lucene.BitUtilTest]/[nested-class:PopTest]/[method:singleBitMasks()]
BitUtil.java,com.xceptance.xlt.report.util.lucene.BitUtil,org.pitest.mutationtest.engine.gregor.mutators.MathMutator,pop,50,KILLED,com.xceptance.xlt.report.util.lucene.BitUtilTest.[engine:junit-jupiter]/[class:com.xceptance.xlt.report.util.lucene.BitUtilTest]/[nested-class:PopTest]/[method:singleBitMasks()]
BitUtil.java,com.xceptance.xlt.report.util.lucene.BitUtil,org.pitest.mutationtest.engine.gregor.mutators.returns.PrimitiveReturnsMutator,pop,50,KILLED,com.xceptance.xlt.report.util.lucene.BitUtilTest.[engine:junit-jupiter]/[class:com.xceptance.xlt.report.util.lucene.BitUtilTest]/[nested-class:PopTest]/[method:singleBitMasks()]
BitUtil.java,com.xceptance.xlt.report.util.lucene.BitUtil,org.pitest.mutationtest.engine.gregor.mutators.ConditionalsBoundaryMutator,pop_andnot,445,KILLED,com.xceptance.xlt.report.util.lucene.BitUtilTest.[engine:junit-jupiter]/[class:com.xceptance.xlt.report.util.lucene.BitUtilTest]/[nested-class:SetOperationsTest]/[method:popAndNot()]
BitUtil.java,com.xceptance.xlt.report.util.lucene.BitUtil,org.pitest.mutationtest.engine.gregor.mutators.ConditionalsBoundaryMutator,pop_andnot,505,KILLED,com.xceptance.xlt.report.util.lucene.BitUtilTest.[engine:junit-jupiter]/[class:com.xceptance.xlt.report.util.lucene.BitUtilTest]/[nested-class:SetOperationsTest]/[method:popAndNot()]
BitUtil.java,com.xceptance.xlt.report.util.lucene.BitUtil,org.pitest.mutationtest.engine.gregor.mutators.ConditionalsBoundaryMutator,pop_andnot,531,KILLED,com.xceptance.xlt.report.util.lucene.BitUtilTest.[engine:junit-jupiter]/[class:com.xceptance.xlt.report.util.lucene.BitUtilTest]/[nested-class:SetOperationsTest]/[method:popAndNot()]
BitUtil.java,com.xceptance.xlt.report.util.lucene.BitUtil,org.pitest.mutationtest.engine.gregor.mutators.ConditionalsBoundaryMutator,pop_andnot,547,KILLED,com.xceptance.xlt.report.util.lucene.BitUtilTest.[engine:junit-jupiter]/[class:com.xceptance.xlt.report.util.lucene.BitUtilTest]/[nested-class:SetOperationsTest]/[method:setOperationsExactLengths()]
BitUtil.java,com.xceptance.xlt.report.util.lucene.BitUtil,org.pitest.mutationtest.engine.gregor.mutators.IncrementsMutator,pop_andnot,528,KILLED,com.xceptance.xlt.report.util.lucene.BitUtilTest.[engine:junit-jupiter]/[class:com.xceptance.xlt.report.util.lucene.BitUtilTest]/[nested-class:SetOperationsTest]/[method:popAndNot()]
BitUtil.java,com.xceptance.xlt.report.util.lucene.BitUtil,org.pitest.mutationtest.engine.gregor.mutators.IncrementsMutator,pop_andnot,544,KILLED,com.xceptance.xlt.report.util.lucene.BitUtilTest.[engine:junit-jupiter]/[class:com.xceptance.xlt.report.util.lucene.BitUtilTest]/[nested-class:SetOperationsTest]/[method:popAndNot()]
BitUtil.java,com.xceptance.xlt.report.util.lucene.BitUtil,org.pitest.mutationtest.engine.gregor.mutators.MathMutator,pop_andnot,440,KILLED,com.xceptance.xlt.report.util.lucene.BitUtilTest.[engine:junit-jupiter]/[class:com.xceptance.xlt.report.util.lucene.BitUtilTest]/[nested-class:SetOperationsTest]/[method:popAndNot()]
BitUtil.java,com.xceptance.xlt.report.util.lucene.BitUtil,org.pitest.mutationtest.engine.gregor.mutators.MathMutator,pop_andnot,445,KILLED,com.xceptance.xlt.report.util.lucene.BitUtilTest.[engine:junit-jupiter]/[class:com.xceptance.xlt.report.util.lucene.BitUtilTest]/[nested-class:SetOperationsTest]/[method:popAndNot()]
BitUtil.java,com.xceptance.xlt.report.util.lucene.BitUtil,org.pitest.mutationtest.engine.gregor.mutators.MathMutator,pop_andnot,456,KILLED,com.xceptance.xlt.report.util.lucene.BitUtilTest.[engine:junit-jupiter]/[class:com.xceptance.xlt.report.util.lucene.BitUtilTest]/[nested-class:SetOperationsTest]/[method:popAndNot()]
BitUtil.java,com.xceptance.xlt.report.util.lucene.BitUtil,org.pitest.mutationtest.engine.gregor.mutators.MathMutator,pop_andnot,456,KILLED,com.xceptance.xlt.report.util.lucene.BitUtilTest.[engine:junit-jupiter]/[class:com.xceptance.xlt.report.util.lucene.BitUtilTest]/[nested-class:SetOperationsTest]/[method:popAndNot()]
BitUtil.java,com.xceptance.xlt.report.util.lucene.BitUtil,org.pitest.mutationtest.engine.gregor.mutators.MathMutator,pop_andnot,456,KILLED,com.xceptance.xlt.report.util.lucene.BitUtilTest.[engine:junit-jupiter]/[class:com.xceptance.xlt.report.util.lucene.BitUtilTest]/[nested-class:SetOperationsTest]/[method:popAndNot()]
BitUtil.java,com.xceptance.xlt.report.util.lucene.BitUtil,org.pitest.mutationtest.engine.gregor.mutators.MathMutator,pop_andnot,456,KILLED,com.xceptance.xlt.report.util.lucene.BitUtilTest.[engine:junit-jupiter]/[class:com.xceptance.xlt.report.util.lucene.BitUtilTest]/[nested-class:SetOperationsTest]/[method:popAndNot()]
BitUtil.java,com.xceptance.xlt.report.util.lucene.BitUtil,org.pitest.mutationtest.engine.gregor.mutators.MathMutator,pop_andnot,456,KILLED,com.xceptance.xlt.report.util.lucene.BitUtilTest.[engine:junit-jupiter]/[class:com.xceptance.xlt.report.util.lucene.BitUtilTest]/[nested-class:SetOperationsTest]/[method:popAndNot()]
BitUtil.java,com.xceptance.xlt.report.util.lucene.BitUtil,org.pitest.mutationtest.engine.gregor.mutators.MathMutator,pop_andnot,456,KILLED,com.xceptance.xlt.report.util.lucene.BitUtilTest.[engine:junit-jupiter]/[class:com.xceptance.xlt.report.util.lucene.BitUtilTest]/[nested-class:SetOperationsTest]/[method:popAndNot()]
BitUtil.java,com.xceptance.xlt.report.util.lucene.BitUtil,org.pitest.mutationtest.engine.gregor.mutators.MathMutator,pop_andnot,457,KILLED,com.xceptance.xlt.report.util.lucene.BitUtilTest.[engine:junit-jupiter]/[class:com.xceptance.xlt.report.util.lucene.BitUtilTest]/[nested-class:SetOperationsTest]/[method:popAndNot()]
BitUtil.java,com.xceptance.xlt.report.util.lucene.BitUtil,org.pitest.mutationtest.engine.gregor.mutators.MathMutator,pop_andnot,458,KILLED,com.xceptance.xlt.report.util.lucene.BitUtilTest.[engine:junit-jupiter]/[class:com.xceptance.xlt.report.util.lucene.BitUtilTest]/[nested-class:SetOperationsTest]/[method:popAndNot()]
BitUtil.java,com.xceptance.xlt.report.util.lucene.BitUtil,org.pitest.mutationtest.engine.gregor.mutators.MathMutator,pop_andnot,458,KILLED,com.xceptance.xlt.report.util.lucene.BitUtilTest.[engine:junit-jupiter]/[class:com.xceptance.xlt.report.util.lucene.BitUtilTest]/[nested-class:SetOperationsTest]/[method:popAndNot()]
BitUtil.java,com.xceptance.xlt.report.util.lucene.BitUtil,org.pitest.mutationtest.engine.gregor.mutators.MathMutator,pop_andnot,458,KILLED,com.xceptance.xlt.report.util.lucene.BitUtilTest.[engine:junit-jupiter]/[class:com.xceptance.xlt.report.util.lucene.BitUtilTest]/[nested-class:SetOperationsTest]/[method:popAndNot()]
BitUtil.java,com.xceptance.xlt.report.util.lucene.BitUtil,org.pitest.mutationtest.engine.gregor.mutators.MathMutator,pop_andnot,459,KILLED,com.xceptance.xlt.report.util.lucene.BitUtilTest.[engine:junit-jupiter]/[class:com.xceptance.xlt.report.util.lucene.BitUtilTest]/[nested-class:SetOperationsTest]/[method:popAndNot()]
BitUtil.java,com.xceptance.xlt.report.util.lucene.BitUtil,org.pitest.mutationtest.engine.gregor.mutators.MathMutator,pop_andnot,463,KILLED,com.xceptance.xlt.report.util.lucene.BitUtilTest.[engine:junit-jupiter]/[class:com.xceptance.xlt.report.util.lucene.BitUtilTest]/[nested-class:SetOperationsTest]/[method:popAndNot()]
BitUtil.java,com.xceptance.xlt.report.util.lucene.BitUtil,org.pitest.mutationtest.engine.gregor.mutators.MathMutator,pop_andnot,463,KILLED,com.xceptance.xlt.report.util.lucene.BitUtilTest.[engine:junit-jupiter]/[class:com.xceptance.xlt.report.util.lucene.BitUtilTest]/[nested-class:SetOperationsTest]/[method:popAndNot()]
BitUtil.java,com.xceptance.xlt.report.util.lucene.BitUtil,org.pitest.mutationtest.engine.gregor.mutators.MathMutator,pop_andnot,463,KILLED,com.xceptance.xlt.report.util.lucene.BitUtilTest.[engine:junit-jupiter]/[class:com.xceptance.xlt.report.util.lucene.BitUtilTest]/[nested-class:SetOperationsTest]/[method:popAndNot()]
BitUtil.java,com.xceptance.xlt.report.util.lucene.BitUtil,org.pitest.mutationtest.engine.gregor.mutators.MathMutator,pop_andnot,463,KILLED,com.xceptance.xlt.report.util.lucene.BitUtilTest.[engine:junit-jupiter]/[class:com.xceptance.xlt.report.util.lucene.BitUtilTest]/[nested-class:SetOperationsTest]/[method:popAndNot()]
BitUtil.java,com.xceptance.xlt.report.util.lucene.BitUtil,org.pitest.mutationtest.engine.gregor.mutators.MathMutator,pop_andnot,463,KILLED,com.xceptance.xlt.report.util.lucene.BitUtilTest.[engine:junit-jupiter]/[class:com.xceptance.xlt.report.util.lucene.BitUtilTest]/[nested-class:SetOperationsTest]/[method:popAndNot()]
BitUtil.java,com.xceptance.xlt.report.util.lucene.BitUtil,org.pitest.mutationtest.engine.gregor.mutators.MathMutator,pop_andnot,463,KILLED,com.xceptance.xlt.report.util.lucene.BitUtilTest.[engine:junit-jupiter]/[class:com.xceptance.xlt.report.util.lucene.BitUtilTest]/[nested-class:SetOperationsTest]/[method:popAndNot()]
BitUtil.java,com.xceptance.xlt.report.util.lucene.BitUtil,org.pitest.mutationtest.engine.gregor.mutators.MathMutator,pop_andnot,463,KILLED,com.xceptance.xlt.report.util.lucene.BitUtilTest.[engine:junit-jupiter]/[class:com.xceptance.xlt.report.util.lucene.BitUtilTest]/[nested-class:SetOperationsTest]/[method:popAndNot()]
BitUtil.java,com.xceptance.xlt.report.util.lucene.BitUtil,org.pitest.mutationtest.engine.gregor.mutators.MathMutator,pop_andnot,463,KILLED,com.xceptance.xlt.report.util.lucene.BitUtilTest.[engine:junit-jupiter]/[class:com.xceptance.xlt.report.util.lucene.BitUtilTest]/[nested-class:SetOperationsTest]/[method:popAndNot()]
BitUtil.java,com.xceptance.xlt.report.util.lucene.BitUtil,org.pitest.mutationtest.engine.gregor.mutators.MathMutator,pop_andnot,464,KILLED,com.xceptance.xlt.report.util.lucene.BitUtilTest.[engine:junit-jupiter]/[class:com.xceptance.xlt.report.util.lucene.BitUtilTest]/[nested-class:SetOperationsTest]/[method:popAndNot()]
BitUtil.java,com.xceptance.xlt.report.util.lucene.BitUtil,org.pitest.mutationtest.engine.gregor.mutators.MathMutator,pop_andnot,465,KILLED,com.xceptance.xlt.report.util.lucene.BitUtilTest.[engine:junit-jupiter]/[class:com.xceptance.xlt.report.util.lucene.BitUtilTest]/[nested-class:SetOperationsTest]/[method:popAndNot()]
BitUtil.java,com.xceptance.xlt.report.util.lucene.BitUtil,org.pitest.mutationtest.engine.gregor.mutators.MathMutator,pop_andnot,465,KILLED,com.xceptance.xlt.report.util.lucene.BitUtilTest.[engine:junit-jupiter]/[class:com.xceptance.xlt.report.util.lucene.BitUtilTest]/[nested-class:SetOperationsTest]/[method:popAndNot()]
BitUtil.java,com.xceptance.xlt.report.util.lucene.BitUtil,org.pitest.mutationtest.engine.gregor.mutators.MathMutator,pop_andnot,465,KILLED,com.xceptance.xlt.report.util.lucene.BitUtilTest.[engine:junit-jupiter]/[class:com.xceptance.xlt.report.util.lucene.BitUtilTest]/[nested-class:SetOperationsTest]/[method:popAndNot()]
BitUtil.java,com.xceptance.xlt.report.util.lucene.BitUtil,org.pitest.mutationtest.engine.gregor.mutators.MathMutator,pop_andnot,466,KILLED,com.xceptance.xlt.report.util.lucene.BitUtilTest.[engine:junit-jupiter]/[class:com.xceptance.xlt.report.util.lucene.BitUtilTest]/[nested-class:SetOperationsTest]/[method:popAndNot()]
BitUtil.java,com.xceptance.xlt.report.util.lucene.BitUtil,org.pitest.mutationtest.engine.gregor.mutators.MathMutator,pop_andnot,470,KILLED,com.xceptance.xlt.report.util.lucene.BitUtilTest.[engine:junit-jupiter]/[class:com.xceptance.xlt.report.util.lucene.BitUtilTest]/[nested-class:SetOperationsTest]/[method:popAndNot()]
BitUtil.java,com.xceptance.xlt.report.util.lucene.BitUtil,org.pitest.mutationtest.engine.gregor.mutators.MathMutator,pop_andnot,471,KILLED,com.xceptance.xlt.report.util.lucene.BitUtilTest.[engine:junit-jupiter]/[class:com.xceptance.xlt.report.util.lucene.BitUtilTest]/[nested-class:SetOperationsTest]/[method:popAndNot()]
BitUtil.java,com.xceptance.xlt.report.util.lucene.BitUtil,org.pitest.mutationtest.engine.gregor.mutators.MathMutator,pop_andnot,471,KILLED,com.xceptance.xlt.report.util.lucene.BitUtilTest.[engine:junit-jupiter]/[class:com.xceptance.xlt.report.util.lucene.BitUtilTest]/[nested-class:SetOperationsTest]/[method:popAndNot()]
BitUtil.java,com.xceptance.xlt.report.util.lucene.BitUtil,org.pitest.mutationtest.engine.gregor.mutators.MathMutator,pop_andnot,471,KILLED,com.xceptance.xlt.report.util.lucene.BitUtilTest.[engine:junit-jupiter]/[class:com.xceptance.xlt.report.util.lucene.BitUtilTest]/[nested-class:SetOperationsTest]/[method:popAndNot()]
BitUtil.java,com.xceptance.xlt.report.util.lucene.BitUtil,org.pitest.mutationtest.engine.gregor.mutators.MathMutator,pop_andnot,472,KILLED,com.xceptance.xlt.report.util.lucene.BitUtilTest.[engine:junit-jupiter]/[class:com.xceptance.xlt.report.util.lucene.BitUtilTest]/[nested-class:SetOperationsTest]/[method:popAndNot()]
BitUtil.java,com.xceptance.xlt.report.util.lucene.BitUtil,org.pitest.mutationtest.engine.gregor.mutators.MathMutator,pop_andnot,476,KILLED,com.xceptance.xlt.report.util.lucene.BitUtilTest.[engine:junit-jupiter]/[class:com.xceptance.xlt.report.util.lucene.BitUtilTest]/[nested-class:SetOperationsTest]/[method:popAndNot()]
BitUtil.java,com.xceptance.xlt.report.util.lucene.BitUtil,org.pitest.mutationtest.engine.gregor.mutators.MathMutator,pop_andnot,476,KILLED,com.xceptance.xlt.report.util.lucene.BitUtilTest.[engine:junit-jupiter]/[class:com.xceptance.xlt.report.util.lucene.BitUtilTest]/[nested-class:SetOperationsTest]/[method:popAndNot()]
BitUtil.java,com.xceptance.xlt.report.util.lucene.BitUtil,org.pitest.mutationtest.engine.gregor.mutators.MathMutator,pop_andnot,476,KILLED,com.xceptance.xlt.report.util.lucene.BitUtilTest.[engine:junit-jupiter]/[class:com.xceptance.xlt.report.util.lucene.BitUtilTest]/[nested-class:SetOperationsTest]/[method:popAndNot()]
BitUtil.java,com.xceptance.xlt.report.util.lucene.BitUtil,org.pitest.mutationtest.engine.gregor.mutators.MathMutator,pop_andnot,476,KILLED,com.xceptance.xlt.report.util.lucene.BitUtilTest.[engine:junit-jupiter]/[class:com.xceptance.xlt.report.util.lucene.BitUtilTest]/[nested-class:SetOperationsTest]/[method:popAndNot()]
BitUtil.java,com.xceptance.xlt.report.util.lucene.BitUtil,org.pitest.mutationtest.engine.gregor.mutators.MathMutator,pop_andnot,476,KILLED,com.xceptance.xlt.report.util.lucene.BitUtilTest.[engine:junit-jupiter]/[class:com.xceptance.xlt.report.util.lucene.BitUtilTest]/[nested-class:SetOperationsTest]/[method:popAndNot()]
BitUtil.java,com.xceptance.xlt.report.util.lucene.BitUtil,org.pitest.mutationtest.engine.gregor.mutators.MathMutator,pop_andnot,476,KILLED,com.xceptance.xlt.report.util.lucene.BitUtilTest.[engine:junit-jupiter]/[class:com.xceptance.xlt.report.util.lucene.BitUtilTest]/[nested-class:SetOperationsTest]/[method:popAndNot()]
BitUtil.java,com.xceptance.xlt.report.util.lucene.BitUtil,org.pitest.mutationtest.engine.gregor.mutators.MathMutator,pop_andnot,476,KILLED,com.xceptance.xlt.report.util.lucene.BitUtilTest.[engine:junit-jupiter]/[class:com.xceptance.xlt.report.util.lucene.BitUtilTest]/[nested-class:SetOperationsTest]/[method:popAndNot()]
BitUtil.java,com.xceptance.xlt.report.util.lucene.BitUtil,org.pitest.mutationtest.engine.gregor.mutators.MathMutator,pop_andnot,476,KILLED,com.xceptance.xlt.report.util.lucene.BitUtilTest.[engine:junit-jupiter]/[class:com.xceptance.xlt.report.util.lucene.BitUtilTest]/[nested-class:SetOperationsTest]/[method:popAndNot()]
BitUtil.java,com.xceptance.xlt.report.util.lucene.BitUtil,org.pitest.mutationtest.engine.gregor.mutators.MathMutator,pop_andnot,477,KILLED,com.xceptance.xlt.report.util.lucene.BitUtilTest.[engine:junit-jupiter]/[class:com.xceptance.xlt.report.util.lucene.BitUtilTest]/[nested-class:SetOperationsTest]/[method:popAndNot()]
BitUtil.java,com.xceptance.xlt.report.util.lucene.BitUtil,org.pitest.mutationtest.engine.gregor.mutators.MathMutator,pop_andnot,478,KILLED,com.xceptance.xlt.report.util.lucene.BitUtilTest.[engine:junit-jupiter]/[class:com.xceptance.xlt.report.util.lucene.BitUtilTest]/[nested-class:SetOperationsTest]/[method:popAndNot()]
BitUtil.java,com.xceptance.xlt.report.util.lucene.BitUtil,org.pitest.mutationtest.engine.gregor.mutators.MathMutator,pop_andnot,478,KILLED,com.xceptance.xlt.report.util.lucene.BitUtilTest.[engine:junit-jupiter]/[class:com.xceptance.xlt.report.util.lucene.BitUtilTest]/[nested-class:SetOperationsTest]/[method:popAndNot()]
BitUtil.java,com.xceptance.xlt.report.util.lucene.BitUtil,org.pitest.mutationtest.engine.gregor.mutators.MathMutator,pop_andnot,478,KILLED,com.xceptance.xlt.report.util.lucene.BitUtilTest.[engine:junit-jupiter]/[class:com.xceptance.xlt.report.util.lucene.BitUtilTest]/[nested-class:SetOperationsTest]/[method:popAndNot()]
BitUtil.java,com.xceptance.xlt.report.util.lucene.BitUtil,org.pitest.mutationtest.engine.gregor.mutators.MathMutator,pop_andnot,479,KILLED,com.xceptance.xlt.report.util.lucene.BitUtilTest.[engine:junit-jupiter]/[class:com.xceptance.xlt.report.util.lucene.BitUtilTest]/[nested-class:SetOperationsTest]/[method:popAndNot()]
BitUtil.java,com.xceptance.xlt.report.util.lucene.BitUtil,org.pitest.mutationtest.engine.gregor.mutators.MathMutator,pop_andnot,483,KILLED,com.xceptance.xlt.report.util.lucene.BitUtilTest.[engine:junit-jupiter]/[class:com.xceptance.xlt.report.util.lucene.BitUtilTest]/[nested-class:SetOperationsTest]/[method:popAndNot()]
BitUtil.java,com.xceptance.xlt.report.util.lucene.BitUtil,org.pitest.mutationtest.engine.gregor.mutators.MathMutator,pop_andnot,483,KILLED,com.xceptance.xlt.report.util.lucene.BitUtilTest.[engine:junit-jupiter]/[class:com.xceptance.xlt.report.util.lucene.BitUtilTest]/[nested-class:SetOperationsTest]/[method:popAndNot()]
BitUtil.java,com.xceptance.xlt.report.util.lucene.BitUtil,org.pitest.mutationtest.engine.gregor.mutators.MathMutator,pop_andnot,483,KILLED,com.xceptance.xlt.report.util.lucene.BitUtilTest.[engine:junit-jupiter]/[class:com.xceptance.xlt.report.util.lucene.BitUtilTest]/[nested-class:SetOperationsTest]/[method:popAndNot()]
BitUtil.java,com.xceptance.xlt.report.util.lucene.BitUtil,org.pitest.mutationtest.engine.gregor.mutators.MathMutator,pop_andnot,483,KILLED,com.xceptance.xlt.report.util.lucene.BitUtilTest.[engine:junit-jupiter]/[class:com.xceptance.xlt.report.util.lucene.BitUtilTest]/[nested-class:SetOperationsTest]/[method:popAndNot()]
BitUtil.java,com.xceptance.xlt.report.util.lucene.BitUtil,org.pitest.mutationtest.engine.gregor.mutators.MathMutator,pop_andnot,483,KILLED,com.xceptance.xlt.report.util.lucene.BitUtilTest.[engine:junit-jupiter]/[class:com.xceptance.xlt.report.util.lucene.BitUtilTest]/[nested-class:SetOperationsTest]/[method:popAndNot()]
BitUtil.java,com.xceptance.xlt.report.util.lucene.BitUtil,org.pitest.mutationtest.engine.gregor.mutators.MathMutator,pop_andnot,483,KILLED,com.xceptance.xlt.report.util.lucene.BitUtilTest.[engine:junit-jupiter]/[class:com.xceptance.xlt.report.util.lucene.BitUtilTest]/[nested-class:SetOperationsTest]/[method:popAndNot()]
BitUtil.java,com.xceptance.xlt.report.util.lucene.BitUtil,org.pitest.mutationtest.engine.gregor.mutators.MathMutator,pop_andnot,483,KILLED,com.xceptance.xlt.report.util.lucene.BitUtilTest.[engine:junit-jupiter]/[class:com.xceptance.xlt.report.util.lucene.BitUtilTest]/[nested-class:SetOperationsTest]/[method:popAndNot()]
BitUtil.java,com.xceptance.xlt.report.util.lucene.BitUtil,org.pitest.mutationtest.engine.gregor.mutators.MathMutator,pop_andnot,483,KILLED,com.xceptance.xlt.report.util.lucene.BitUtilTest.[engine:junit-jupiter]/[class:com.xceptance.xlt.report.util.lucene.BitUtilTest]/[nested-class:SetOperationsTest]/[method:popAndNot()]
BitUtil.java,com.xceptance.xlt.report.util.lucene.BitUtil,org.pitest.mutationtest.engine.gregor.mutators.MathMutator,pop_andnot,484,KILLED,com.xceptance.xlt.report.util.lucene.BitUtilTest.[engine:junit-jupiter]/[class:com.xceptance.xlt.report.util.lucene.BitUtilTest]/[nested-class:SetOperationsTest]/[method:popAndNot()]
BitUtil.java,com.xceptance.xlt.report.util.lucene.BitUtil,org.pitest.mutationtest.engine.gregor.mutators.MathMutator,pop_andnot,485,KILLED,com.xceptance.xlt.report.util.lucene.BitUtilTest.[engine:junit-jupiter]/[class:com.xceptance.xlt.report.util.lucene.BitUtilTest]/[nested-class:SetOperationsTest]/[method:popAndNot()]
BitUtil.java,com.xceptance.xlt.report.util.lucene.BitUtil,org.pitest.mutationtest.engine.gregor.mutators.MathMutator,pop_andnot,485,KILLED,com.xceptance.xlt.report.util.lucene.BitUtilTest.[engine:junit-jupiter]/[class:com.xceptance.xlt.report.util.lucene.BitUtilTest]/[nested-class:SetOperationsTest]/[method:popAndNot()]
BitUtil.java,com.xceptance.xlt.report.util.lucene.BitUtil,org.pitest.mutationtest.engine.gregor.mutators.MathMutator,pop_andnot,485,KILLED,com.xceptance.xlt.report.util.lucene.BitUtilTest.[engine:junit-jupiter]/[class:com.xceptance.xlt.report.util.lucene.BitUtilTest]/[nested-class:SetOperationsTest]/[method:popAndNot()]
BitUtil.java,com.xceptance.xlt.report.util.lucene.BitUtil,org.pitest.mutationtest.engine.gregor.mutators.MathMutator,pop_andnot,486,KILLED,com.xceptance.xlt.report.util.lucene.BitUtilTest.[engine:junit-jupiter]/[class:com.xceptance.xlt.report.util.lucene.BitUtilTest]/[nested-class:SetOperationsTest]/[method:popAndNot()]
BitUtil.java,com.xceptance.xlt.report.util.lucene.BitUtil,org.pitest.mutationtest.engine.gregor.mutators.MathMutator,pop_andnot,490,KILLED,com.xceptance.xlt.report.util.lucene.BitUtilTest.[engine:junit-jupiter]/[class:com.xceptance.xlt.report.util.lucene.BitUtilTest]/[nested-class:SetOperationsTest]/[method:popAndNot()]
BitUtil.java,com.xceptance.xlt.report.util.lucene.BitUtil,org.pitest.mutationtest.engine.gregor.mutators.MathMutator,pop_andnot,491,KILLED,com.xceptance.xlt.report.util.lucene.BitUtilTest.[engine:junit-jupiter]/[class:com.xceptance.xlt.report.util.lucene.BitUtilTest]/[nested-class:SetOperationsTest]/[method:popAndNot()]
BitUtil.java,com.xceptance.xlt.report.util.lucene.BitUtil,org.pitest.mutationtest.engine.gregor.mutators.MathMutator,pop_andnot,491,KILLED,com.xceptance.xlt.report.util.lucene.BitUtilTest.[engine:junit-jupiter]/[class:com.xceptance.xlt.report.util.lucene.BitUtilTest]/[nested-class:SetOperationsTest]/[method:popAndNot()]
BitUtil.java,com.xceptance.xlt.report.util.lucene.BitUtil,org.pitest.mutationtest.engine.gregor.mutators.MathMutator,pop_andnot,491,KILLED,com.xceptance.xlt.report.util.lucene.BitUtilTest.[engine:junit-jupiter]/[class:com.xceptance.xlt.report.util.lucene.BitUtilTest]/[nested-class:SetOperationsTest]/[method:popAndNot()]
BitUtil.java,com.xceptance.xlt.report.util.lucene.BitUtil,org.pitest.mutationtest.engine.gregor.mutators.MathMutator,pop_andnot,492,KILLED,com.xceptance.xlt.report.util.lucene.BitUtilTest.[engine:junit-jupiter]/[class:com.xceptance.xlt.report.util.lucene.BitUtilTest]/[nested-class:SetOperationsTest]/[method:popAndNot()]
BitUtil.java,com.xceptance.xlt.report.util.lucene.BitUtil,org.pitest.mutationtest.engine.gregor.mutators.MathMutator,pop_andnot,497,KILLED,com.xceptance.xlt.report.util.lucene.BitUtilTest.[engine:junit-jupiter]/[class:com.xceptance.xlt.report.util.lucene.BitUtilTest]/[nested-class:SetOperationsTest]/[method:popAndNot()]
BitUtil.java,com.xceptance.xlt.report.util.lucene.BitUtil,org.pitest.mutationtest.engine.gregor.mutators.MathMutator,pop_andnot,498,KILLED,com.xceptance.xlt.report.util.lucene.BitUtilTest.[engine:junit-jupiter]/[class:com.xceptance.xlt.report.util.lucene.BitUtilTest]/[nested-class:SetOperationsTest]/[method:popAndNot()]
BitUtil.java,com.xceptance.xlt.report.util.lucene.BitUtil,org.pitest.mutationtest.engine.gregor.mutators.MathMutator,pop_andnot,498,KILLED,com.xceptance.xlt.report.util.lucene.BitUtilTest.[engine:junit-jupiter]/[class:com.xceptance.xlt.report.util.lucene.BitUtilTest]/[nested-class:SetOperationsTest]/[method:popAndNot()]
BitUtil.java,com.xceptance.xlt.report.util.lucene.BitUtil,org.pitest.mutationtest.engine.gregor.mutators.MathMutator,pop_andnot,498,KILLED,com.xceptance.xlt.report.util.lucene.BitUtilTest.[engine:junit-jupiter]/[class:com.xceptance.xlt.report.util.lucene.BitUtilTest]/[nested-class:SetOperationsTest]/[method:popAndNot()]
BitUtil.java,com.xceptance.xlt.report.util.lucene.BitUtil,org.pitest.mutationtest.engine.gregor.mutators.MathMutator,pop_andnot,499,KILLED,com.xceptance.xlt.report.util.lucene.BitUtilTest.[engine:junit-jupiter]/[class:com.xceptance.xlt.report.util.lucene.BitUtilTest]/[nested-class:SetOperationsTest]/[method:popAndNot()]
BitUtil.java,com.xceptance.xlt.report.util.lucene.BitUtil,org.pitest.mutationtest.engine.gregor.mutators.MathMutator,pop_andnot,501,KILLED,com.xceptance.xlt.report.util.lucene.BitUtilTest.[engine:junit-jupiter]/[class:com.xceptance.xlt.report.util.lucene.BitUtilTest]/[nested-class:SetOperationsTest]/[method:popAndNot()]
BitUtil.java,com.xceptance.xlt.report.util.lucene.BitUtil,org.pitest.mutationtest.engine.gregor.mutators.MathMutator,pop_andnot,505,KILLED,com.xceptance.xlt.report.util.lucene.BitUtilTest.[engine:junit-jupiter]/[class:com.xceptance.xlt.report.util.lucene.BitUtilTest]/[nested-class:SetOperationsTest]/[method:popAndNot()]
BitUtil.java,com.xceptance.xlt.report.util.lucene.BitUtil,org.pitest.mutationtest.engine.gregor.mutators.MathMutator,pop_andnot,508,KILLED,com.xceptance.xlt.report.util.lucene.BitUtilTest.[engine:junit-jupiter]/[class:com.xceptance.xlt.report.util.lucene.BitUtilTest]/[nested-class:SetOperationsTest]/[method:popAndNot()]
BitUtil.java,com.xceptance.xlt.report.util.lucene.BitUtil,org.pitest.mutationtest.engine.gregor.mutators.MathMutator,pop_andnot,508,KILLED,com.xceptance.xlt.report.util.lucene.BitUtilTest.[engine:junit-jupiter]/[class:com.xceptance.xlt.report.util.lucene.BitUtilTest]/[nested-class:SetOperationsTest]/[method:popAndNot()]
BitUtil.java,com.xceptance.xlt.report.util.lucene.BitUtil,org.pitest.mutationtest.engine.gregor.mutators.MathMutator,pop_andnot,508,KILLED,com.xceptance.xlt.report.util.lucene.BitUtilTest.[engine:junit-jupiter]/[class:com.xceptance.xlt.report.util.lucene.BitUtilTest]/[nested-class:SetOperationsTest]/[method:popAndNot()]
BitUtil.java,com.xceptance.xlt.report.util.lucene.BitUtil,org.pitest.mutationtest.engine.gregor.mutators.MathMutator,pop_andnot,508,KILLED,com.xceptance.xlt.report.util.lucene.BitUtilTest.[engine:junit-jupiter]/[class:com.xceptance.xlt.report.util.lucene.BitUtilTest]/[nested-class:SetOperationsTest]/[method:popAndNot()]
BitUtil.java,com.xceptance.xlt.report.util.lucene.BitUtil,org.pitest.mutationtest.engine.gregor.mutators.MathMutator,pop_andnot,508,KILLED,com.xceptance.xlt.report.util.lucene.BitUtilTest.[engine:junit-jupiter]/[class:com.xceptance.xlt.report.util.lucene.BitUtilTest]/[nested-class:SetOperationsTest]/[method:popAndNot()]
BitUtil.java,com.xceptance.xlt.report.util.lucene.BitUtil,org.pitest.mutationtest.engine.gregor.mutators.MathMutator,pop_andnot,508,KILLED,com.xceptance.xlt.report.util.lucene.BitUtilTest.[engine:junit-jupiter]/[class:com.xceptance.xlt.report.util.lucene.BitUtilTest]/[nested-class:SetOperationsTest]/[method:popAndNot()]
BitUtil.java,com.xceptance.xlt.report.util.lucene.BitUtil,org.pitest.mutationtest.engine.gregor.mutators.MathMutator,pop_andnot,509,KILLED,com.xceptance.xlt.report.util.lucene.BitUtilTest.[engine:junit-jupiter]/[class:com.xceptance.xlt.report.util.lucene.BitUtilTest]/[nested-class:SetOperationsTest]/[method:popAndNot()]
BitUtil.java,com.xceptance.xlt.report.util.lucene.BitUtil,org.pitest.mutationtest.engine.gregor.mutators.MathMutator,pop_andnot,510,KILLED,com.xceptance.xlt.report.util.lucene.BitUtilTest.[engine:junit-jupiter]/[class:com.xceptance.xlt.report.util.lucene.BitUtilTest]/[nested-class:SetOperationsTest]/[method:popAndNot()]
BitUtil.java,com.xceptance.xlt.report.util.lucene.BitUtil,org.pitest.mutationtest.engine.gregor.mutators.MathMutator,pop_andnot,510,KILLED,com.xceptance.xlt.report.util.lucene.BitUtilTest.[engine:junit-jupiter]/[class:com.xceptance.xlt.report.util.lucene.BitUtilTest]/[nested-class:SetOperationsTest]/[method:popAndNot()]
BitUtil.java,com.xceptance.xlt.report.util.lucene.BitUtil,org.pitest.mutationtest.engine.gregor.mutators.MathMutator,pop_andnot,510,KILLED,com.xceptance.xlt.report.util.lucene.BitUtilTest.[engine:junit-jupiter]/[class:com.xceptance.xlt.report.util.lucene.BitUtilTest]/[nested-class:SetOperationsTest]/[method:popAndNot()]
BitUtil.java,com.xceptance.xlt.report.util.lucene.BitUtil,org.pitest.mutationtest.engine.gregor.mutators.MathMutator,pop_andnot,511,KILLED,com.xceptance.xlt.report.util.lucene.BitUtilTest.[engine:junit-jupiter]/[class:com.xceptance.xlt.report.util.lucene.BitUtilTest]/[nested-class:SetOperationsTest]/[method:popAndNot()]
BitUtil.java,com.xceptance.xlt.report.util.lucene.BitUtil,org.pitest.mutationtest.engine.gregor.mutators.MathMutator,pop_andnot,514,KILLED,com.xceptance.xlt.report.util.lucene.BitUtilTest.[engine:junit-jupiter]/[class:com.xceptance.xlt.report.util.lucene.BitUtilTest]/[nested-class:SetOperationsTest]/[method:popAndNot()]
BitUtil.java,com.xceptance.xlt.report.util.lucene.BitUtil,org.pitest.mutationtest.engine.gregor.mutators.MathMutator,pop_andnot,514,KILLED,com.xceptance.xlt.report.util.lucene.BitUtilTest.[engine:junit-jupiter]/[class:com.xceptance.xlt.report.util.lucene.BitUtilTest]/[nested-class:SetOperationsTest]/[method:popAndNot()]
BitUtil.java,com.xceptance.xlt.report.util.lucene.BitUtil,org.pitest.mutationtest.engine.gregor.mutators.MathMutator,pop_andnot,514,KILLED,com.xceptance.xlt.report.util.lucene.BitUtilTest.[engine:junit-jupiter]/[class:com.xceptance.xlt.report.util.lucene.BitUtilTest]/[nested-class:SetOperationsTest]/[method:popAndNot()]
BitUtil.java,com.xceptance.xlt.report.util.lucene.BitUtil,org.pitest.mutationtest.engine.gregor.mutators.MathMutator,pop_andnot,514,KILLED,com.xceptance.xlt.report.util.lucene.BitUtilTest.[engine:junit-jupiter]/[class:com.xceptance.xlt.report.util.lucene.BitUtilTest]/[nested-class:SetOperationsTest]/[method:popAndNot()]
BitUtil.java,com.xceptance.xlt.report.util.lucene.BitUtil,org.pitest.mutationtest.engine.gregor.mutators.MathMutator,pop_andnot,514,KILLED,com.xceptance.xlt.report.util.lucene.BitUtilTest.[engine:junit-jupiter]/[class:com.xceptance.xlt.report.util.lucene.BitUtilTest]/[nested-class:SetOperationsTest]/[method:popAndNot()]
BitUtil.java,com.xceptance.xlt.report.util.lucene.BitUtil,org.pitest.mutationtest.engine.gregor.mutators.MathMutator,pop_andnot,514,KILLED,com.xceptance.xlt.report.util.lucene.BitUtilTest.[engine:junit-jupiter]/[class:com.xceptance.xlt.report.util.lucene.BitUtilTest]/[nested-class:SetOperationsTest]/[method:popAndNot()]
BitUtil.java,com.xceptance.xlt.report.util.lucene.BitUtil,org.pitest.mutationtest.engine.gregor.mutators.MathMutator,pop_andnot,514,KILLED,com.xceptance.xlt.report.util.lucene.BitUtilTest.[engine:junit-jupiter]/[class:com.xceptance.xlt.report.util.lucene.BitUtilTest]/[nested-class:SetOperationsTest]/[method:popAndNot()]
BitUtil.java,com.xceptance.xlt.report.util.lucene.BitUtil,org.pitest.mutationtest.engine.gregor.mutators.MathMutator,pop_andnot,514,KILLED,com.xceptance.xlt.report.util.lucene.BitUtilTest.[engine:junit-jupiter]/[class:com.xceptance.xlt.report.util.lucene.BitUtilTest]/[nested-class:SetOperationsTest]/[method:popAndNot()]
BitUtil.java,com.xceptance.xlt.report.util.lucene.BitUtil,org.pitest.mutationtest.engine.gregor.mutators.MathMutator,pop_andnot,515,KILLED,com.xceptance.xlt.report.util.lucene.BitUtilTest.[engine:junit-jupiter]/[class:com.xceptance.xlt.report.util.lucene.BitUtilTest]/[nested-class:SetOperationsTest]/[method:popAndNot()]
BitUtil.java,com.xceptance.xlt.report.util.lucene.BitUtil,org.pitest.mutationtest.engine.gregor.mutators.MathMutator,pop_andnot,516,KILLED,com.xceptance.xlt.report.util.lucene.BitUtilTest.[engine:junit-jupiter]/[class:com.xceptance.xlt.report.util.lucene.BitUtilTest]/[nested-class:SetOperationsTest]/[method:popAndNot()]
BitUtil.java,com.xceptance.xlt.report.util.lucene.BitUtil,org.pitest.mutationtest.engine.gregor.mutators.MathMutator,pop_andnot,516,KILLED,com.xceptance.xlt.report.util.lucene.BitUtilTest.[engine:junit-jupiter]/[class:com.xceptance.xlt.report.util.lucene.BitUtilTest]/[nested-class:SetOperationsTest]/[method:popAndNot()]
BitUtil.java,com.xceptance.xlt.report.util.lucene.BitUtil,org.pitest.mutationtest.engine.gregor.mutators.MathMutator,pop_andnot,516,KILLED,com.xceptance.xlt.report.util.lucene.BitUtilTest.[engine:junit-jupiter]/[class:com.xceptance.xlt.report.util.lucene.BitUtilTest]/[nested-class:SetOperationsTest]/[method:popAndNot()]
BitUtil.java,com.xceptance.xlt.report.util.lucene.BitUtil,org.pitest.mutationtest.engine.gregor.mutators.MathMutator,pop_andnot,517,KILLED,com.xceptance.xlt.report.util.lucene.BitUtilTest.[engine:junit-jupiter]/[class:com.xceptance.xlt.report.util.lucene.BitUtilTest]/[nested-class:SetOperationsTest]/[method:popAndNot()]
BitUtil.java,com.xceptance.xlt.report.util.lucene.BitUtil,org.pitest.mutationtest.engine.gregor.mutators.MathMutator,pop_andnot,520,KILLED,com.xceptance.xlt.report.util.lucene.BitUtilTest.[engine:junit-jupiter]/[class:com.xceptance.xlt.report.util.lucene.BitUtilTest]/[nested-class:SetOperationsTest]/[method:popAndNot()]
BitUtil.java,com.xceptance.xlt.report.util.lucene.BitUtil,org.pitest.mutationtest.engine.gregor.mutators.MathMutator,pop_andnot,521,KILLED,com.xceptance.xlt.report.util.lucene.BitUtilTest.[engine:junit-jupiter]/[class:com.xceptance.xlt.report.util.lucene.BitUtilTest]/[nested-class:SetOperationsTest]/[method:popAndNot()]
BitUtil.java,com.xceptance.xlt.report.util.lucene.BitUtil,org.pitest.mutationtest.engine.gregor.mutators.MathMutator,pop_andnot,521,KILLED,com.xceptance.xlt.report.util.lucene.BitUtilTest.[engine:junit-jupiter]/[class:com.xceptance.xlt.report.util.lucene.BitUtilTest]/[nested-class:SetOperationsTest]/[method:popAndNot()]
BitUtil.java,com.xceptance.xlt.report.util.lucene.BitUtil,org.pitest.mutationtest.engine.gregor.mutators.MathMutator,pop_andnot,521,KILLED,com.xceptance.xlt.report.util.lucene.BitUtilTest.[engine:junit-jupiter]/[class:com.xceptance.xlt.report.util.lucene.BitUtilTest]/[nested-class:SetOperationsTest]/[method:popAndNot()]
BitUtil.java,com.xceptance.xlt.report.util.lucene.BitUtil,org.pitest.mutationtest.engine.gregor.mutators.MathMutator,pop_andnot,522,KILLED,com.xceptance.xlt.report.util.lucene.BitUtilTest.[engine:junit-jupiter]/[class:com.xceptance.xlt.report.util.lucene.BitUtilTest]/[nested-class:SetOperationsTest]/[method:popAndNot()]
BitUtil.java,com.xceptance.xlt.report.util.lucene.BitUtil,org.pitest.mutationtest.engine.gregor.mutators.MathMutator,pop_andnot,524,KILLED,com.xceptance.xlt.report.util.lucene.BitUtilTest.[engine:junit-jupiter]/[class:com.xceptance.xlt.report.util.lucene.BitUtilTest]/[nested-class:SetOperationsTest]/[method:popAndNot()]
BitUtil.java,com.xceptance.xlt.report.util.lucene.BitUtil,org.pitest.mutationtest.engine.gregor.mutators.MathMutator,pop_andnot,525,KILLED,com.xceptance.xlt.report.util.lucene.BitUtilTest.[engine:junit-jupiter]/[class:com.xceptance.xlt.report.util.lucene.BitUtilTest]/[nested-class:SetOperationsTest]/[method:popAndNot()]
BitUtil.java,com.xceptance.xlt.report.util.lucene.BitUtil,org.pitest.mutationtest.engine.gregor.mutators.MathMutator,pop_andnot,527,KILLED,com.xceptance.xlt.report.util.lucene.BitUtilTest.[engine:junit-jupiter]/[class:com.xceptance.xlt.report.util.lucene.BitUtilTest]/[nested-class:SetOperationsTest]/[method:popAndNot()]
BitUtil.java,com.xceptance.xlt.report.util.lucene.BitUtil,org.pitest.mutationtest.engine.gregor.mutators.MathMutator,pop_andnot,531,KILLED,com.xceptance.xlt.report.util.lucene.BitUtilTest.[engine:junit-jupiter]/[class:com.xceptance.xlt.report.util.lucene.BitUtilTest]/[nested-class:SetOperationsTest]/[method:setOperationsExactLengths()]
BitUtil.java,com.xceptance.xlt.report.util.lucene.BitUtil,org.pitest.mutationtest.engine.gregor.mutators.MathMutator,pop_andnot,532,KILLED,com.xceptance.xlt.report.util.lucene.BitUtilTest.[engine:junit-jupiter]/[class:com.xceptance.xlt.report.util.lucene.BitUtilTest]/[nested-class:SetOperationsTest]/[method:popAndNot()]
BitUtil.java,com.xceptance.xlt.report.util.lucene.BitUtil,org.pitest.mutationtest.engine.gregor.mutators.MathMutator,pop_andnot,532,KILLED,com.xceptance.xlt.report.util.lucene.BitUtilTest.[engine:junit-jupiter]/[class:com.xceptance.xlt.report.util.lucene.BitUtilTest]/[nested-class:SetOperationsTest]/[method:popAndNot()]
BitUtil.java,com.xceptance.xlt.report.util.lucene.BitUtil,org.pitest.mutationtest.engine.gregor.mutators.MathMutator,pop_andnot,532,KILLED,com.xceptance.xlt.report.util.lucene.BitUtilTest.[engine:junit-jupiter]/[class:com.xceptance.xlt.report.util.lucene.BitUtilTest]/[nested-class:SetOperationsTest]/[method:popAndNot()]
BitUtil.java,com.xceptance.xlt.report.util.lucene.BitUtil,org.pitest.mutationtest.engine.gregor.mutators.MathMutator,pop_andnot,532,KILLED,com.xceptance.xlt.report.util.lucene.BitUtilTest.[engine:junit-jupiter]/[class:com.xceptance.xlt.report.util.lucene.BitUtilTest]/[nested-class:SetOperationsTest]/[method:popAndNot()]
BitUtil.java,com.xceptance.xlt.report.util.lucene.BitUtil,org.pitest.mutationtest.engine.gregor.mutators.MathMutator,pop_andnot,532,KILLED,com.xceptance.xlt.report.util.lucene.BitUtilTest.[engine:junit-jupiter]/[class:com.xceptance.xlt.report.util.lucene.BitUtilTest]/[nested-class:SetOperationsTest]/[method:popAndNot()]
BitUtil.java,com.xceptance.xlt.report.util.lucene.BitUtil,org.pitest.mutationtest.engine.gregor.mutators.MathMutator,pop_andnot,532,KILLED,com.xceptance.xlt.report.util.lucene.BitUtilTest.[engine:junit-jupiter]/[class:com.xceptance.xlt.report.util.lucene.BitUtilTest]/[nested-class:SetOperationsTest]/[method:popAndNot()]
BitUtil.java,com.xceptance.xlt.report.util.lucene.BitUtil,org.pitest.mutationtest.engine.gregor.mutators.MathMutator,pop_andnot,533,KILLED,com.xceptance.xlt.report.util.lucene.BitUtilTest.[engine:junit-jupiter]/[class:com.xceptance.xlt.report.util.lucene.BitUtilTest]/[nested-class:SetOperationsTest]/[method:popAndNot()]
BitUtil.java,com.xceptance.xlt.report.util.lucene.BitUtil,org.pitest.mutationtest.engine.gregor.mutators.MathMutator,pop_andnot,534,KILLED,com.xceptance.xlt.report.util.lucene.BitUtilTest.[engine:junit-jupiter]/[class:com.xceptance.xlt.report.util.lucene.BitUtilTest]/[nested-class:SetOperationsTest]/[method:popAndNot()]
BitUtil.java,com.xceptance.xlt.report.util.lucene.BitUtil,org.pitest.mutationtest.engine.gregor.mutators.MathMutator,pop_andnot,534,KILLED,com.xceptance.xlt.report.util.lucene.BitUtilTest.[engine:junit-jupiter]/[class:com.xceptance.xlt.report.util.lucene.BitUtilTest]/[nested-class:SetOperationsTest]/[method:popAndNot()]
BitUtil.java,com.xceptance.xlt.report.util.lucene.BitUtil,org.pitest.mutationtest.engine.gregor.mutators.MathMutator,pop_andnot,534,KILLED,com.xceptance.xlt.report.util.lucene.BitUtilTest.[engine:junit-jupiter]/[class:com.xceptance.xlt.report.util.lucene.BitUtilTest]/[nested-class:SetOperationsTest]/[method:popAndNot()]
BitUtil.java,com.xceptance.xlt.report.util.lucene.BitUtil,org.pitest.mutationtest.engine.gregor.mutators.MathMutator,pop_andnot,535,KILLED,com.xceptance.xlt.report.util.lucene.BitUtilTest.[engine:junit-jupiter]/[class:com.xceptance.xlt.report.util.lucene.BitUtilTest]/[nested-class:SetOperationsTest]/[method:popAndNot()]
BitUtil.java,com.xceptance.xlt.report.util.lucene.BitUtil,org.pitest.mutationtest.engine.gregor.mutators.MathMutator,pop_andnot,537,KILLED,com.xceptance.xlt.report.util.lucene.BitUtilTest.[engine:junit-jupiter]/[class:com.xceptance.xlt.report.util.lucene.BitUtilTest]/[nested-class:SetOperationsTest]/[method:popAndNot()]
BitUtil.java,com.xceptance.xlt.report.util.lucene.BitUtil,org.pitest.mutationtest.engine.gregor.mutators.MathMutator,pop_andnot,538,KILLED,com.xceptance.xlt.report.util.lucene.BitUtilTest.[engine:junit-jupiter]/[class:com.xceptance.xlt.report.util.lucene.BitUtilTest]/[nested-class:SetOperationsTest]/[method:popAndNot()]
BitUtil.java,com.xceptance.xlt.report.util.lucene.BitUtil,org.pitest.mutationtest.engine.gregor.mutators.MathMutator,pop_andnot,540,KILLED,com.xceptance.xlt.report.util.lucene.BitUtilTest.[engine:junit-jupiter]/[class:com.xceptance.xlt.report.util.lucene.BitUtilTest]/[nested-class:SetOperationsTest]/[method:popAndNot()]
BitUtil.java,com.xceptance.xlt.report.util.lucene.BitUtil,org.pitest.mutationtest.engine.gregor.mutators.MathMutator,pop_andnot,541,KILLED,com.xceptance.xlt.report.util.lucene.BitUtilTest.[engine:junit-jupiter]/[class:com.xceptance.xlt.report.util.lucene.BitUtilTest]/[nested-class:SetOperationsTest]/[method:popAndNot()]
BitUtil.java,com.xceptance.xlt.report.util.lucene.BitUtil,org.pitest.mutationtest.engine.gregor.mutators.MathMutator,pop_andnot,543,KILLED,com.xceptance.xlt.report.util.lucene.BitUtilTest.[engine:junit-jupiter]/[class:com.xceptance.xlt.report.util.lucene.BitUtilTest]/[nested-class:SetOperationsTest]/[method:popAndNot()]
BitUtil.java,com.xceptance.xlt.report.util.lucene.BitUtil,org.pitest.mutationtest.engine.gregor.mutators.MathMutator,pop_andnot,548,KILLED,com.xceptance.xlt.report.util.lucene.BitUtilTest.[engine:junit-jupiter]/[class:com.xceptance.xlt.report.util.lucene.BitUtilTest]/[nested-class:SetOperationsTest]/[method:popAndNot()]
BitUtil.java,com.xceptance.xlt.report.util.lucene.BitUtil,org.pitest.mutationtest.engine.gregor.mutators.MathMutator,pop_andnot,548,KILLED,com.xceptance.xlt.report.util.lucene.BitUtilTest.[engine:junit-jupiter]/[class:com.xceptance.xlt.report.util.lucene.BitUtilTest]/[nested-class:SetOperationsTest]/[method:popAndNot()]
BitUtil.java,com.xceptance.xlt.report.util.lucene.BitUtil,org.pitest.mutationtest.engine.gregor.mutators.MathMutator,pop_andnot,548,KILLED,com.xceptance.xlt.report.util.lucene.BitUtilTest.[engine:junit-jupiter]/[class:com.xceptance.xlt.report.util.lucene.BitUtilTest]/[nested-class:SetOperationsTest]/[method:popAndNot()]
BitUtil.java,com.xceptance.xlt.report.util.lucene.BitUtil,org.pitest.mutationtest.engine.gregor.mutators.MathMutator,pop_andnot,551,KILLED,com.xceptance.xlt.report.util.lucene.BitUtilTest.[engine:junit-jupiter]/[class:com.xceptance.xlt.report.util.lucene.BitUtilTest]/[nested-class:SetOperationsTest]/[method:popAndNot()]
BitUtil.java,com.xceptance.xlt.report.util.lucene.BitUtil,org.pitest.mutationtest.engine.gregor.mutators.MathMutator,pop_andnot,552,KILLED,com.xceptance.xlt.report.util.lucene.BitUtilTest.[engine:junit-jupiter]/[class:com.xceptance.xlt.report.util.lucene.BitUtilTest]/[nested-class:SetOperationsTest]/[method:popAndNot()]
BitUtil.java,com.xceptance.xlt.report.util.lucene.BitUtil,org.pitest.mutationtest.engine.gregor.mutators.MathMutator,pop_andnot,552,KILLED,com.xceptance.xlt.report.util.lucene.BitUtilTest.[engine:junit-jupiter]/[class:com.xceptance.xlt.report.util.lucene.BitUtilTest]/[nested-class:SetOperationsTest]/[method:popAndNot()]
BitUtil.java,com.xceptance.xlt.report.util.lucene.BitUtil,org.pitest.mutationtest.engine.gregor.mutators.MathMutator,pop_andnot,553,KILLED,com.xceptance.xlt.report.util.lucene.BitUtilTest.[engine:junit-jupiter]/[class:com.xceptance.xlt.report.util.lucene.BitUtilTest]/[nested-class:SetOperationsTest]/[method:popAndNot()]
BitUtil.java,com.xceptance.xlt.report.util.lucene.BitUtil,org.pitest.mutationtest.engine.gregor.mutators.MathMutator,pop_andnot,553,KILLED,com.xceptance.xlt.report.util.lucene.BitUtilTest.[engine:junit-jupiter]/[class:com.xceptance.xlt.report.util.lucene.BitUtilTest]/[nested-class:SetOperationsTest]/[method:popAndNot()]
BitUtil.java,com.xceptance.xlt.report.util.lucene.BitUtil,org.pitest.mutationtest.engine.gregor.mutators.MathMutator,pop_andnot,553,KILLED,com.xceptance.xlt.report.util.lucene.BitUtilTest.[engine:junit-jupiter]/[class:com.xceptance.xlt.report.util.lucene.BitUtilTest]/[nested-class:SetOperationsTest]/[method:popAndNot()]
BitUtil.java,com.xceptance.xlt.report.util.lucene.BitUtil,org.pitest.mutationtest.engine.gregor.mutators.MathMutator,pop_andnot,553,KILLED,com.xceptance.xlt.report.util.lucene.BitUtilTest.[engine:junit-jupiter]/[class:com.xceptance.xlt.report.util.lucene.BitUtilTest]/[nested-class:SetOperationsTest]/[method:popAndNot()]
BitUtil.java,com.xceptance.xlt.report.util.lucene.BitUtil,org.pitest.mutationtest.engine.gregor.mutators.NegateConditionalsMutator,pop_andnot,445,KILLED,com.xceptance.xlt.report.util.lucene.BitUtilTest.[engine:junit-jupiter]/[class:com.xceptance.xlt.report.util.lucene.BitUtilTest]/[nested-class:SetOperationsTest]/[method:popAndNot()]
BitUtil.java,com.xceptance.xlt.report.util.lucene.BitUtil,org.pitest.mutationtest.engine.gregor.mutators.NegateConditionalsMutator,pop_andnot,505,KILLED,com.xceptance.xlt.report.util.lucene.BitUtilTest.[engine:junit-jupiter]/[class:com.xceptance.xlt.report.util.lucene.BitUtilTest]/[nested-class:SetOperationsTest]/[method:popAndNot()]
BitUtil.java,com.xceptance.xlt.report.util.lucene.BitUtil,org.pitest.mutationtest.engine.gregor.mutators.NegateConditionalsMutator,pop_andnot,531,KILLED,com.xceptance.xlt.report.util.lucene.BitUtilTest.[engine:junit-jupiter]/[class:com.xceptance.xlt.report.util.lucene.BitUtilTest]/[nested-class:SetOperationsTest]/[method:popAndNot()]
BitUtil.java,com.xceptance.xlt.report.util.lucene.BitUtil,org.pitest.mutationtest.engine.gregor.mutators.NegateConditionalsMutator,pop_andnot,547,KILLED,com.xceptance.xlt.report.util.lucene.BitUtilTest.[engine:junit-jupiter]/[class:com.xceptance.xlt.report.util.lucene.BitUtilTest]/[nested-class:SetOperationsTest]/[method:popAndNot()]
BitUtil.java,com.xceptance.xlt.report.util.lucene.BitUtil,org.pitest.mutationtest.engine.gregor.mutators.returns.PrimitiveReturnsMutator,pop_andnot,556,KILLED,com.xceptance.xlt.report.util.lucene.BitUtilTest.[engine:junit-jupiter]/[class:com.xceptance.xlt.report.util.lucene.BitUtilTest]/[nested-class:SetOperationsTest]/[method:popAndNot()]
BitUtil.java,com.xceptance.xlt.report.util.lucene.BitUtil,org.pitest.mutationtest.engine.gregor.mutators.ConditionalsBoundaryMutator,pop_array,74,KILLED,com.xceptance.xlt.report.util.lucene.BitUtilTest.[engine:junit-jupiter]/[class:com.xceptance.xlt.report.util.lucene.BitUtilTest]/[nested-class:PopArrayTest]/[method:allOnesAndZeros()]
BitUtil.java,com.xceptance.xlt.report.util.lucene.BitUtil,org.pitest.mutationtest.engine.gregor.mutators.ConditionalsBoundaryMutator,pop_array,139,KILLED,com.xceptance.xlt.report.util.lucene.BitUtilTest.[engine:junit-jupiter]/[class:com.xceptance.xlt.report.util.lucene.BitUtilTest]/[nested-class:PopArrayTest]/[method:varyingLengths()]
BitUtil.java,com.xceptance.xlt.report.util.lucene.BitUtil,org.pitest.mutationtest.engine.gregor.mutators.ConditionalsBoundaryMutator,pop_array,165,KILLED,com.xceptance.xlt.report.util.lucene.BitUtilTest.[engine:junit-jupiter]/[class:com.xceptance.xlt.report.util.lucene.BitUtilTest]/[nested-class:PopArrayTest]/[method:varyingLengths()]
BitUtil.java,com.xceptance.xlt.report.util.lucene.BitUtil,org.pitest.mutationtest.engine.gregor.mutators.ConditionalsBoundaryMutator,pop_array,181,KILLED,com.xceptance.xlt.report.util.lucene.BitUtilTest.[engine:junit-jupiter]/[class:com.xceptance.xlt.report.util.lucene.BitUtilTest]/[nested-class:PopArrayTest]/[method:zeroWords()]
BitUtil.java,com.xceptance.xlt.report.util.lucene.BitUtil,org.pitest.mutationtest.engine.gregor.mutators.IncrementsMutator,pop_array,162,KILLED,com.xceptance.xlt.report.util.lucene.BitUtilTest.[engine:junit-jupiter]/[class:com.xceptance.xlt.report.util.lucene.BitUtilTest]/[nested-class:PopArrayTest]/[method:varyingLengths()]
BitUtil.java,com.xceptance.xlt.report.util.lucene.BitUtil,org.pitest.mutationtest.engine.gregor.mutators.IncrementsMutator,pop_array,178,KILLED,com.xceptance.xlt.report.util.lucene.BitUtilTest.[engine:junit-jupiter]/[class:com.xceptance.xlt.report.util.lucene.BitUtilTest]/[nested-class:PopArrayTest]/[method:varyingLengths()]
BitUtil.java,com.xceptance.xlt.report.util.lucene.BitUtil,org.pitest.mutationtest.engine.gregor.mutators.MathMutator,pop_array,69,KILLED,com.xceptance.xlt.report.util.lucene.BitUtilTest.[engine:junit-jupiter]/[class:com.xceptance.xlt.report.util.lucene.BitUtilTest]/[nested-class:PopArrayTest]/[method:allOnesAndZeros()]
BitUtil.java,com.xceptance.xlt.report.util.lucene.BitUtil,org.pitest.mutationtest.engine.gregor.mutators.MathMutator,pop_array,74,KILLED,com.xceptance.xlt.report.util.lucene.BitUtilTest.[engine:junit-jupiter]/[class:com.xceptance.xlt.report.util.lucene.BitUtilTest]/[nested-class:PopArrayTest]/[method:zeroWords()]
BitUtil.java,com.xceptance.xlt.report.util.lucene.BitUtil,org.pitest.mutationtest.engine.gregor.mutators.MathMutator,pop_array,85,KILLED,com.xceptance.xlt.report.util.lucene.BitUtilTest.[engine:junit-jupiter]/[class:com.xceptance.xlt.report.util.lucene.BitUtilTest]/[nested-class:PopArrayTest]/[method:allOnesAndZeros()]
BitUtil.java,com.xceptance.xlt.report.util.lucene.BitUtil,org.pitest.mutationtest.engine.gregor.mutators.MathMutator,pop_array,86,KILLED,com.xceptance.xlt.report.util.lucene.BitUtilTest.[engine:junit-jupiter]/[class:com.xceptance.xlt.report.util.lucene.BitUtilTest]/[nested-class:PopArrayTest]/[method:allOnesAndZeros()]
BitUtil.java,com.xceptance.xlt.report.util.lucene.BitUtil,org.pitest.mutationtest.engine.gregor.mutators.MathMutator,pop_array,87,KILLED,com.xceptance.xlt.report.util.lucene.BitUtilTest.[engine:junit-jupiter]/[class:com.xceptance.xlt.report.util.lucene.BitUtilTest]/[nested-class:PopArrayTest]/[method:varyingLengths()]
BitUtil.java,com.xceptance.xlt.report.util.lucene.BitUtil,org.pitest.mutationtest.engine.gregor.mutators.MathMutator,pop_array,87,KILLED,com.xceptance.xlt.report.util.lucene.BitUtilTest.[engine:junit-jupiter]/[class:com.xceptance.xlt.report.util.lucene.BitUtilTest]/[nested-class:PopArrayTest]/[method:varyingLengths()]
BitUtil.java,com.xceptance.xlt.report.util.lucene.BitUtil,org.pitest.mutationtest.engine.gregor.mutators.MathMutator,pop_array,87,KILLED,com.xceptance.xlt.report.util.lucene.BitUtilTest.[engine:junit-jupiter]/[class:com.xceptance.xlt.report.util.lucene.BitUtilTest]/[nested-class:PopArrayTest]/[method:allOnesAndZeros()]
BitUtil.java,com.xceptance.xlt.report.util.lucene.BitUtil,org.pitest.mutationtest.engine.gregor.mutators.MathMutator,pop_array,88,KILLED,com.xceptance.xlt.report.util.lucene.BitUtilTest.[engine:junit-jupiter]/[class:com.xceptance.xlt.report.util.lucene.BitUtilTest]/[nested-class:PopArrayTest]/[method:varyingLengths()]
BitUtil.java,com.xceptance.xlt.report.util.lucene.BitUtil,org.pitest.mutationtest.engine.gregor.mutators.MathMutator,pop_array,92,KILLED,com.xceptance.xlt.report.util.lucene.BitUtilTest.[engine:junit-jupiter]/[class:com.xceptance.xlt.report.util.lucene.BitUtilTest]/[nested-class:PopArrayTest]/[method:allOnesAndZeros()]
BitUtil.java,com.xceptance.xlt.report.util.lucene.BitUtil,org.pitest.mutationtest.engine.gregor.mutators.MathMutator,pop_array,92,KILLED,com.xceptance.xlt.report.util.lucene.BitUtilTest.[engine:junit-jupiter]/[class:com.xceptance.xlt.report.util.lucene.BitUtilTest]/[nested-class:PopArrayTest]/[method:allOnesAndZeros()]
BitUtil.java,com.xceptance.xlt.report.util.lucene.BitUtil,org.pitest.mutationtest.engine.gregor.mutators.MathMutator,pop_array,93,KILLED,com.xceptance.xlt.report.util.lucene.BitUtilTest.[engine:junit-jupiter]/[class:com.xceptance.xlt.report.util.lucene.BitUtilTest]/[nested-class:PopArrayTest]/[method:allOnesAndZeros()]
BitUtil.java,com.xceptance.xlt.report.util.lucene.BitUtil,org.pitest.mutationtest.engine.gregor.mutators.MathMutator,pop_array,94,KILLED,com.xceptance.xlt.report.util.lucene.BitUtilTest.[engine:junit-jupiter]/[class:com.xceptance.xlt.report.util.lucene.BitUtilTest]/[nested-class:PopArrayTest]/[method:varyingLengths()]
BitUtil.java,com.xceptance.xlt.report.util.lucene.BitUtil,org.pitest.mutationtest.engine.gregor.mutators.MathMutator,pop_array,94,KILLED,com.xceptance.xlt.report.util.lucene.BitUtilTest.[engine:junit-jupiter]/[class:com.xceptance.xlt.report.util.lucene.BitUtilTest]/[nested-class:PopArrayTest]/[method:varyingLengths()]
BitUtil.java,com.xceptance.xlt.report.util.lucene.BitUtil,org.pitest.mutationtest.engine.gregor.mutators.MathMutator,pop_array,94,KILLED,com.xceptance.xlt.report.util.lucene.BitUtilTest.[engine:junit-jupiter]/[class:com.xceptance.xlt.report.util.lucene.BitUtilTest]/[nested-class:PopArrayTest]/[method:allOnesAndZeros()]
BitUtil.java,com.xceptance.xlt.report.util.lucene.BitUtil,org.pitest.mutationtest.engine.gregor.mutators.MathMutator,pop_array,95,KILLED,com.xceptance.xlt.report.util.lucene.BitUtilTest.[engine:junit-jupiter]/[class:com.xceptance.xlt.report.util.lucene.BitUtilTest]/[nested-class:PopArrayTest]/[method:varyingLengths()]
BitUtil.java,com.xceptance.xlt.report.util.lucene.BitUtil,org.pitest.mutationtest.engine.gregor.mutators.MathMutator,pop_array,99,KILLED,com.xceptance.xlt.report.util.lucene.BitUtilTest.[engine:junit-jupiter]/[class:com.xceptance.xlt.report.util.lucene.BitUtilTest]/[nested-class:PopArrayTest]/[method:allOnesAndZeros()]
BitUtil.java,com.xceptance.xlt.report.util.lucene.BitUtil,org.pitest.mutationtest.engine.gregor.mutators.MathMutator,pop_array,100,KILLED,com.xceptance.xlt.report.util.lucene.BitUtilTest.[engine:junit-jupiter]/[class:com.xceptance.xlt.report.util.lucene.BitUtilTest]/[nested-class:PopArrayTest]/[method:varyingLengths()]
BitUtil.java,com.xceptance.xlt.report.util.lucene.BitUtil,org.pitest.mutationtest.engine.gregor.mutators.MathMutator,pop_array,100,KILLED,com.xceptance.xlt.report.util.lucene.BitUtilTest.[engine:junit-jupiter]/[class:com.xceptance.xlt.report.util.lucene.BitUtilTest]/[nested-class:PopArrayTest]/[method:varyingLengths()]
BitUtil.java,com.xceptance.xlt.report.util.lucene.BitUtil,org.pitest.mutationtest.engine.gregor.mutators.MathMutator,pop_array,100,KILLED,com.xceptance.xlt.report.util.lucene.BitUtilTest.[engine:junit-jupiter]/[class:com.xceptance.xlt.report.util.lucene.BitUtilTest]/[nested-class:PopArrayTest]/[method:allOnesAndZeros()]
BitUtil.java,com.xceptance.xlt.report.util.lucene.BitUtil,org.pitest.mutationtest.engine.gregor.mutators.MathMutator,pop_array,101,KILLED,com.xceptance.xlt.report.util.lucene.BitUtilTest.[engine:junit-jupiter]/[class:com.xceptance.xlt.report.util.lucene.BitUtilTest]/[nested-class:PopArrayTest]/[method:varyingLengths()]
BitUtil.java,com.xceptance.xlt.report.util.lucene.BitUtil,org.pitest.mutationtest.engine.gregor.mutators.MathMutator,pop_array,105,KILLED,com.xceptance.xlt.report.util.lucene.BitUtilTest.[engine:junit-jupiter]/[class:com.xceptance.xlt.report.util.lucene.BitUtilTest]/[nested-class:PopArrayTest]/[method:allOnesAndZeros()]
BitUtil.java,com.xceptance.xlt.report.util.lucene.BitUtil,org.pitest.mutationtest.engine.gregor.mutators.MathMutator,pop_array,105,KILLED,com.xceptance.xlt.report.util.lucene.BitUtilTest.[engine:junit-jupiter]/[class:com.xceptance.xlt.report.util.lucene.BitUtilTest]/[nested-class:PopArrayTest]/[method:allOnesAndZeros()]
BitUtil.java,com.xceptance.xlt.report.util.lucene.BitUtil,org.pitest.mutationtest.engine.gregor.mutators.MathMutator,pop_array,106,KILLED,com.xceptance.xlt.report.util.lucene.BitUtilTest.[engine:junit-jupiter]/[class:com.xceptance.xlt.report.util.lucene.BitUtilTest]/[nested-class:PopArrayTest]/[method:allOnesAndZeros()]
BitUtil.java,com.xceptance.xlt.report.util.lucene.BitUtil,org.pitest.mutationtest.engine.gregor.mutators.MathMutator,pop_array,107,KILLED,com.xceptance.xlt.report.util.lucene.BitUtilTest.[engine:junit-jupiter]/[class:com.xceptance.xlt.report.util.lucene.BitUtilTest]/[nested-class:PopArrayTest]/[method:varyingLengths()]
BitUtil.java,com.xceptance.xlt.report.util.lucene.BitUtil,org.pitest.mutationtest.engine.gregor.mutators.MathMutator,pop_array,107,KILLED,com.xceptance.xlt.report.util.lucene.BitUtilTest.[engine:junit-jupiter]/[class:com.xceptance.xlt.report.util.lucene.BitUtilTest]/[nested-class:PopArrayTest]/[method:varyingLengths()]
BitUtil.java,com.xceptance.xlt.report.util.lucene.BitUtil,org.pitest.mutationtest.engine.gregor.mutators.MathMutator,pop_array,107,KILLED,com.xceptance.xlt.report.util.lucene.BitUtilTest.[engine:junit-jupiter]/[class:com.xceptance.xlt.report.util.lucene.BitUtilTest]/[nested-class:PopArrayTest]/[method:allOnesAndZeros()]
BitUtil.java,com.xceptance.xlt.report.util.lucene.BitUtil,org.pitest.mutationtest.engine.gregor.mutators.MathMutator,pop_array,108,KILLED,com.xceptance.xlt.report.util.lucene.BitUtilTest.[engine:junit-jupiter]/[class:com.xceptance.xlt.report.util.lucene.BitUtilTest]/[nested-class:PopArrayTest]/[method:varyingLengths()]
BitUtil.java,com.xceptance.xlt.report.util.lucene.BitUtil,org.pitest.mutationtest.engine.gregor.mutators.MathMutator,pop_array,112,KILLED,com.xceptance.xlt.report.util.lucene.BitUtilTest.[engine:junit-jupiter]/[class:com.xceptance.xlt.report.util.lucene.BitUtilTest]/[nested-class:PopArrayTest]/[method:allOnesAndZeros()]
BitUtil.java,com.xceptance.xlt.report.util.lucene.BitUtil,org.pitest.mutationtest.engine.gregor.mutators.MathMutator,pop_array,112,KILLED,com.xceptance.xlt.report.util.lucene.BitUtilTest.[engine:junit-jupiter]/[class:com.xceptance.xlt.report.util.lucene.BitUtilTest]/[nested-class:PopArrayTest]/[method:allOnesAndZeros()]
BitUtil.java,com.xceptance.xlt.report.util.lucene.BitUtil,org.pitest.mutationtest.engine.gregor.mutators.MathMutator,pop_array,113,KILLED,com.xceptance.xlt.report.util.lucene.BitUtilTest.[engine:junit-jupiter]/[class:com.xceptance.xlt.report.util.lucene.BitUtilTest]/[nested-class:PopArrayTest]/[method:allOnesAndZeros()]
BitUtil.java,com.xceptance.xlt.report.util.lucene.BitUtil,org.pitest.mutationtest.engine.gregor.mutators.MathMutator,pop_array,114,KILLED,com.xceptance.xlt.report.util.lucene.BitUtilTest.[engine:junit-jupiter]/[class:com.xceptance.xlt.report.util.lucene.BitUtilTest]/[nested-class:PopArrayTest]/[method:varyingLengths()]
BitUtil.java,com.xceptance.xlt.report.util.lucene.BitUtil,org.pitest.mutationtest.engine.gregor.mutators.MathMutator,pop_array,114,KILLED,com.xceptance.xlt.report.util.lucene.BitUtilTest.[engine:junit-jupiter]/[class:com.xceptance.xlt.report.util.lucene.BitUtilTest]/[nested-class:PopArrayTest]/[method:varyingLengths()]
BitUtil.java,com.xceptance.xlt.report.util.lucene.BitUtil,org.pitest.mutationtest.engine.gregor.mutators.MathMutator,pop_array,114,KILLED,com.xceptance.xlt.report.util.lucene.BitUtilTest.[engine:junit-jupiter]/[class:com.xceptance.xlt.report.util.lucene.BitUtilTest]/[nested-class:PopArrayTest]/[method:allOnesAndZeros()]
BitUtil.java,com.xceptance.xlt.report.util.lucene.BitUtil,org.pitest.mutationtest.engine.gregor.mutators.MathMutator,pop_array,115,KILLED,com.xceptance.xlt.report.util.lucene.BitUtilTest.[engine:junit-jupiter]/[class:com.xceptance.xlt.report.util.lucene.BitUtilTest]/[nested-class:PopArrayTest]/[method:varyingLengths()]
BitUtil.java,com.xceptance.xlt.report.util.lucene.BitUtil,org.pitest.mutationtest.engine.gregor.mutators.MathMutator,pop_array,119,KILLED,com.xceptance.xlt.report.util.lucene.BitUtilTest.[engine:junit-jupiter]/[class:com.xceptance.xlt.report.util.lucene.BitUtilTest]/[nested-class:PopArrayTest]/[method:allOnesAndZeros()]
BitUtil.java,com.xceptance.xlt.report.util.lucene.BitUtil,org.pitest.mutationtest.engine.gregor.mutators.MathMutator,pop_array,120,KILLED,com.xceptance.xlt.report.util.lucene.BitUtilTest.[engine:junit-jupiter]/[class:com.xceptance.xlt.report.util.lucene.BitUtilTest]/[nested-class:PopArrayTest]/[method:varyingLengths()]
BitUtil.java,com.xceptance.xlt.report.util.lucene.BitUtil,org.pitest.mutationtest.engine.gregor.mutators.MathMutator,pop_array,120,KILLED,com.xceptance.xlt.report.util.lucene.BitUtilTest.[engine:junit-jupiter]/[class:com.xceptance.xlt.report.util.lucene.BitUtilTest]/[nested-class:PopArrayTest]/[method:varyingLengths()]
BitUtil.java,com.xceptance.xlt.report.util.lucene.BitUtil,org.pitest.mutationtest.engine.gregor.mutators.MathMutator,pop_array,120,KILLED,com.xceptance.xlt.report.util.lucene.BitUtilTest.[engine:junit-jupiter]/[class:com.xceptance.xlt.report.util.lucene.BitUtilTest]/[nested-class:PopArrayTest]/[method:allOnesAndZeros()]
BitUtil.java,com.xceptance.xlt.report.util.lucene.BitUtil,org.pitest.mutationtest.engine.gregor.mutators.MathMutator,pop_array,121,KILLED,com.xceptance.xlt.report.util.lucene.BitUtilTest.[engine:junit-jupiter]/[class:com.xceptance.xlt.report.util.lucene.BitUtilTest]/[nested-class:PopArrayTest]/[method:varyingLengths()]
BitUtil.java,com.xceptance.xlt.report.util.lucene.BitUtil,org.pitest.mutationtest.engine.gregor.mutators.MathMutator,pop_array,126,KILLED,com.xceptance.xlt.report.util.lucene.BitUtilTest.[engine:junit-jupiter]/[class:com.xceptance.xlt.report.util.lucene.BitUtilTest]/[nested-class:PopArrayTest]/[method:allOnesAndZeros()]
BitUtil.java,com.xceptance.xlt.report.util.lucene.BitUtil,org.pitest.mutationtest.engine.gregor.mutators.MathMutator,pop_array,127,KILLED,com.xceptance.xlt.report.util.lucene.BitUtilTest.[engine:junit-jupiter]/[class:com.xceptance.xlt.report.util.lucene.BitUtilTest]/[nested-class:PopArrayTest]/[method:varyingLengths()]
BitUtil.java,com.xceptance.xlt.report.util.lucene.BitUtil,org.pitest.mutationtest.engine.gregor.mutators.MathMutator,pop_array,127,KILLED,com.xceptance.xlt.report.util.lucene.BitUtilTest.[engine:junit-jupiter]/[class:com.xceptance.xlt.report.util.lucene.BitUtilTest]/[nested-class:PopArrayTest]/[method:varyingLengths()]
BitUtil.java,com.xceptance.xlt.report.util.lucene.BitUtil,org.pitest.mutationtest.engine.gregor.mutators.MathMutator,pop_array,127,KILLED,com.xceptance.xlt.report.util.lucene.BitUtilTest.[engine:junit-jupiter]/[class:com.xceptance.xlt.report.util.lucene.BitUtilTest]/[nested-class:PopArrayTest]/[method:allOnesAndZeros()]
BitUtil.java,com.xceptance.xlt.report.util.lucene.BitUtil,org.pitest.mutationtest.engine.gregor.mutators.MathMutator,pop_array,128,KILLED,com.xceptance.xlt.report.util.lucene.BitUtilTest.[engine:junit-jupiter]/[class:com.xceptance.xlt.report.util.lucene.BitUtilTest]/[nested-class:PopArrayTest]/[method:varyingLengths()]
BitUtil.java,com.xceptance.xlt.report.util.lucene.BitUtil,org.pitest.mutationtest.engine.gregor.mutators.MathMutator,pop_array,130,KILLED,com.xceptance.xlt.report.util.lucene.BitUtilTest.[engine:junit-jupiter]/[class:com.xceptance.xlt.report.util.lucene.BitUtilTest]/[nested-class:PopArrayTest]/[method:allOnesAndZeros()]
BitUtil.java,com.xceptance.xlt.report.util.lucene.BitUtil,org.pitest.mutationtest.engine.gregor.mutators.MathMutator,pop_array,139,KILLED,com.xceptance.xlt.report.util.lucene.BitUtilTest.[engine:junit-jupiter]/[class:com.xceptance.xlt.report.util.lucene.BitUtilTest]/[nested-class:PopArrayTest]/[method:zeroWords()]
BitUtil.java,com.xceptance.xlt.report.util.lucene.BitUtil,org.pitest.mutationtest.engine.gregor.mutators.MathMutator,pop_array,142,KILLED,com.xceptance.xlt.report.util.lucene.BitUtilTest.[engine:junit-jupiter]/[class:com.xceptance.xlt.report.util.lucene.BitUtilTest]/[nested-class:PopArrayTest]/[method:varyingLengths()]
BitUtil.java,com.xceptance.xlt.report.util.lucene.BitUtil,org.pitest.mutationtest.engine.gregor.mutators.MathMutator,pop_array,143,KILLED,com.xceptance.xlt.report.util.lucene.BitUtilTest.[engine:junit-jupiter]/[class:com.xceptance.xlt.report.util.lucene.BitUtilTest]/[nested-class:PopArrayTest]/[method:varyingLengths()]
BitUtil.java,com.xceptance.xlt.report.util.lucene.BitUtil,org.pitest.mutationtest.engine.gregor.mutators.MathMutator,pop_array,144,KILLED,com.xceptance.xlt.report.util.lucene.BitUtilTest.[engine:junit-jupiter]/[class:com.xceptance.xlt.report.util.lucene.BitUtilTest]/[nested-class:PopArrayTest]/[method:varyingLengths()]
BitUtil.java,com.xceptance.xlt.report.util.lucene.BitUtil,org.pitest.mutationtest.engine.gregor.mutators.MathMutator,pop_array,144,KILLED,com.xceptance.xlt.report.util.lucene.BitUtilTest.[engine:junit-jupiter]/[class:com.xceptance.xlt.report.util.lucene.BitUtilTest]/[nested-class:PopArrayTest]/[method:varyingLengths()]
BitUtil.java,com.xceptance.xlt.report.util.lucene.BitUtil,org.pitest.mutationtest.engine.gregor.mutators.MathMutator,pop_array,144,KILLED,com.xceptance.xlt.report.util.lucene.BitUtilTest.[engine:junit-jupiter]/[class:com.xceptance.xlt.report.util.lucene.BitUtilTest]/[nested-class:PopArrayTest]/[method:varyingLengths()]
BitUtil.java,com.xceptance.xlt.report.util.lucene.BitUtil,org.pitest.mutationtest.engine.gregor.mutators.MathMutator,pop_array,145,KILLED,com.xceptance.xlt.report.util.lucene.BitUtilTest.[engine:junit-jupiter]/[class:com.xceptance.xlt.report.util.lucene.BitUtilTest]/[nested-class:PopArrayTest]/[method:varyingLengths()]
BitUtil.java,com.xceptance.xlt.report.util.lucene.BitUtil,org.pitest.mutationtest.engine.gregor.mutators.MathMutator,pop_array,148,KILLED,com.xceptance.xlt.report.util.lucene.BitUtilTest.[engine:junit-jupiter]/[class:com.xceptance.xlt.report.util.lucene.BitUtilTest]/[nested-class:PopArrayTest]/[method:varyingLengths()]
BitUtil.java,com.xceptance.xlt.report.util.lucene.BitUtil,org.pitest.mutationtest.engine.gregor.mutators.MathMutator,pop_array,148,KILLED,com.xceptance.xlt.report.util.lucene.BitUtilTest.[engine:junit-jupiter]/[class:com.xceptance.xlt.report.util.lucene.BitUtilTest]/[nested-class:PopArrayTest]/[method:varyingLengths()]
BitUtil.java,com.xceptance.xlt.report.util.lucene.BitUtil,org.pitest.mutationtest.engine.gregor.mutators.MathMutator,pop_array,149,KILLED,com.xceptance.xlt.report.util.lucene.BitUtilTest.[engine:junit-jupiter]/[class:com.xceptance.xlt.report.util.lucene.BitUtilTest]/[nested-class:PopArrayTest]/[method:varyingLengths()]
BitUtil.java,com.xceptance.xlt.report.util.lucene.BitUtil,org.pitest.mutationtest.engine.gregor.mutators.MathMutator,pop_array,150,KILLED,com.xceptance.xlt.report.util.lucene.BitUtilTest.[engine:junit-jupiter]/[class:com.xceptance.xlt.report.util.lucene.BitUtilTest]/[nested-class:PopArrayTest]/[method:varyingLengths()]
BitUtil.java,com.xceptance.xlt.report.util.lucene.BitUtil,org.pitest.mutationtest.engine.gregor.mutators.MathMutator,pop_array,150,KILLED,com.xceptance.xlt.report.util.lucene.BitUtilTest.[engine:junit-jupiter]/[class:com.xceptance.xlt.report.util.lucene.BitUtilTest]/[nested-class:PopArrayTest]/[method:varyingLengths()]
BitUtil.java,com.xceptance.xlt.report.util.lucene.BitUtil,org.pitest.mutationtest.engine.gregor.mutators.MathMutator,pop_array,150,KILLED,com.xceptance.xlt.report.util.lucene.BitUtilTest.[engine:junit-jupiter]/[class:com.xceptance.xlt.report.util.lucene.BitUtilTest]/[nested-class:PopArrayTest]/[method:varyingLengths()]
BitUtil.java,com.xceptance.xlt.report.util.lucene.BitUtil,org.pitest.mutationtest.engine.gregor.mutators.MathMutator,pop_array,151,KILLED,com.xceptance.xlt.report.util.lucene.BitUtilTest.[engine:junit-jupiter]/[class:com.xceptance.xlt.report.util.lucene.BitUtilTest]/[nested-class:PopArrayTest]/[method:varyingLengths()]
BitUtil.java,com.xceptance.xlt.report.util.lucene.BitUtil,org.pitest.mutationtest.engine.gregor.mutators.MathMutator,pop_array,154,KILLED,com.xceptance.xlt.report.util.lucene.BitUtilTest.[engine:junit-jupiter]/[class:com.xceptance.xlt.report.util.lucene.BitUtilTest]/[nested-class:PopArrayTest]/[method:varyingLengths()]
BitUtil.java,com.xceptance.xlt.report.util.lucene.BitUtil,org.pitest.mutationtest.engine.gregor.mutators.MathMutator,pop_array,155,KILLED,com.xceptance.xlt.report.util.lucene.BitUtilTest.[engine:junit-jupiter]/[class:com.xceptance.xlt.report.util.lucene.BitUtilTest]/[nested-class:PopArrayTest]/[method:varyingLengths()]
BitUtil.java,com.xceptance.xlt.report.util.lucene.BitUtil,org.pitest.mutationtest.engine.gregor.mutators.MathMutator,pop_array,155,KILLED,com.xceptance.xlt.report.util.lucene.BitUtilTest.[engine:junit-jupiter]/[class:com.xceptance.xlt.report.util.lucene.BitUtilTest]/[nested-class:PopArrayTest]/[method:varyingLengths()]
BitUtil.java,com.xceptance.xlt.report.util.lucene.BitUtil,org.pitest.mutationtest.engine.gregor.mutators.MathMutator,pop_array,155,KILLED,com.xceptance.xlt.report.util.lucene.BitUtilTest.[engine:junit-jupiter]/[class:com.xceptance.xlt.report.util.lucene.BitUtilTest]/[nested-class:PopArrayTest]/[method:varyingLengths()]
BitUtil.java,com.xceptance.xlt.report.util.lucene.BitUtil,org.pitest.mutationtest.engine.gregor.mutators.MathMutator,pop_array,156,KILLED,com.xceptance.xlt.report.util.lucene.BitUtilTest.[engine:junit-jupiter]/[class:com.xceptance.xlt.report.util.lucene.BitUtilTest]/[nested-class:PopArrayTest]/[method:varyingLengths()]
BitUtil.java,com.xceptance.xlt.report.util.lucene.BitUtil,org.pitest.mutationtest.engine.gregor.mutators.MathMutator,pop_array,158,KILLED,com.xceptance.xlt.report.util.lucene.BitUtilTest.[engine:junit-jupiter]/[class:com.xceptance.xlt.report.util.lucene.BitUtilTest]/[nested-class:PopArrayTest]/[method:varyingLengths()]
BitUtil.java,com.xceptance.xlt.report.util.lucene.BitUtil,org.pitest.mutationtest.engine.gregor.mutators.MathMutator,pop_array,159,KILLED,com.xceptance.xlt.report.util.lucene.BitUtilTest.[engine:junit-jupiter]/[class:com.xceptance.xlt.report.util.lucene.BitUtilTest]/[nested-class:PopArrayTest]/[method:varyingLengths()]
BitUtil.java,com.xceptance.xlt.report.util.lucene.BitUtil,org.pitest.mutationtest.engine.gregor.mutators.MathMutator,pop_array,161,KILLED,com.xceptance.xlt.report.util.lucene.BitUtilTest.[engine:junit-jupiter]/[class:com.xceptance.xlt.report.util.lucene.BitUtilTest]/[nested-class:PopArrayTest]/[method:varyingLengths()]
BitUtil.java,com.xceptance.xlt.report.util.lucene.BitUtil,org.pitest.mutationtest.engine.gregor.mutators.MathMutator,pop_array,165,KILLED,com.xceptance.xlt.report.util.lucene.BitUtilTest.[engine:junit-jupiter]/[class:com.xceptance.xlt.report.util.lucene.BitUtilTest]/[nested-class:PopArrayTest]/[method:zeroWords()]
BitUtil.java,com.xceptance.xlt.report.util.lucene.BitUtil,org.pitest.mutationtest.engine.gregor.mutators.MathMutator,pop_array,166,KILLED,com.xceptance.xlt.report.util.lucene.BitUtilTest.[engine:junit-jupiter]/[class:com.xceptance.xlt.report.util.lucene.BitUtilTest]/[nested-class:PopArrayTest]/[method:varyingLengths()]
BitUtil.java,com.xceptance.xlt.report.util.lucene.BitUtil,org.pitest.mutationtest.engine.gregor.mutators.MathMutator,pop_array,167,KILLED,com.xceptance.xlt.report.util.lucene.BitUtilTest.[engine:junit-jupiter]/[class:com.xceptance.xlt.report.util.lucene.BitUtilTest]/[nested-class:PopArrayTest]/[method:varyingLengths()]
BitUtil.java,com.xceptance.xlt.report.util.lucene.BitUtil,org.pitest.mutationtest.engine.gregor.mutators.MathMutator,pop_array,168,KILLED,com.xceptance.xlt.report.util.lucene.BitUtilTest.[engine:junit-jupiter]/[class:com.xceptance.xlt.report.util.lucene.BitUtilTest]/[nested-class:PopArrayTest]/[method:varyingLengths()]
BitUtil.java,com.xceptance.xlt.report.util.lucene.BitUtil,org.pitest.mutationtest.engine.gregor.mutators.MathMutator,pop_array,168,KILLED,com.xceptance.xlt.report.util.lucene.BitUtilTest.[engine:junit-jupiter]/[class:com.xceptance.xlt.report.util.lucene.BitUtilTest]/[nested-class:PopArrayTest]/[method:varyingLengths()]
BitUtil.java,com.xceptance.xlt.report.util.lucene.BitUtil,org.pitest.mutationtest.engine.gregor.mutators.MathMutator,pop_array,168,KILLED,com.xceptance.xlt.report.util.lucene.BitUtilTest.[engine:junit-jupiter]/[class:com.xceptance.xlt.report.util.lucene.BitUtilTest]/[nested-class:PopArrayTest]/[method:varyingLengths()]
BitUtil.java,com.xceptance.xlt.report.util.lucene.BitUtil,org.pitest.mutationtest.engine.gregor.mutators.MathMutator,pop_array,169,KILLED,com.xceptance.xlt.report.util.lucene.BitUtilTest.[engine:junit-jupiter]/[class:com.xceptance.xlt.report.util.lucene.BitUtilTest]/[nested-class:PopArrayTest]/[method:varyingLengths()]
BitUtil.java,com.xceptance.xlt.report.util.lucene.BitUtil,org.pitest.mutationtest.engine.gregor.mutators.MathMutator,pop_array,171,KILLED,com.xceptance.xlt.report.util.lucene.BitUtilTest.[engine:junit-jupiter]/[class:com.xceptance.xlt.report.util.lucene.BitUtilTest]/[nested-class:PopArrayTest]/[method:varyingLengths()]
BitUtil.java,com.xceptance.xlt.report.util.lucene.BitUtil,org.pitest.mutationtest.engine.gregor.mutators.MathMutator,pop_array,172,KILLED,com.xceptance.xlt.report.util.lucene.BitUtilTest.[engine:junit-jupiter]/[class:com.xceptance.xlt.report.util.lucene.BitUtilTest]/[nested-class:PopArrayTest]/[method:varyingLengths()]
BitUtil.java,com.xceptance.xlt.report.util.lucene.BitUtil,org.pitest.mutationtest.engine.gregor.mutators.MathMutator,pop_array,174,KILLED,com.xceptance.xlt.report.util.lucene.BitUtilTest.[engine:junit-jupiter]/[class:com.xceptance.xlt.report.util.lucene.BitUtilTest]/[nested-class:PopArrayTest]/[method:varyingLengths()]
BitUtil.java,com.xceptance.xlt.report.util.lucene.BitUtil,org.pitest.mutationtest.engine.gregor.mutators.MathMutator,pop_array,175,KILLED,com.xceptance.xlt.report.util.lucene.BitUtilTest.[engine:junit-jupiter]/[class:com.xceptance.xlt.report.util.lucene.BitUtilTest]/[nested-class:PopArrayTest]/[method:varyingLengths()]
BitUtil.java,com.xceptance.xlt.report.util.lucene.BitUtil,org.pitest.mutationtest.engine.gregor.mutators.MathMutator,pop_array,177,KILLED,com.xceptance.xlt.report.util.lucene.BitUtilTest.[engine:junit-jupiter]/[class:com.xceptance.xlt.report.util.lucene.BitUtilTest]/[nested-class:PopArrayTest]/[method:varyingLengths()]
BitUtil.java,com.xceptance.xlt.report.util.lucene.BitUtil,org.pitest.mutationtest.engine.gregor.mutators.MathMutator,pop_array,182,KILLED,com.xceptance.xlt.report.util.lucene.BitUtilTest.[engine:junit-jupiter]/[class:com.xceptance.xlt.report.util.lucene.BitUtilTest]/[nested-class:PopArrayTest]/[method:varyingLengths()]
BitUtil.java,com.xceptance.xlt.report.util.lucene.BitUtil,org.pitest.mutationtest.engine.gregor.mutators.MathMutator,pop_array,185,KILLED,com.xceptance.xlt.report.util.lucene.BitUtilTest.[engine:junit-jupiter]/[class:com.xceptance.xlt.report.util.lucene.BitUtilTest]/[nested-class:PopArrayTest]/[method:varyingLengths()]
BitUtil.java,com.xceptance.xlt.report.util.lucene.BitUtil,org.pitest.mutationtest.engine.gregor.mutators.MathMutator,pop_array,186,KILLED,com.xceptance.xlt.report.util.lucene.BitUtilTest.[engine:junit-jupiter]/[class:com.xceptance.xlt.report.util.lucene.BitUtilTest]/[nested-class:PopArrayTest]/[method:varyingLengths()]
BitUtil.java,com.xceptance.xlt.report.util.lucene.BitUtil,org.pitest.mutationtest.engine.gregor.mutators.MathMutator,pop_array,186,KILLED,com.xceptance.xlt.report.util.lucene.BitUtilTest.[engine:junit-jupiter]/[class:com.xceptance.xlt.report.util.lucene.BitUtilTest]/[nested-class:PopArrayTest]/[method:varyingLengths()]
BitUtil.java,com.xceptance.xlt.report.util.lucene.BitUtil,org.pitest.mutationtest.engine.gregor.mutators.MathMutator,pop_array,187,KILLED,com.xceptance.xlt.report.util.lucene.BitUtilTest.[engine:junit-jupiter]/[class:com.xceptance.xlt.report.util.lucene.BitUtilTest]/[nested-class:PopArrayTest]/[method:varyingLengths()]
BitUtil.java,com.xceptance.xlt.report.util.lucene.BitUtil,org.pitest.mutationtest.engine.gregor.mutators.MathMutator,pop_array,187,KILLED,com.xceptance.xlt.report.util.lucene.BitUtilTest.[engine:junit-jupiter]/[class:com.xceptance.xlt.report.util.lucene.BitUtilTest]/[nested-class:PopArrayTest]/[method:allOnesAndZeros()]
BitUtil.java,com.xceptance.xlt.report.util.lucene.BitUtil,org.pitest.mutationtest.engine.gregor.mutators.MathMutator,pop_array,187,KILLED,com.xceptance.xlt.report.util.lucene.BitUtilTest.[engine:junit-jupiter]/[class:com.xceptance.xlt.report.util.lucene.BitUtilTest]/[nested-class:PopArrayTest]/[method:allOnesAndZeros()]
BitUtil.java,com.xceptance.xlt.report.util.lucene.BitUtil,org.pitest.mutationtest.engine.gregor.mutators.MathMutator,pop_array,187,KILLED,com.xceptance.xlt.report.util.lucene.BitUtilTest.[engine:junit-jupiter]/[class:com.xceptance.xlt.report.util.lucene.BitUtilTest]/[nested-class:PopArrayTest]/[method:allOnesAndZeros()]
BitUtil.java,com.xceptance.xlt.report.util.lucene.BitUtil,org.pitest.mutationtest.engine.gregor.mutators.NegateConditionalsMutator,pop_array,74,KILLED,com.xceptance.xlt.report.util.lucene.BitUtilTest.[engine:junit-jupiter]/[class:com.xceptance.xlt.report.util.lucene.BitUtilTest]/[nested-class:PopArrayTest]/[method:zeroWords()]
BitUtil.java,com.xceptance.xlt.report.util.lucene.BitUtil,org.pitest.mutationtest.engine.gregor.mutators.NegateConditionalsMutator,pop_array,139,KILLED,com.xceptance.xlt.report.util.lucene.BitUtilTest.[engine:junit-jupiter]/[class:com.xceptance.xlt.report.util.lucene.BitUtilTest]/[nested-class:PopArrayTest]/[method:zeroWords()]
BitUtil.java,com.xceptance.xlt.report.util.lucene.BitUtil,org.pitest.mutationtest.engine.gregor.mutators.NegateConditionalsMutator,pop_array,165,KILLED,com.xceptance.xlt.report.util.lucene.BitUtilTest.[engine:junit-jupiter]/[class:com.xceptance.xlt.report.util.lucene.BitUtilTest]/[nested-class:PopArrayTest]/[method:zeroWords()]
BitUtil.java,com.xceptance.xlt.report.util.lucene.BitUtil,org.pitest.mutationtest.engine.gregor.mutators.NegateConditionalsMutator,pop_array,181,KILLED,com.xceptance.xlt.report.util.lucene.BitUtilTest.[engine:junit-jupiter]/[class:com.xceptance.xlt.report.util.lucene.BitUtilTest]/[nested-class:PopArrayTest]/[method:zeroWords()]
BitUtil.java,com.xceptance.xlt.report.util.lucene.BitUtil,org.pitest.mutationtest.engine.gregor.mutators.returns.PrimitiveReturnsMutator,pop_array,190,KILLED,com.xceptance.xlt.report.util.lucene.BitUtilTest.[engine:junit-jupiter]/[class:com.xceptance.xlt.report.util.lucene.BitUtilTest]/[nested-class:PopArrayTest]/[method:allOnesAndZeros()]
BitUtil.java,com.xceptance.xlt.report.util.lucene.BitUtil,org.pitest.mutationtest.engine.gregor.mutators.ConditionalsBoundaryMutator,pop_intersect,203,KILLED,com.xceptance.xlt.report.util.lucene.BitUtilTest.[engine:junit-jupiter]/[class:com.xceptance.xlt.report.util.lucene.BitUtilTest]/[nested-class:SetOperationsTest]/[method:popIntersect()]
BitUtil.java,com.xceptance.xlt.report.util.lucene.BitUtil,org.pitest.mutationtest.engine.gregor.mutators.ConditionalsBoundaryMutator,pop_intersect,257,KILLED,com.xceptance.xlt.report.util.lucene.BitUtilTest.[engine:junit-jupiter]/[class:com.xceptance.xlt.report.util.lucene.BitUtilTest]/[nested-class:SetOperationsTest]/[method:popIntersect()]
BitUtil.java,com.xceptance.xlt.report.util.lucene.BitUtil,org.pitest.mutationtest.engine.gregor.mutators.ConditionalsBoundaryMutator,pop_intersect,283,KILLED,com.xceptance.xlt.report.util.lucene.BitUtilTest.[engine:junit-jupiter]/[class:com.xceptance.xlt.report.util.lucene.BitUtilTest]/[nested-class:SetOperationsTest]/[method:popIntersect()]
BitUtil.java,com.xceptance.xlt.report.util.lucene.BitUtil,org.pitest.mutationtest.engine.gregor.mutators.ConditionalsBoundaryMutator,pop_intersect,299,KILLED,com.xceptance.xlt.report.util.lucene.BitUtilTest.[engine:junit-jupiter]/[class:com.xceptance.xlt.report.util.lucene.BitUtilTest]/[nested-class:SetOperationsTest]/[method:setOperationsExactLengths()]
BitUtil.java,com.xceptance.xlt.report.util.lucene.BitUtil,org.pitest.mutationtest.engine.gregor.mutators.IncrementsMutator,pop_intersect,280,KILLED,com.xceptance.xlt.report.util.lucene.BitUtilTest.[engine:junit-jupiter]/[class:com.xceptance.xlt.report.util.lucene.BitUtilTest]/[nested-class:SetOperationsTest]/[method:popIntersect()]
BitUtil.java,com.xceptance.xlt.report.util.lucene.BitUtil,org.pitest.mutationtest.engine.gregor.mutators.IncrementsMutator,pop_intersect,296,KILLED,com.xceptance.xlt.report.util.lucene.BitUtilTest.[engine:junit-jupiter]/[class:com.xceptance.xlt.report.util.lucene.BitUtilTest]/[nested-class:SetOperationsTest]/[method:popIntersect()]
BitUtil.java,com.xceptance.xlt.report.util.lucene.BitUtil,org.pitest.mutationtest.engine.gregor.mutators.MathMutator,pop_intersect,198,KILLED,com.xceptance.xlt.report.util.lucene.BitUtilTest.[engine:junit-jupiter]/[class:com.xceptance.xlt.report.util.lucene.BitUtilTest]/[nested-class:SetOperationsTest]/[method:popIntersect()]
BitUtil.java,com.xceptance.xlt.report.util.lucene.BitUtil,org.pitest.mutationtest.engine.gregor.mutators.MathMutator,pop_intersect,203,KILLED,com.xceptance.xlt.report.util.lucene.BitUtilTest.[engine:junit-jupiter]/[class:com.xceptance.xlt.report.util.lucene.BitUtilTest]/[nested-class:SetOperationsTest]/[method:popIntersect()]
BitUtil.java,com.xceptance.xlt.report.util.lucene.BitUtil,org.pitest.mutationtest.engine.gregor.mutators.MathMutator,pop_intersect,208,KILLED,com.xceptance.xlt.report.util.lucene.BitUtilTest.[engine:junit-jupiter]/[class:com.xceptance.xlt.report.util.lucene.BitUtilTest]/[nested-class:SetOperationsTest]/[method:popIntersect()]
BitUtil.java,com.xceptance.xlt.report.util.lucene.BitUtil,org.pitest.mutationtest.engine.gregor.mutators.MathMutator,pop_intersect,208,KILLED,com.xceptance.xlt.report.util.lucene.BitUtilTest.[engine:junit-jupiter]/[class:com.xceptance.xlt.report.util.lucene.BitUtilTest]/[nested-class:SetOperationsTest]/[method:popIntersect()]
BitUtil.java,com.xceptance.xlt.report.util.lucene.BitUtil,org.pitest.mutationtest.engine.gregor.mutators.MathMutator,pop_intersect,208,KILLED,com.xceptance.xlt.report.util.lucene.BitUtilTest.[engine:junit-jupiter]/[class:com.xceptance.xlt.report.util.lucene.BitUtilTest]/[nested-class:SetOperationsTest]/[method:popIntersect()]
BitUtil.java,com.xceptance.xlt.report.util.lucene.BitUtil,org.pitest.mutationtest.engine.gregor.mutators.MathMutator,pop_intersect,208,KILLED,com.xceptance.xlt.report.util.lucene.BitUtilTest.[engine:junit-jupiter]/[class:com.xceptance.xlt.report.util.lucene.BitUtilTest]/[nested-class:SetOperationsTest]/[method:popIntersect()]
BitUtil.java,com.xceptance.xlt.report.util.lucene.BitUtil,org.pitest.mutationtest.engine.gregor.mutators.MathMutator,pop_intersect,209,KILLED,com.xceptance.xlt.report.util.lucene.BitUtilTest.[engine:junit-jupiter]/[class:com.xceptance.xlt.report.util.lucene.BitUtilTest]/[nested-class:SetOperationsTest]/[method:popIntersect()]
BitUtil.java,com.xceptance.xlt.report.util.lucene.BitUtil,org.pitest.mutationtest.engine.gregor.mutators.MathMutator,pop_intersect,210,KILLED,com.xceptance.xlt.report.util.lucene.BitUtilTest.[engine:junit-jupiter]/[class:com.xceptance.xlt.report.util.lucene.BitUtilTest]/[nested-class:SetOperationsTest]/[method:popIntersect()]
BitUtil.java,com.xceptance.xlt.report.util.lucene.BitUtil,org.pitest.mutationtest.engine.gregor.mutators.MathMutator,pop_intersect,210,KILLED,com.xceptance.xlt.report.util.lucene.BitUtilTest.[engine:junit-jupiter]/[class:com.xceptance.xlt.report.util.lucene.BitUtilTest]/[nested-class:SetOperationsTest]/[method:popIntersect()]
BitUtil.java,com.xceptance.xlt.report.util.lucene.BitUtil,org.pitest.mutationtest.engine.gregor.mutators.MathMutator,pop_intersect,210,KILLED,com.xceptance.xlt.report.util.lucene.BitUtilTest.[engine:junit-jupiter]/[class:com.xceptance.xlt.report.util.lucene.BitUtilTest]/[nested-class:SetOperationsTest]/[method:popIntersect()]
BitUtil.java,com.xceptance.xlt.report.util.lucene.BitUtil,org.pitest.mutationtest.engine.gregor.mutators.MathMutator,pop_intersect,211,KILLED,com.xceptance.xlt.report.util.lucene.BitUtilTest.[engine:junit-jupiter]/[class:com.xceptance.xlt.report.util.lucene.BitUtilTest]/[nested-class:SetOperationsTest]/[method:popIntersect()]
BitUtil.java,com.xceptance.xlt.report.util.lucene.BitUtil,org.pitest.mutationtest.engine.gregor.mutators.MathMutator,pop_intersect,215,KILLED,com.xceptance.xlt.report.util.lucene.BitUtilTest.[engine:junit-jupiter]/[class:com.xceptance.xlt.report.util.lucene.BitUtilTest]/[nested-class:SetOperationsTest]/[method:popIntersect()]
BitUtil.java,com.xceptance.xlt.report.util.lucene.BitUtil,org.pitest.mutationtest.engine.gregor.mutators.MathMutator,pop_intersect,215,KILLED,com.xceptance.xlt.report.util.lucene.BitUtilTest.[engine:junit-jupiter]/[class:com.xceptance.xlt.report.util.lucene.BitUtilTest]/[nested-class:SetOperationsTest]/[method:popIntersect()]
BitUtil.java,com.xceptance.xlt.report.util.lucene.BitUtil,org.pitest.mutationtest.engine.gregor.mutators.MathMutator,pop_intersect,215,KILLED,com.xceptance.xlt.report.util.lucene.BitUtilTest.[engine:junit-jupiter]/[class:com.xceptance.xlt.report.util.lucene.BitUtilTest]/[nested-class:SetOperationsTest]/[method:popIntersect()]
BitUtil.java,com.xceptance.xlt.report.util.lucene.BitUtil,org.pitest.mutationtest.engine.gregor.mutators.MathMutator,pop_intersect,215,KILLED,com.xceptance.xlt.report.util.lucene.BitUtilTest.[engine:junit-jupiter]/[class:com.xceptance.xlt.report.util.lucene.BitUtilTest]/[nested-class:SetOperationsTest]/[method:popIntersect()]
BitUtil.java,com.xceptance.xlt.report.util.lucene.BitUtil,org.pitest.mutationtest.engine.gregor.mutators.MathMutator,pop_intersect,215,KILLED,com.xceptance.xlt.report.util.lucene.BitUtilTest.[engine:junit-jupiter]/[class:com.xceptance.xlt.report.util.lucene.BitUtilTest]/[nested-class:SetOperationsTest]/[method:popIntersect()]
BitUtil.java,com.xceptance.xlt.report.util.lucene.BitUtil,org.pitest.mutationtest.engine.gregor.mutators.MathMutator,pop_intersect,215,KILLED,com.xceptance.xlt.report.util.lucene.BitUtilTest.[engine:junit-jupiter]/[class:com.xceptance.xlt.report.util.lucene.BitUtilTest]/[nested-class:SetOperationsTest]/[method:popIntersect()]
BitUtil.java,com.xceptance.xlt.report.util.lucene.BitUtil,org.pitest.mutationtest.engine.gregor.mutators.MathMutator,pop_intersect,216,KILLED,com.xceptance.xlt.report.util.lucene.BitUtilTest.[engine:junit-jupiter]/[class:com.xceptance.xlt.report.util.lucene.BitUtilTest]/[nested-class:SetOperationsTest]/[method:popIntersect()]
BitUtil.java,com.xceptance.xlt.report.util.lucene.BitUtil,org.pitest.mutationtest.engine.gregor.mutators.MathMutator,pop_intersect,217,KILLED,com.xceptance.xlt.report.util.lucene.BitUtilTest.[engine:junit-jupiter]/[class:com.xceptance.xlt.report.util.lucene.BitUtilTest]/[nested-class:SetOperationsTest]/[method:popIntersect()]
BitUtil.java,com.xceptance.xlt.report.util.lucene.BitUtil,org.pitest.mutationtest.engine.gregor.mutators.MathMutator,pop_intersect,217,KILLED,com.xceptance.xlt.report.util.lucene.BitUtilTest.[engine:junit-jupiter]/[class:com.xceptance.xlt.report.util.lucene.BitUtilTest]/[nested-class:SetOperationsTest]/[method:popIntersect()]
BitUtil.java,com.xceptance.xlt.report.util.lucene.BitUtil,org.pitest.mutationtest.engine.gregor.mutators.MathMutator,pop_intersect,217,KILLED,com.xceptance.xlt.report.util.lucene.BitUtilTest.[engine:junit-jupiter]/[class:com.xceptance.xlt.report.util.lucene.BitUtilTest]/[nested-class:SetOperationsTest]/[method:popIntersect()]
BitUtil.java,com.xceptance.xlt.report.util.lucene.BitUtil,org.pitest.mutationtest.engine.gregor.mutators.MathMutator,pop_intersect,218,KILLED,com.xceptance.xlt.report.util.lucene.BitUtilTest.[engine:junit-jupiter]/[class:com.xceptance.xlt.report.util.lucene.BitUtilTest]/[nested-class:SetOperationsTest]/[method:popIntersect()]
BitUtil.java,com.xceptance.xlt.report.util.lucene.BitUtil,org.pitest.mutationtest.engine.gregor.mutators.MathMutator,pop_intersect,222,KILLED,com.xceptance.xlt.report.util.lucene.BitUtilTest.[engine:junit-jupiter]/[class:com.xceptance.xlt.report.util.lucene.BitUtilTest]/[nested-class:SetOperationsTest]/[method:popIntersect()]
BitUtil.java,com.xceptance.xlt.report.util.lucene.BitUtil,org.pitest.mutationtest.engine.gregor.mutators.MathMutator,pop_intersect,223,KILLED,com.xceptance.xlt.report.util.lucene.BitUtilTest.[engine:junit-jupiter]/[class:com.xceptance.xlt.report.util.lucene.BitUtilTest]/[nested-class:SetOperationsTest]/[method:popIntersect()]
BitUtil.java,com.xceptance.xlt.report.util.lucene.BitUtil,org.pitest.mutationtest.engine.gregor.mutators.MathMutator,pop_intersect,223,KILLED,com.xceptance.xlt.report.util.lucene.BitUtilTest.[engine:junit-jupiter]/[class:com.xceptance.xlt.report.util.lucene.BitUtilTest]/[nested-class:SetOperationsTest]/[method:popIntersect()]
BitUtil.java,com.xceptance.xlt.report.util.lucene.BitUtil,org.pitest.mutationtest.engine.gregor.mutators.MathMutator,pop_intersect,223,KILLED,com.xceptance.xlt.report.util.lucene.BitUtilTest.[engine:junit-jupiter]/[class:com.xceptance.xlt.report.util.lucene.BitUtilTest]/[nested-class:SetOperationsTest]/[method:popIntersect()]
BitUtil.java,com.xceptance.xlt.report.util.lucene.BitUtil,org.pitest.mutationtest.engine.gregor.mutators.MathMutator,pop_intersect,224,KILLED,com.xceptance.xlt.report.util.lucene.BitUtilTest.[engine:junit-jupiter]/[class:com.xceptance.xlt.report.util.lucene.BitUtilTest]/[nested-class:SetOperationsTest]/[method:popIntersect()]
BitUtil.java,com.xceptance.xlt.report.util.lucene.BitUtil,org.pitest.mutationtest.engine.gregor.mutators.MathMutator,pop_intersect,228,KILLED,com.xceptance.xlt.report.util.lucene.BitUtilTest.[engine:junit-jupiter]/[class:com.xceptance.xlt.report.util.lucene.BitUtilTest]/[nested-class:SetOperationsTest]/[method:popIntersect()]
BitUtil.java,com.xceptance.xlt.report.util.lucene.BitUtil,org.pitest.mutationtest.engine.gregor.mutators.MathMutator,pop_intersect,228,KILLED,com.xceptance.xlt.report.util.lucene.BitUtilTest.[engine:junit-jupiter]/[class:com.xceptance.xlt.report.util.lucene.BitUtilTest]/[nested-class:SetOperationsTest]/[method:popIntersect()]
BitUtil.java,com.xceptance.xlt.report.util.lucene.BitUtil,org.pitest.mutationtest.engine.gregor.mutators.MathMutator,pop_intersect,228,KILLED,com.xceptance.xlt.report.util.lucene.BitUtilTest.[engine:junit-jupiter]/[class:com.xceptance.xlt.report.util.lucene.BitUtilTest]/[nested-class:SetOperationsTest]/[method:popIntersect()]
BitUtil.java,com.xceptance.xlt.report.util.lucene.BitUtil,org.pitest.mutationtest.engine.gregor.mutators.MathMutator,pop_intersect,228,KILLED,com.xceptance.xlt.report.util.lucene.BitUtilTest.[engine:junit-jupiter]/[class:com.xceptance.xlt.report.util.lucene.BitUtilTest]/[nested-class:SetOperationsTest]/[method:popIntersect()]
BitUtil.java,com.xceptance.xlt.report.util.lucene.BitUtil,org.pitest.mutationtest.engine.gregor.mutators.MathMutator,pop_intersect,228,KILLED,com.xceptance.xlt.report.util.lucene.BitUtilTest.[engine:junit-jupiter]/[class:com.xceptance.xlt.report.util.lucene.BitUtilTest]/[nested-class:SetOperationsTest]/[method:popIntersect()]
BitUtil.java,com.xceptance.xlt.report.util.lucene.BitUtil,org.pitest.mutationtest.engine.gregor.mutators.MathMutator,pop_intersect,228,KILLED,com.xceptance.xlt.report.util.lucene.BitUtilTest.[engine:junit-jupiter]/[class:com.xceptance.xlt.report.util.lucene.BitUtilTest]/[nested-class:SetOperationsTest]/[method:popIntersect()]
BitUtil.java,com.xceptance.xlt.report.util.lucene.BitUtil,org.pitest.mutationtest.engine.gregor.mutators.MathMutator,pop_intersect,229,KILLED,com.xceptance.xlt.report.util.lucene.BitUtilTest.[engine:junit-jupiter]/[class:com.xceptance.xlt.report.util.lucene.BitUtilTest]/[nested-class:SetOperationsTest]/[method:popIntersect()]
BitUtil.java,com.xceptance.xlt.report.util.lucene.BitUtil,org.pitest.mutationtest.engine.gregor.mutators.MathMutator,pop_intersect,230,KILLED,com.xceptance.xlt.report.util.lucene.BitUtilTest.[engine:junit-jupiter]/[class:com.xceptance.xlt.report.util.lucene.BitUtilTest]/[nested-class:SetOperationsTest]/[method:popIntersect()]
BitUtil.java,com.xceptance.xlt.report.util.lucene.BitUtil,org.pitest.mutationtest.engine.gregor.mutators.MathMutator,pop_intersect,230,KILLED,com.xceptance.xlt.report.util.lucene.BitUtilTest.[engine:junit-jupiter]/[class:com.xceptance.xlt.report.util.lucene.BitUtilTest]/[nested-class:SetOperationsTest]/[method:popIntersect()]
BitUtil.java,com.xceptance.xlt.report.util.lucene.BitUtil,org.pitest.mutationtest.engine.gregor.mutators.MathMutator,pop_intersect,230,KILLED,com.xceptance.xlt.report.util.lucene.BitUtilTest.[engine:junit-jupiter]/[class:com.xceptance.xlt.report.util.lucene.BitUtilTest]/[nested-class:SetOperationsTest]/[method:popIntersect()]
BitUtil.java,com.xceptance.xlt.report.util.lucene.BitUtil,org.pitest.mutationtest.engine.gregor.mutators.MathMutator,pop_intersect,231,KILLED,com.xceptance.xlt.report.util.lucene.BitUtilTest.[engine:junit-jupiter]/[class:com.xceptance.xlt.report.util.lucene.BitUtilTest]/[nested-class:SetOperationsTest]/[method:popIntersect()]
BitUtil.java,com.xceptance.xlt.report.util.lucene.BitUtil,org.pitest.mutationtest.engine.gregor.mutators.MathMutator,pop_intersect,235,KILLED,com.xceptance.xlt.report.util.lucene.BitUtilTest.[engine:junit-jupiter]/[class:com.xceptance.xlt.report.util.lucene.BitUtilTest]/[nested-class:SetOperationsTest]/[method:popIntersect()]
BitUtil.java,com.xceptance.xlt.report.util.lucene.BitUtil,org.pitest.mutationtest.engine.gregor.mutators.MathMutator,pop_intersect,235,KILLED,com.xceptance.xlt.report.util.lucene.BitUtilTest.[engine:junit-jupiter]/[class:com.xceptance.xlt.report.util.lucene.BitUtilTest]/[nested-class:SetOperationsTest]/[method:popIntersect()]
BitUtil.java,com.xceptance.xlt.report.util.lucene.BitUtil,org.pitest.mutationtest.engine.gregor.mutators.MathMutator,pop_intersect,235,KILLED,com.xceptance.xlt.report.util.lucene.BitUtilTest.[engine:junit-jupiter]/[class:com.xceptance.xlt.report.util.lucene.BitUtilTest]/[nested-class:SetOperationsTest]/[method:popIntersect()]
BitUtil.java,com.xceptance.xlt.report.util.lucene.BitUtil,org.pitest.mutationtest.engine.gregor.mutators.MathMutator,pop_intersect,235,KILLED,com.xceptance.xlt.report.util.lucene.BitUtilTest.[engine:junit-jupiter]/[class:com.xceptance.xlt.report.util.lucene.BitUtilTest]/[nested-class:SetOperationsTest]/[method:popIntersect()]
BitUtil.java,com.xceptance.xlt.report.util.lucene.BitUtil,org.pitest.mutationtest.engine.gregor.mutators.MathMutator,pop_intersect,235,KILLED,com.xceptance.xlt.report.util.lucene.BitUtilTest.[engine:junit-jupiter]/[class:com.xceptance.xlt.report.util.lucene.BitUtilTest]/[nested-class:SetOperationsTest]/[method:popIntersect()]
BitUtil.java,com.xceptance.xlt.report.util.lucene.BitUtil,org.pitest.mutationtest.engine.gregor.mutators.MathMutator,pop_intersect,235,KILLED,com.xceptance.xlt.report.util.lucene.BitUtilTest.[engine:junit-jupiter]/[class:com.xceptance.xlt.report.util.lucene.BitUtilTest]/[nested-class:SetOperationsTest]/[method:popIntersect()]
BitUtil.java,com.xceptance.xlt.report.util.lucene.BitUtil,org.pitest.mutationtest.engine.gregor.mutators.MathMutator,pop_intersect,236,KILLED,com.xceptance.xlt.report.util.lucene.BitUtilTest.[engine:junit-jupiter]/[class:com.xceptance.xlt.report.util.lucene.BitUtilTest]/[nested-class:SetOperationsTest]/[method:popIntersect()]
BitUtil.java,com.xceptance.xlt.report.util.lucene.BitUtil,org.pitest.mutationtest.engine.gregor.mutators.MathMutator,pop_intersect,237,KILLED,com.xceptance.xlt.report.util.lucene.BitUtilTest.[engine:junit-jupiter]/[class:com.xceptance.xlt.report.util.lucene.BitUtilTest]/[nested-class:SetOperationsTest]/[method:popIntersect()]
BitUtil.java,com.xceptance.xlt.report.util.lucene.BitUtil,org.pitest.mutationtest.engine.gregor.mutators.MathMutator,pop_intersect,237,KILLED,com.xceptance.xlt.report.util.lucene.BitUtilTest.[engine:junit-jupiter]/[class:com.xceptance.xlt.report.util.lucene.BitUtilTest]/[nested-class:SetOperationsTest]/[method:popIntersect()]
BitUtil.java,com.xceptance.xlt.report.util.lucene.BitUtil,org.pitest.mutationtest.engine.gregor.mutators.MathMutator,pop_intersect,237,KILLED,com.xceptance.xlt.report.util.lucene.BitUtilTest.[engine:junit-jupiter]/[class:com.xceptance.xlt.report.util.lucene.BitUtilTest]/[nested-class:SetOperationsTest]/[method:popIntersect()]
BitUtil.java,com.xceptance.xlt.report.util.lucene.BitUtil,org.pitest.mutationtest.engine.gregor.mutators.MathMutator,pop_intersect,238,KILLED,com.xceptance.xlt.report.util.lucene.BitUtilTest.[engine:junit-jupiter]/[class:com.xceptance.xlt.report.util.lucene.BitUtilTest]/[nested-class:SetOperationsTest]/[method:popIntersect()]
BitUtil.java,com.xceptance.xlt.report.util.lucene.BitUtil,org.pitest.mutationtest.engine.gregor.mutators.MathMutator,pop_intersect,242,KILLED,com.xceptance.xlt.report.util.lucene.BitUtilTest.[engine:junit-jupiter]/[class:com.xceptance.xlt.report.util.lucene.BitUtilTest]/[nested-class:SetOperationsTest]/[method:popIntersect()]
BitUtil.java,com.xceptance.xlt.report.util.lucene.BitUtil,org.pitest.mutationtest.engine.gregor.mutators.MathMutator,pop_intersect,243,KILLED,com.xceptance.xlt.report.util.lucene.BitUtilTest.[engine:junit-jupiter]/[class:com.xceptance.xlt.report.util.lucene.BitUtilTest]/[nested-class:SetOperationsTest]/[method:popIntersect()]
BitUtil.java,com.xceptance.xlt.report.util.lucene.BitUtil,org.pitest.mutationtest.engine.gregor.mutators.MathMutator,pop_intersect,243,KILLED,com.xceptance.xlt.report.util.lucene.BitUtilTest.[engine:junit-jupiter]/[class:com.xceptance.xlt.report.util.lucene.BitUtilTest]/[nested-class:SetOperationsTest]/[method:popIntersect()]
BitUtil.java,com.xceptance.xlt.report.util.lucene.BitUtil,org.pitest.mutationtest.engine.gregor.mutators.MathMutator,pop_intersect,243,KILLED,com.xceptance.xlt.report.util.lucene.BitUtilTest.[engine:junit-jupiter]/[class:com.xceptance.xlt.report.util.lucene.BitUtilTest]/[nested-class:SetOperationsTest]/[method:popIntersect()]
BitUtil.java,com.xceptance.xlt.report.util.lucene.BitUtil,org.pitest.mutationtest.engine.gregor.mutators.MathMutator,pop_intersect,244,KILLED,com.xceptance.xlt.report.util.lucene.BitUtilTest.[engine:junit-jupiter]/[class:com.xceptance.xlt.report.util.lucene.BitUtilTest]/[nested-class:SetOperationsTest]/[method:popIntersect()]
BitUtil.java,com.xceptance.xlt.report.util.lucene.BitUtil,org.pitest.mutationtest.engine.gregor.mutators.MathMutator,pop_intersect,249,KILLED,com.xceptance.xlt.report.util.lucene.BitUtilTest.[engine:junit-jupiter]/[class:com.xceptance.xlt.report.util.lucene.BitUtilTest]/[nested-class:SetOperationsTest]/[method:popIntersect()]
BitUtil.java,com.xceptance.xlt.report.util.lucene.BitUtil,org.pitest.mutationtest.engine.gregor.mutators.MathMutator,pop_intersect,250,KILLED,com.xceptance.xlt.report.util.lucene.BitUtilTest.[engine:junit-jupiter]/[class:com.xceptance.xlt.report.util.lucene.BitUtilTest]/[nested-class:SetOperationsTest]/[method:popIntersect()]
BitUtil.java,com.xceptance.xlt.report.util.lucene.BitUtil,org.pitest.mutationtest.engine.gregor.mutators.MathMutator,pop_intersect,250,KILLED,com.xceptance.xlt.report.util.lucene.BitUtilTest.[engine:junit-jupiter]/[class:com.xceptance.xlt.report.util.lucene.BitUtilTest]/[nested-class:SetOperationsTest]/[method:popIntersect()]
BitUtil.java,com.xceptance.xlt.report.util.lucene.BitUtil,org.pitest.mutationtest.engine.gregor.mutators.MathMutator,pop_intersect,250,KILLED,com.xceptance.xlt.report.util.lucene.BitUtilTest.[engine:junit-jupiter]/[class:com.xceptance.xlt.report.util.lucene.BitUtilTest]/[nested-class:SetOperationsTest]/[method:popIntersect()]
BitUtil.java,com.xceptance.xlt.report.util.lucene.BitUtil,org.pitest.mutationtest.engine.gregor.mutators.MathMutator,pop_intersect,251,KILLED,com.xceptance.xlt.report.util.lucene.BitUtilTest.[engine:junit-jupiter]/[class:com.xceptance.xlt.report.util.lucene.BitUtilTest]/[nested-class:SetOperationsTest]/[method:popIntersect()]
BitUtil.java,com.xceptance.xlt.report.util.lucene.BitUtil,org.pitest.mutationtest.engine.gregor.mutators.MathMutator,pop_intersect,253,KILLED,com.xceptance.xlt.report.util.lucene.BitUtilTest.[engine:junit-jupiter]/[class:com.xceptance.xlt.report.util.lucene.BitUtilTest]/[nested-class:SetOperationsTest]/[method:popIntersect()]
BitUtil.java,com.xceptance.xlt.report.util.lucene.BitUtil,org.pitest.mutationtest.engine.gregor.mutators.MathMutator,pop_intersect,257,KILLED,com.xceptance.xlt.report.util.lucene.BitUtilTest.[engine:junit-jupiter]/[class:com.xceptance.xlt.report.util.lucene.BitUtilTest]/[nested-class:SetOperationsTest]/[method:popIntersect()]
BitUtil.java,com.xceptance.xlt.report.util.lucene.BitUtil,org.pitest.mutationtest.engine.gregor.mutators.MathMutator,pop_intersect,260,KILLED,com.xceptance.xlt.report.util.lucene.BitUtilTest.[engine:junit-jupiter]/[class:com.xceptance.xlt.report.util.lucene.BitUtilTest]/[nested-class:SetOperationsTest]/[method:popIntersect()]
BitUtil.java,com.xceptance.xlt.report.util.lucene.BitUtil,org.pitest.mutationtest.engine.gregor.mutators.MathMutator,pop_intersect,260,KILLED,com.xceptance.xlt.report.util.lucene.BitUtilTest.[engine:junit-jupiter]/[class:com.xceptance.xlt.report.util.lucene.BitUtilTest]/[nested-class:SetOperationsTest]/[method:popIntersect()]
BitUtil.java,com.xceptance.xlt.report.util.lucene.BitUtil,org.pitest.mutationtest.engine.gregor.mutators.MathMutator,pop_intersect,260,KILLED,com.xceptance.xlt.report.util.lucene.BitUtilTest.[engine:junit-jupiter]/[class:com.xceptance.xlt.report.util.lucene.BitUtilTest]/[nested-class:SetOperationsTest]/[method:popIntersect()]
BitUtil.java,com.xceptance.xlt.report.util.lucene.BitUtil,org.pitest.mutationtest.engine.gregor.mutators.MathMutator,pop_intersect,260,KILLED,com.xceptance.xlt.report.util.lucene.BitUtilTest.[engine:junit-jupiter]/[class:com.xceptance.xlt.report.util.lucene.BitUtilTest]/[nested-class:SetOperationsTest]/[method:popIntersect()]
BitUtil.java,com.xceptance.xlt.report.util.lucene.BitUtil,org.pitest.mutationtest.engine.gregor.mutators.MathMutator,pop_intersect,261,KILLED,com.xceptance.xlt.report.util.lucene.BitUtilTest.[engine:junit-jupiter]/[class:com.xceptance.xlt.report.util.lucene.BitUtilTest]/[nested-class:SetOperationsTest]/[method:popIntersect()]
BitUtil.java,com.xceptance.xlt.report.util.lucene.BitUtil,org.pitest.mutationtest.engine.gregor.mutators.MathMutator,pop_intersect,262,KILLED,com.xceptance.xlt.report.util.lucene.BitUtilTest.[engine:junit-jupiter]/[class:com.xceptance.xlt.report.util.lucene.BitUtilTest]/[nested-class:SetOperationsTest]/[method:popIntersect()]
BitUtil.java,com.xceptance.xlt.report.util.lucene.BitUtil,org.pitest.mutationtest.engine.gregor.mutators.MathMutator,pop_intersect,262,KILLED,com.xceptance.xlt.report.util.lucene.BitUtilTest.[engine:junit-jupiter]/[class:com.xceptance.xlt.report.util.lucene.BitUtilTest]/[nested-class:SetOperationsTest]/[method:popIntersect()]
BitUtil.java,com.xceptance.xlt.report.util.lucene.BitUtil,org.pitest.mutationtest.engine.gregor.mutators.MathMutator,pop_intersect,262,KILLED,com.xceptance.xlt.report.util.lucene.BitUtilTest.[engine:junit-jupiter]/[class:com.xceptance.xlt.report.util.lucene.BitUtilTest]/[nested-class:SetOperationsTest]/[method:popIntersect()]
BitUtil.java,com.xceptance.xlt.report.util.lucene.BitUtil,org.pitest.mutationtest.engine.gregor.mutators.MathMutator,pop_intersect,263,KILLED,com.xceptance.xlt.report.util.lucene.BitUtilTest.[engine:junit-jupiter]/[class:com.xceptance.xlt.report.util.lucene.BitUtilTest]/[nested-class:SetOperationsTest]/[method:popIntersect()]
BitUtil.java,com.xceptance.xlt.report.util.lucene.BitUtil,org.pitest.mutationtest.engine.gregor.mutators.MathMutator,pop_intersect,266,KILLED,com.xceptance.xlt.report.util.lucene.BitUtilTest.[engine:junit-jupiter]/[class:com.xceptance.xlt.report.util.lucene.BitUtilTest]/[nested-class:SetOperationsTest]/[method:popIntersect()]
BitUtil.java,com.xceptance.xlt.report.util.lucene.BitUtil,org.pitest.mutationtest.engine.gregor.mutators.MathMutator,pop_intersect,266,KILLED,com.xceptance.xlt.report.util.lucene.BitUtilTest.[engine:junit-jupiter]/[class:com.xceptance.xlt.report.util.lucene.BitUtilTest]/[nested-class:SetOperationsTest]/[method:popIntersect()]
BitUtil.java,com.xceptance.xlt.report.util.lucene.BitUtil,org.pitest.mutationtest.engine.gregor.mutators.MathMutator,pop_intersect,266,KILLED,com.xceptance.xlt.report.util.lucene.BitUtilTest.[engine:junit-jupiter]/[class:com.xceptance.xlt.report.util.lucene.BitUtilTest]/[nested-class:SetOperationsTest]/[method:popIntersect()]
BitUtil.java,com.xceptance.xlt.report.util.lucene.BitUtil,org.pitest.mutationtest.engine.gregor.mutators.MathMutator,pop_intersect,266,KILLED,com.xceptance.xlt.report.util.lucene.BitUtilTest.[engine:junit-jupiter]/[class:com.xceptance.xlt.report.util.lucene.BitUtilTest]/[nested-class:SetOperationsTest]/[method:popIntersect()]
BitUtil.java,com.xceptance.xlt.report.util.lucene.BitUtil,org.pitest.mutationtest.engine.gregor.mutators.MathMutator,pop_intersect,266,KILLED,com.xceptance.xlt.report.util.lucene.BitUtilTest.[engine:junit-jupiter]/[class:com.xceptance.xlt.report.util.lucene.BitUtilTest]/[nested-class:SetOperationsTest]/[method:popIntersect()]
BitUtil.java,com.xceptance.xlt.report.util.lucene.BitUtil,org.pitest.mutationtest.engine.gregor.mutators.MathMutator,pop_intersect,266,KILLED,com.xceptance.xlt.report.util.lucene.BitUtilTest.[engine:junit-jupiter]/[class:com.xceptance.xlt.report.util.lucene.BitUtilTest]/[nested-class:SetOperationsTest]/[method:popIntersect()]
BitUtil.java,com.xceptance.xlt.report.util.lucene.BitUtil,org.pitest.mutationtest.engine.gregor.mutators.MathMutator,pop_intersect,267,KILLED,com.xceptance.xlt.report.util.lucene.BitUtilTest.[engine:junit-jupiter]/[class:com.xceptance.xlt.report.util.lucene.BitUtilTest]/[nested-class:SetOperationsTest]/[method:popIntersect()]
BitUtil.java,com.xceptance.xlt.report.util.lucene.BitUtil,org.pitest.mutationtest.engine.gregor.mutators.MathMutator,pop_intersect,268,KILLED,com.xceptance.xlt.report.util.lucene.BitUtilTest.[engine:junit-jupiter]/[class:com.xceptance.xlt.report.util.lucene.BitUtilTest]/[nested-class:SetOperationsTest]/[method:popIntersect()]
BitUtil.java,com.xceptance.xlt.report.util.lucene.BitUtil,org.pitest.mutationtest.engine.gregor.mutators.MathMutator,pop_intersect,268,KILLED,com.xceptance.xlt.report.util.lucene.BitUtilTest.[engine:junit-jupiter]/[class:com.xceptance.xlt.report.util.lucene.BitUtilTest]/[nested-class:SetOperationsTest]/[method:popIntersect()]
BitUtil.java,com.xceptance.xlt.report.util.lucene.BitUtil,org.pitest.mutationtest.engine.gregor.mutators.MathMutator,pop_intersect,268,KILLED,com.xceptance.xlt.report.util.lucene.BitUtilTest.[engine:junit-jupiter]/[class:com.xceptance.xlt.report.util.lucene.BitUtilTest]/[nested-class:SetOperationsTest]/[method:popIntersect()]
BitUtil.java,com.xceptance.xlt.report.util.lucene.BitUtil,org.pitest.mutationtest.engine.gregor.mutators.MathMutator,pop_intersect,269,KILLED,com.xceptance.xlt.report.util.lucene.BitUtilTest.[engine:junit-jupiter]/[class:com.xceptance.xlt.report.util.lucene.BitUtilTest]/[nested-class:SetOperationsTest]/[method:popIntersect()]
BitUtil.java,com.xceptance.xlt.report.util.lucene.BitUtil,org.pitest.mutationtest.engine.gregor.mutators.MathMutator,pop_intersect,272,KILLED,com.xceptance.xlt.report.util.lucene.BitUtilTest.[engine:junit-jupiter]/[class:com.xceptance.xlt.report.util.lucene.BitUtilTest]/[nested-class:SetOperationsTest]/[method:popIntersect()]
BitUtil.java,com.xceptance.xlt.report.util.lucene.BitUtil,org.pitest.mutationtest.engine.gregor.mutators.MathMutator,pop_intersect,273,KILLED,com.xceptance.xlt.report.util.lucene.BitUtilTest.[engine:junit-jupiter]/[class:com.xceptance.xlt.report.util.lucene.BitUtilTest]/[nested-class:SetOperationsTest]/[method:popIntersect()]
BitUtil.java,com.xceptance.xlt.report.util.lucene.BitUtil,org.pitest.mutationtest.engine.gregor.mutators.MathMutator,pop_intersect,273,KILLED,com.xceptance.xlt.report.util.lucene.BitUtilTest.[engine:junit-jupiter]/[class:com.xceptance.xlt.report.util.lucene.BitUtilTest]/[nested-class:SetOperationsTest]/[method:popIntersect()]
BitUtil.java,com.xceptance.xlt.report.util.lucene.BitUtil,org.pitest.mutationtest.engine.gregor.mutators.MathMutator,pop_intersect,273,KILLED,com.xceptance.xlt.report.util.lucene.BitUtilTest.[engine:junit-jupiter]/[class:com.xceptance.xlt.report.util.lucene.BitUtilTest]/[nested-class:SetOperationsTest]/[method:popIntersect()]
BitUtil.java,com.xceptance.xlt.report.util.lucene.BitUtil,org.pitest.mutationtest.engine.gregor.mutators.MathMutator,pop_intersect,274,KILLED,com.xceptance.xlt.report.util.lucene.BitUtilTest.[engine:junit-jupiter]/[class:com.xceptance.xlt.report.util.lucene.BitUtilTest]/[nested-class:SetOperationsTest]/[method:popIntersect()]
BitUtil.java,com.xceptance.xlt.report.util.lucene.BitUtil,org.pitest.mutationtest.engine.gregor.mutators.MathMutator,pop_intersect,276,KILLED,com.xceptance.xlt.report.util.lucene.BitUtilTest.[engine:junit-jupiter]/[class:com.xceptance.xlt.report.util.lucene.BitUtilTest]/[nested-class:SetOperationsTest]/[method:popIntersect()]
BitUtil.java,com.xceptance.xlt.report.util.lucene.BitUtil,org.pitest.mutationtest.engine.gregor.mutators.MathMutator,pop_intersect,277,KILLED,com.xceptance.xlt.report.util.lucene.BitUtilTest.[engine:junit-jupiter]/[class:com.xceptance.xlt.report.util.lucene.BitUtilTest]/[nested-class:SetOperationsTest]/[method:popIntersect()]
BitUtil.java,com.xceptance.xlt.report.util.lucene.BitUtil,org.pitest.mutationtest.engine.gregor.mutators.MathMutator,pop_intersect,279,KILLED,com.xceptance.xlt.report.util.lucene.BitUtilTest.[engine:junit-jupiter]/[class:com.xceptance.xlt.report.util.lucene.BitUtilTest]/[nested-class:SetOperationsTest]/[method:popIntersect()]
BitUtil.java,com.xceptance.xlt.report.util.lucene.BitUtil,org.pitest.mutationtest.engine.gregor.mutators.MathMutator,pop_intersect,283,KILLED,com.xceptance.xlt.report.util.lucene.BitUtilTest.[engine:junit-jupiter]/[class:com.xceptance.xlt.report.util.lucene.BitUtilTest]/[nested-class:SetOperationsTest]/[method:setOperationsExactLengths()]
BitUtil.java,com.xceptance.xlt.report.util.lucene.BitUtil,org.pitest.mutationtest.engine.gregor.mutators.MathMutator,pop_intersect,284,KILLED,com.xceptance.xlt.report.util.lucene.BitUtilTest.[engine:junit-jupiter]/[class:com.xceptance.xlt.report.util.lucene.BitUtilTest]/[nested-class:SetOperationsTest]/[method:popIntersect()]
BitUtil.java,com.xceptance.xlt.report.util.lucene.BitUtil,org.pitest.mutationtest.engine.gregor.mutators.MathMutator,pop_intersect,284,KILLED,com.xceptance.xlt.report.util.lucene.BitUtilTest.[engine:junit-jupiter]/[class:com.xceptance.xlt.report.util.lucene.BitUtilTest]/[nested-class:SetOperationsTest]/[method:popIntersect()]
BitUtil.java,com.xceptance.xlt.report.util.lucene.BitUtil,org.pitest.mutationtest.engine.gregor.mutators.MathMutator,pop_intersect,284,KILLED,com.xceptance.xlt.report.util.lucene.BitUtilTest.[engine:junit-jupiter]/[class:com.xceptance.xlt.report.util.lucene.BitUtilTest]/[nested-class:SetOperationsTest]/[method:popIntersect()]
BitUtil.java,com.xceptance.xlt.report.util.lucene.BitUtil,org.pitest.mutationtest.engine.gregor.mutators.MathMutator,pop_intersect,284,KILLED,com.xceptance.xlt.report.util.lucene.BitUtilTest.[engine:junit-jupiter]/[class:com.xceptance.xlt.report.util.lucene.BitUtilTest]/[nested-class:SetOperationsTest]/[method:popIntersect()]
BitUtil.java,com.xceptance.xlt.report.util.lucene.BitUtil,org.pitest.mutationtest.engine.gregor.mutators.MathMutator,pop_intersect,285,KILLED,com.xceptance.xlt.report.util.lucene.BitUtilTest.[engine:junit-jupiter]/[class:com.xceptance.xlt.report.util.lucene.BitUtilTest]/[nested-class:SetOperationsTest]/[method:popIntersect()]
BitUtil.java,com.xceptance.xlt.report.util.lucene.BitUtil,org.pitest.mutationtest.engine.gregor.mutators.MathMutator,pop_intersect,286,KILLED,com.xceptance.xlt.report.util.lucene.BitUtilTest.[engine:junit-jupiter]/[class:com.xceptance.xlt.report.util.lucene.BitUtilTest]/[nested-class:SetOperationsTest]/[method:popIntersect()]
BitUtil.java,com.xceptance.xlt.report.util.lucene.BitUtil,org.pitest.mutationtest.engine.gregor.mutators.MathMutator,pop_intersect,286,KILLED,com.xceptance.xlt.report.util.lucene.BitUtilTest.[engine:junit-jupiter]/[class:com.xceptance.xlt.report.util.lucene.BitUtilTest]/[nested-class:SetOperationsTest]/[method:popIntersect()]
BitUtil.java,com.xceptance.xlt.report.util.lucene.BitUtil,org.pitest.mutationtest.engine.gregor.mutators.MathMutator,pop_intersect,286,KILLED,com.xceptance.xlt.report.util.lucene.BitUtilTest.[engine:junit-jupiter]/[class:com.xceptance.xlt.report.util.lucene.BitUtilTest]/[nested-class:SetOperationsTest]/[method:popIntersect()]
BitUtil.java,com.xceptance.xlt.report.util.lucene.BitUtil,org.pitest.mutationtest.engine.gregor.mutators.MathMutator,pop_intersect,287,KILLED,com.xceptance.xlt.report.util.lucene.BitUtilTest.[engine:junit-jupiter]/[class:com.xceptance.xlt.report.util.lucene.BitUtilTest]/[nested-class:SetOperationsTest]/[method:popIntersect()]
BitUtil.java,com.xceptance.xlt.report.util.lucene.BitUtil,org.pitest.mutationtest.engine.gregor.mutators.MathMutator,pop_intersect,289,KILLED,com.xceptance.xlt.report.util.lucene.BitUtilTest.[engine:junit-jupiter]/[class:com.xceptance.xlt.report.util.lucene.BitUtilTest]/[nested-class:SetOperationsTest]/[method:popIntersect()]
BitUtil.java,com.xceptance.xlt.report.util.lucene.BitUtil,org.pitest.mutationtest.engine.gregor.mutators.MathMutator,pop_intersect,290,KILLED,com.xceptance.xlt.report.util.lucene.BitUtilTest.[engine:junit-jupiter]/[class:com.xceptance.xlt.report.util.lucene.BitUtilTest]/[nested-class:SetOperationsTest]/[method:popIntersect()]
BitUtil.java,com.xceptance.xlt.report.util.lucene.BitUtil,org.pitest.mutationtest.engine.gregor.mutators.MathMutator,pop_intersect,292,KILLED,com.xceptance.xlt.report.util.lucene.BitUtilTest.[engine:junit-jupiter]/[class:com.xceptance.xlt.report.util.lucene.BitUtilTest]/[nested-class:SetOperationsTest]/[method:popIntersect()]
BitUtil.java,com.xceptance.xlt.report.util.lucene.BitUtil,org.pitest.mutationtest.engine.gregor.mutators.MathMutator,pop_intersect,293,KILLED,com.xceptance.xlt.report.util.lucene.BitUtilTest.[engine:junit-jupiter]/[class:com.xceptance.xlt.report.util.lucene.BitUtilTest]/[nested-class:SetOperationsTest]/[method:popIntersect()]
BitUtil.java,com.xceptance.xlt.report.util.lucene.BitUtil,org.pitest.mutationtest.engine.gregor.mutators.MathMutator,pop_intersect,295,KILLED,com.xceptance.xlt.report.util.lucene.BitUtilTest.[engine:junit-jupiter]/[class:com.xceptance.xlt.report.util.lucene.BitUtilTest]/[nested-class:SetOperationsTest]/[method:popIntersect()]
BitUtil.java,com.xceptance.xlt.report.util.lucene.BitUtil,org.pitest.mutationtest.engine.gregor.mutators.MathMutator,pop_intersect,300,KILLED,com.xceptance.xlt.report.util.lucene.BitUtilTest.[engine:junit-jupiter]/[class:com.xceptance.xlt.report.util.lucene.BitUtilTest]/[nested-class:SetOperationsTest]/[method:popIntersect()]
BitUtil.java,com.xceptance.xlt.report.util.lucene.BitUtil,org.pitest.mutationtest.engine.gregor.mutators.MathMutator,pop_intersect,300,KILLED,com.xceptance.xlt.report.util.lucene.BitUtilTest.[engine:junit-jupiter]/[class:com.xceptance.xlt.report.util.lucene.BitUtilTest]/[nested-class:SetOperationsTest]/[method:popIntersect()]
BitUtil.java,com.xceptance.xlt.report.util.lucene.BitUtil,org.pitest.mutationtest.engine.gregor.mutators.MathMutator,pop_intersect,303,KILLED,com.xceptance.xlt.report.util.lucene.BitUtilTest.[engine:junit-jupiter]/[class:com.xceptance.xlt.report.util.lucene.BitUtilTest]/[nested-class:SetOperationsTest]/[method:popIntersect()]
BitUtil.java,com.xceptance.xlt.report.util.lucene.BitUtil,org.pitest.mutationtest.engine.gregor.mutators.MathMutator,pop_intersect,304,KILLED,com.xceptance.xlt.report.util.lucene.BitUtilTest.[engine:junit-jupiter]/[class:com.xceptance.xlt.report.util.lucene.BitUtilTest]/[nested-class:SetOperationsTest]/[method:popIntersect()]
BitUtil.java,com.xceptance.xlt.report.util.lucene.BitUtil,org.pitest.mutationtest.engine.gregor.mutators.MathMutator,pop_intersect,304,KILLED,com.xceptance.xlt.report.util.lucene.BitUtilTest.[engine:junit-jupiter]/[class:com.xceptance.xlt.report.util.lucene.BitUtilTest]/[nested-class:SetOperationsTest]/[method:popIntersect()]
BitUtil.java,com.xceptance.xlt.report.util.lucene.BitUtil,org.pitest.mutationtest.engine.gregor.mutators.MathMutator,pop_intersect,305,KILLED,com.xceptance.xlt.report.util.lucene.BitUtilTest.[engine:junit-jupiter]/[class:com.xceptance.xlt.report.util.lucene.BitUtilTest]/[nested-class:SetOperationsTest]/[method:popIntersect()]
BitUtil.java,com.xceptance.xlt.report.util.lucene.BitUtil,org.pitest.mutationtest.engine.gregor.mutators.MathMutator,pop_intersect,305,KILLED,com.xceptance.xlt.report.util.lucene.BitUtilTest.[engine:junit-jupiter]/[class:com.xceptance.xlt.report.util.lucene.BitUtilTest]/[nested-class:SetOperationsTest]/[method:popIntersect()]
BitUtil.java,com.xceptance.xlt.report.util.lucene.BitUtil,org.pitest.mutationtest.engine.gregor.mutators.MathMutator,pop_intersect,305,KILLED,com.xceptance.xlt.report.util.lucene.BitUtilTest.[engine:junit-jupiter]/[class:com.xceptance.xlt.report.util.lucene.BitUtilTest]/[nested-class:SetOperationsTest]/[method:popIntersect()]
BitUtil.java,com.xceptance.xlt.report.util.lucene.BitUtil,org.pitest.mutationtest.engine.gregor.mutators.MathMutator,pop_intersect,305,KILLED,com.xceptance.xlt.report.util.lucene.BitUtilTest.[engine:junit-jupiter]/[class:com.xceptance.xlt.report.util.lucene.BitUtilTest]/[nested-class:SetOperationsTest]/[method:popIntersect()]
BitUtil.java,com.xceptance.xlt.report.util.lucene.BitUtil,org.pitest.mutationtest.engine.gregor.mutators.NegateConditionalsMutator,pop_intersect,203,KILLED,com.xceptance.xlt.report.util.lucene.BitUtilTest.[engine:junit-jupiter]/[class:com.xceptance.xlt.report.util.lucene.BitUtilTest]/[nested-class:SetOperationsTest]/[method:popIntersect()]
BitUtil.java,com.xceptance.xlt.report.util.lucene.BitUtil,org.pitest.mutationtest.engine.gregor.mutators.NegateConditionalsMutator,pop_intersect,257,KILLED,com.xceptance.xlt.report.util.lucene.BitUtilTest.[engine:junit-jupiter]/[class:com.xceptance.xlt.report.util.lucene.BitUtilTest]/[nested-class:SetOperationsTest]/[method:popIntersect()]
BitUtil.java,com.xceptance.xlt.report.util.lucene.BitUtil,org.pitest.mutationtest.engine.gregor.mutators.NegateConditionalsMutator,pop_intersect,283,KILLED,com.xceptance.xlt.report.util.lucene.BitUtilTest.[engine:junit-jupiter]/[class:com.xceptance.xlt.report.util.lucene.BitUtilTest]/[nested-class:SetOperationsTest]/[method:popIntersect()]
BitUtil.java,com.xceptance.xlt.report.util.lucene.BitUtil,org.pitest.mutationtest.engine.gregor.mutators.NegateConditionalsMutator,pop_intersect,299,KILLED,com.xceptance.xlt.report.util.lucene.BitUtilTest.[engine:junit-jupiter]/[class:com.xceptance.xlt.report.util.lucene.BitUtilTest]/[nested-class:SetOperationsTest]/[method:popIntersect()]
BitUtil.java,com.xceptance.xlt.report.util.lucene.BitUtil,org.pitest.mutationtest.engine.gregor.mutators.returns.PrimitiveReturnsMutator,pop_intersect,308,KILLED,com.xceptance.xlt.report.util.lucene.BitUtilTest.[engine:junit-jupiter]/[class:com.xceptance.xlt.report.util.lucene.BitUtilTest]/[nested-class:SetOperationsTest]/[method:popIntersect()]
BitUtil.java,com.xceptance.xlt.report.util.lucene.BitUtil,org.pitest.mutationtest.engine.gregor.mutators.ConditionalsBoundaryMutator,pop_union,321,KILLED,com.xceptance.xlt.report.util.lucene.BitUtilTest.[engine:junit-jupiter]/[class:com.xceptance.xlt.report.util.lucene.BitUtilTest]/[nested-class:SetOperationsTest]/[method:popUnion()]
BitUtil.java,com.xceptance.xlt.report.util.lucene.BitUtil,org.pitest.mutationtest.engine.gregor.mutators.ConditionalsBoundaryMutator,pop_union,381,KILLED,com.xceptance.xlt.report.util.lucene.BitUtilTest.[engine:junit-jupiter]/[class:com.xceptance.xlt.report.util.lucene.BitUtilTest]/[nested-class:SetOperationsTest]/[method:popUnion()]
BitUtil.java,com.xceptance.xlt.report.util.lucene.BitUtil,org.pitest.mutationtest.engine.gregor.mutators.ConditionalsBoundaryMutator,pop_union,407,KILLED,com.xceptance.xlt.report.util.lucene.BitUtilTest.[engine:junit-jupiter]/[class:com.xceptance.xlt.report.util.lucene.BitUtilTest]/[nested-class:SetOperationsTest]/[method:popUnion()]
BitUtil.java,com.xceptance.xlt.report.util.lucene.BitUtil,org.pitest.mutationtest.engine.gregor.mutators.ConditionalsBoundaryMutator,pop_union,423,KILLED,com.xceptance.xlt.report.util.lucene.BitUtilTest.[engine:junit-jupiter]/[class:com.xceptance.xlt.report.util.lucene.BitUtilTest]/[nested-class:SetOperationsTest]/[method:setOperationsExactLengths()]
BitUtil.java,com.xceptance.xlt.report.util.lucene.BitUtil,org.pitest.mutationtest.engine.gregor.mutators.IncrementsMutator,pop_union,404,KILLED,com.xceptance.xlt.report.util.lucene.BitUtilTest.[engine:junit-jupiter]/[class:com.xceptance.xlt.report.util.lucene.BitUtilTest]/[nested-class:SetOperationsTest]/[method:popUnion()]
BitUtil.java,com.xceptance.xlt.report.util.lucene.BitUtil,org.pitest.mutationtest.engine.gregor.mutators.IncrementsMutator,pop_union,420,KILLED,com.xceptance.xlt.report.util.lucene.BitUtilTest.[engine:junit-jupiter]/[class:com.xceptance.xlt.report.util.lucene.BitUtilTest]/[nested-class:SetOperationsTest]/[method:popUnion()]
BitUtil.java,com.xceptance.xlt.report.util.lucene.BitUtil,org.pitest.mutationtest.engine.gregor.mutators.MathMutator,pop_union,316,KILLED,com.xceptance.xlt.report.util.lucene.BitUtilTest.[engine:junit-jupiter]/[class:com.xceptance.xlt.report.util.lucene.BitUtilTest]/[nested-class:SetOperationsTest]/[method:popUnion()]
BitUtil.java,com.xceptance.xlt.report.util.lucene.BitUtil,org.pitest.mutationtest.engine.gregor.mutators.MathMutator,pop_union,321,KILLED,com.xceptance.xlt.report.util.lucene.BitUtilTest.[engine:junit-jupiter]/[class:com.xceptance.xlt.report.util.lucene.BitUtilTest]/[nested-class:SetOperationsTest]/[method:popUnion()]
BitUtil.java,com.xceptance.xlt.report.util.lucene.BitUtil,org.pitest.mutationtest.engine.gregor.mutators.MathMutator,pop_union,332,KILLED,com.xceptance.xlt.report.util.lucene.BitUtilTest.[engine:junit-jupiter]/[class:com.xceptance.xlt.report.util.lucene.BitUtilTest]/[nested-class:SetOperationsTest]/[method:popUnion()]
BitUtil.java,com.xceptance.xlt.report.util.lucene.BitUtil,org.pitest.mutationtest.engine.gregor.mutators.MathMutator,pop_union,332,KILLED,com.xceptance.xlt.report.util.lucene.BitUtilTest.[engine:junit-jupiter]/[class:com.xceptance.xlt.report.util.lucene.BitUtilTest]/[nested-class:SetOperationsTest]/[method:popUnion()]
BitUtil.java,com.xceptance.xlt.report.util.lucene.BitUtil,org.pitest.mutationtest.engine.gregor.mutators.MathMutator,pop_union,332,KILLED,com.xceptance.xlt.report.util.lucene.BitUtilTest.[engine:junit-jupiter]/[class:com.xceptance.xlt.report.util.lucene.BitUtilTest]/[nested-class:SetOperationsTest]/[method:popUnion()]
BitUtil.java,com.xceptance.xlt.report.util.lucene.BitUtil,org.pitest.mutationtest.engine.gregor.mutators.MathMutator,pop_union,332,KILLED,com.xceptance.xlt.report.util.lucene.BitUtilTest.[engine:junit-jupiter]/[class:com.xceptance.xlt.report.util.lucene.BitUtilTest]/[nested-class:SetOperationsTest]/[method:popUnion()]
BitUtil.java,com.xceptance.xlt.report.util.lucene.BitUtil,org.pitest.mutationtest.engine.gregor.mutators.MathMutator,pop_union,333,KILLED,com.xceptance.xlt.report.util.lucene.BitUtilTest.[engine:junit-jupiter]/[class:com.xceptance.xlt.report.util.lucene.BitUtilTest]/[nested-class:SetOperationsTest]/[method:popUnion()]
BitUtil.java,com.xceptance.xlt.report.util.lucene.BitUtil,org.pitest.mutationtest.engine.gregor.mutators.MathMutator,pop_union,334,KILLED,com.xceptance.xlt.report.util.lucene.BitUtilTest.[engine:junit-jupiter]/[class:com.xceptance.xlt.report.util.lucene.BitUtilTest]/[nested-class:SetOperationsTest]/[method:popUnion()]
BitUtil.java,com.xceptance.xlt.report.util.lucene.BitUtil,org.pitest.mutationtest.engine.gregor.mutators.MathMutator,pop_union,334,KILLED,com.xceptance.xlt.report.util.lucene.BitUtilTest.[engine:junit-jupiter]/[class:com.xceptance.xlt.report.util.lucene.BitUtilTest]/[nested-class:SetOperationsTest]/[method:popUnion()]
BitUtil.java,com.xceptance.xlt.report.util.lucene.BitUtil,org.pitest.mutationtest.engine.gregor.mutators.MathMutator,pop_union,334,KILLED,com.xceptance.xlt.report.util.lucene.BitUtilTest.[engine:junit-jupiter]/[class:com.xceptance.xlt.report.util.lucene.BitUtilTest]/[nested-class:SetOperationsTest]/[method:popUnion()]
BitUtil.java,com.xceptance.xlt.report.util.lucene.BitUtil,org.pitest.mutationtest.engine.gregor.mutators.MathMutator,pop_union,335,KILLED,com.xceptance.xlt.report.util.lucene.BitUtilTest.[engine:junit-jupiter]/[class:com.xceptance.xlt.report.util.lucene.BitUtilTest]/[nested-class:SetOperationsTest]/[method:popUnion()]
BitUtil.java,com.xceptance.xlt.report.util.lucene.BitUtil,org.pitest.mutationtest.engine.gregor.mutators.MathMutator,pop_union,339,KILLED,com.xceptance.xlt.report.util.lucene.BitUtilTest.[engine:junit-jupiter]/[class:com.xceptance.xlt.report.util.lucene.BitUtilTest]/[nested-class:SetOperationsTest]/[method:popUnion()]
BitUtil.java,com.xceptance.xlt.report.util.lucene.BitUtil,org.pitest.mutationtest.engine.gregor.mutators.MathMutator,pop_union,339,KILLED,com.xceptance.xlt.report.util.lucene.BitUtilTest.[engine:junit-jupiter]/[class:com.xceptance.xlt.report.util.lucene.BitUtilTest]/[nested-class:SetOperationsTest]/[method:popUnion()]
BitUtil.java,com.xceptance.xlt.report.util.lucene.BitUtil,org.pitest.mutationtest.engine.gregor.mutators.MathMutator,pop_union,339,KILLED,com.xceptance.xlt.report.util.lucene.BitUtilTest.[engine:junit-jupiter]/[class:com.xceptance.xlt.report.util.lucene.BitUtilTest]/[nested-class:SetOperationsTest]/[method:popUnion()]
BitUtil.java,com.xceptance.xlt.report.util.lucene.BitUtil,org.pitest.mutationtest.engine.gregor.mutators.MathMutator,pop_union,339,KILLED,com.xceptance.xlt.report.util.lucene.BitUtilTest.[engine:junit-jupiter]/[class:com.xceptance.xlt.report.util.lucene.BitUtilTest]/[nested-class:SetOperationsTest]/[method:popUnion()]
BitUtil.java,com.xceptance.xlt.report.util.lucene.BitUtil,org.pitest.mutationtest.engine.gregor.mutators.MathMutator,pop_union,339,KILLED,com.xceptance.xlt.report.util.lucene.BitUtilTest.[engine:junit-jupiter]/[class:com.xceptance.xlt.report.util.lucene.BitUtilTest]/[nested-class:SetOperationsTest]/[method:popUnion()]
BitUtil.java,com.xceptance.xlt.report.util.lucene.BitUtil,org.pitest.mutationtest.engine.gregor.mutators.MathMutator,pop_union,339,KILLED,com.xceptance.xlt.report.util.lucene.BitUtilTest.[engine:junit-jupiter]/[class:com.xceptance.xlt.report.util.lucene.BitUtilTest]/[nested-class:SetOperationsTest]/[method:popUnion()]
BitUtil.java,com.xceptance.xlt.report.util.lucene.BitUtil,org.pitest.mutationtest.engine.gregor.mutators.MathMutator,pop_union,340,KILLED,com.xceptance.xlt.report.util.lucene.BitUtilTest.[engine:junit-jupiter]/[class:com.xceptance.xlt.report.util.lucene.BitUtilTest]/[nested-class:SetOperationsTest]/[method:popUnion()]
BitUtil.java,com.xceptance.xlt.report.util.lucene.BitUtil,org.pitest.mutationtest.engine.gregor.mutators.MathMutator,pop_union,341,KILLED,com.xceptance.xlt.report.util.lucene.BitUtilTest.[engine:junit-jupiter]/[class:com.xceptance.xlt.report.util.lucene.BitUtilTest]/[nested-class:SetOperationsTest]/[method:popUnion()]
BitUtil.java,com.xceptance.xlt.report.util.lucene.BitUtil,org.pitest.mutationtest.engine.gregor.mutators.MathMutator,pop_union,341,KILLED,com.xceptance.xlt.report.util.lucene.BitUtilTest.[engine:junit-jupiter]/[class:com.xceptance.xlt.report.util.lucene.BitUtilTest]/[nested-class:SetOperationsTest]/[method:popUnion()]
BitUtil.java,com.xceptance.xlt.report.util.lucene.BitUtil,org.pitest.mutationtest.engine.gregor.mutators.MathMutator,pop_union,341,KILLED,com.xceptance.xlt.report.util.lucene.BitUtilTest.[engine:junit-jupiter]/[class:com.xceptance.xlt.report.util.lucene.BitUtilTest]/[nested-class:SetOperationsTest]/[method:popUnion()]
BitUtil.java,com.xceptance.xlt.report.util.lucene.BitUtil,org.pitest.mutationtest.engine.gregor.mutators.MathMutator,pop_union,342,KILLED,com.xceptance.xlt.report.util.lucene.BitUtilTest.[engine:junit-jupiter]/[class:com.xceptance.xlt.report.util.lucene.BitUtilTest]/[nested-class:SetOperationsTest]/[method:popUnion()]
BitUtil.java,com.xceptance.xlt.report.util.lucene.BitUtil,org.pitest.mutationtest.engine.gregor.mutators.MathMutator,pop_union,346,KILLED,com.xceptance.xlt.report.util.lucene.BitUtilTest.[engine:junit-jupiter]/[class:com.xceptance.xlt.report.util.lucene.BitUtilTest]/[nested-class:SetOperationsTest]/[method:popUnion()]
BitUtil.java,com.xceptance.xlt.report.util.lucene.BitUtil,org.pitest.mutationtest.engine.gregor.mutators.MathMutator,pop_union,347,KILLED,com.xceptance.xlt.report.util.lucene.BitUtilTest.[engine:junit-jupiter]/[class:com.xceptance.xlt.report.util.lucene.BitUtilTest]/[nested-class:SetOperationsTest]/[method:popUnion()]
BitUtil.java,com.xceptance.xlt.report.util.lucene.BitUtil,org.pitest.mutationtest.engine.gregor.mutators.MathMutator,pop_union,347,KILLED,com.xceptance.xlt.report.util.lucene.BitUtilTest.[engine:junit-jupiter]/[class:com.xceptance.xlt.report.util.lucene.BitUtilTest]/[nested-class:SetOperationsTest]/[method:popUnion()]
BitUtil.java,com.xceptance.xlt.report.util.lucene.BitUtil,org.pitest.mutationtest.engine.gregor.mutators.MathMutator,pop_union,347,KILLED,com.xceptance.xlt.report.util.lucene.BitUtilTest.[engine:junit-jupiter]/[class:com.xceptance.xlt.report.util.lucene.BitUtilTest]/[nested-class:SetOperationsTest]/[method:popUnion()]
BitUtil.java,com.xceptance.xlt.report.util.lucene.BitUtil,org.pitest.mutationtest.engine.gregor.mutators.MathMutator,pop_union,348,KILLED,com.xceptance.xlt.report.util.lucene.BitUtilTest.[engine:junit-jupiter]/[class:com.xceptance.xlt.report.util.lucene.BitUtilTest]/[nested-class:SetOperationsTest]/[method:popUnion()]
BitUtil.java,com.xceptance.xlt.report.util.lucene.BitUtil,org.pitest.mutationtest.engine.gregor.mutators.MathMutator,pop_union,352,KILLED,com.xceptance.xlt.report.util.lucene.BitUtilTest.[engine:junit-jupiter]/[class:com.xceptance.xlt.report.util.lucene.BitUtilTest]/[nested-class:SetOperationsTest]/[method:popUnion()]
BitUtil.java,com.xceptance.xlt.report.util.lucene.BitUtil,org.pitest.mutationtest.engine.gregor.mutators.MathMutator,pop_union,352,KILLED,com.xceptance.xlt.report.util.lucene.BitUtilTest.[engine:junit-jupiter]/[class:com.xceptance.xlt.report.util.lucene.BitUtilTest]/[nested-class:SetOperationsTest]/[method:popUnion()]
BitUtil.java,com.xceptance.xlt.report.util.lucene.BitUtil,org.pitest.mutationtest.engine.gregor.mutators.MathMutator,pop_union,352,KILLED,com.xceptance.xlt.report.util.lucene.BitUtilTest.[engine:junit-jupiter]/[class:com.xceptance.xlt.report.util.lucene.BitUtilTest]/[nested-class:SetOperationsTest]/[method:popUnion()]
BitUtil.java,com.xceptance.xlt.report.util.lucene.BitUtil,org.pitest.mutationtest.engine.gregor.mutators.MathMutator,pop_union,352,KILLED,com.xceptance.xlt.report.util.lucene.BitUtilTest.[engine:junit-jupiter]/[class:com.xceptance.xlt.report.util.lucene.BitUtilTest]/[nested-class:SetOperationsTest]/[method:popUnion()]
BitUtil.java,com.xceptance.xlt.report.util.lucene.BitUtil,org.pitest.mutationtest.engine.gregor.mutators.MathMutator,pop_union,352,KILLED,com.xceptance.xlt.report.util.lucene.BitUtilTest.[engine:junit-jupiter]/[class:com.xceptance.xlt.report.util.lucene.BitUtilTest]/[nested-class:SetOperationsTest]/[method:popUnion()]
BitUtil.java,com.xceptance.xlt.report.util.lucene.BitUtil,org.pitest.mutationtest.engine.gregor.mutators.MathMutator,pop_union,352,KILLED,com.xceptance.xlt.report.util.lucene.BitUtilTest.[engine:junit-jupiter]/[class:com.xceptance.xlt.report.util.lucene.BitUtilTest]/[nested-class:SetOperationsTest]/[method:popUnion()]
BitUtil.java,com.xceptance.xlt.report.util.lucene.BitUtil,org.pitest.mutationtest.engine.gregor.mutators.MathMutator,pop_union,353,KILLED,com.xceptance.xlt.report.util.lucene.BitUtilTest.[engine:junit-jupiter]/[class:com.xceptance.xlt.report.util.lucene.BitUtilTest]/[nested-class:SetOperationsTest]/[method:popUnion()]
BitUtil.java,com.xceptance.xlt.report.util.lucene.BitUtil,org.pitest.mutationtest.engine.gregor.mutators.MathMutator,pop_union,354,KILLED,com.xceptance.xlt.report.util.lucene.BitUtilTest.[engine:junit-jupiter]/[class:com.xceptance.xlt.report.util.lucene.BitUtilTest]/[nested-class:SetOperationsTest]/[method:popUnion()]
BitUtil.java,com.xceptance.xlt.report.util.lucene.BitUtil,org.pitest.mutationtest.engine.gregor.mutators.MathMutator,pop_union,354,KILLED,com.xceptance.xlt.report.util.lucene.BitUtilTest.[engine:junit-jupiter]/[class:com.xceptance.xlt.report.util.lucene.BitUtilTest]/[nested-class:SetOperationsTest]/[method:popUnion()]
BitUtil.java,com.xceptance.xlt.report.util.lucene.BitUtil,org.pitest.mutationtest.engine.gregor.mutators.MathMutator,pop_union,354,KILLED,com.xceptance.xlt.report.util.lucene.BitUtilTest.[engine:junit-jupiter]/[class:com.xceptance.xlt.report.util.lucene.BitUtilTest]/[nested-class:SetOperationsTest]/[method:popUnion()]
BitUtil.java,com.xceptance.xlt.report.util.lucene.BitUtil,org.pitest.mutationtest.engine.gregor.mutators.MathMutator,pop_union,355,KILLED,com.xceptance.xlt.report.util.lucene.BitUtilTest.[engine:junit-jupiter]/[class:com.xceptance.xlt.report.util.lucene.BitUtilTest]/[nested-class:SetOperationsTest]/[method:popUnion()]
BitUtil.java,com.xceptance.xlt.report.util.lucene.BitUtil,org.pitest.mutationtest.engine.gregor.mutators.MathMutator,pop_union,359,KILLED,com.xceptance.xlt.report.util.lucene.BitUtilTest.[engine:junit-jupiter]/[class:com.xceptance.xlt.report.util.lucene.BitUtilTest]/[nested-class:SetOperationsTest]/[method:popUnion()]
BitUtil.java,com.xceptance.xlt.report.util.lucene.BitUtil,org.pitest.mutationtest.engine.gregor.mutators.MathMutator,pop_union,359,KILLED,com.xceptance.xlt.report.util.lucene.BitUtilTest.[engine:junit-jupiter]/[class:com.xceptance.xlt.report.util.lucene.BitUtilTest]/[nested-class:SetOperationsTest]/[method:popUnion()]
BitUtil.java,com.xceptance.xlt.report.util.lucene.BitUtil,org.pitest.mutationtest.engine.gregor.mutators.MathMutator,pop_union,359,KILLED,com.xceptance.xlt.report.util.lucene.BitUtilTest.[engine:junit-jupiter]/[class:com.xceptance.xlt.report.util.lucene.BitUtilTest]/[nested-class:SetOperationsTest]/[method:popUnion()]
BitUtil.java,com.xceptance.xlt.report.util.lucene.BitUtil,org.pitest.mutationtest.engine.gregor.mutators.MathMutator,pop_union,359,KILLED,com.xceptance.xlt.report.util.lucene.BitUtilTest.[engine:junit-jupiter]/[class:com.xceptance.xlt.report.util.lucene.BitUtilTest]/[nested-class:SetOperationsTest]/[method:popUnion()]
BitUtil.java,com.xceptance.xlt.report.util.lucene.BitUtil,org.pitest.mutationtest.engine.gregor.mutators.MathMutator,pop_union,359,KILLED,com.xceptance.xlt.report.util.lucene.BitUtilTest.[engine:junit-jupiter]/[class:com.xceptance.xlt.report.util.lucene.BitUtilTest]/[nested-class:SetOperationsTest]/[method:popUnion()]
BitUtil.java,com.xceptance.xlt.report.util.lucene.BitUtil,org.pitest.mutationtest.engine.gregor.mutators.MathMutator,pop_union,359,KILLED,com.xceptance.xlt.report.util.lucene.BitUtilTest.[engine:junit-jupiter]/[class:com.xceptance.xlt.report.util.lucene.BitUtilTest]/[nested-class:SetOperationsTest]/[method:popUnion()]
BitUtil.java,com.xceptance.xlt.report.util.lucene.BitUtil,org.pitest.mutationtest.engine.gregor.mutators.MathMutator,pop_union,360,KILLED,com.xceptance.xlt.report.util.lucene.BitUtilTest.[engine:junit-jupiter]/[class:com.xceptance.xlt.report.util.lucene.BitUtilTest]/[nested-class:SetOperationsTest]/[method:popUnion()]
BitUtil.java,com.xceptance.xlt.report.util.lucene.BitUtil,org.pitest.mutationtest.engine.gregor.mutators.MathMutator,pop_union,361,KILLED,com.xceptance.xlt.report.util.lucene.BitUtilTest.[engine:junit-jupiter]/[class:com.xceptance.xlt.report.util.lucene.BitUtilTest]/[nested-class:SetOperationsTest]/[method:popUnion()]
BitUtil.java,com.xceptance.xlt.report.util.lucene.BitUtil,org.pitest.mutationtest.engine.gregor.mutators.MathMutator,pop_union,361,KILLED,com.xceptance.xlt.report.util.lucene.BitUtilTest.[engine:junit-jupiter]/[class:com.xceptance.xlt.report.util.lucene.BitUtilTest]/[nested-class:SetOperationsTest]/[method:popUnion()]
BitUtil.java,com.xceptance.xlt.report.util.lucene.BitUtil,org.pitest.mutationtest.engine.gregor.mutators.MathMutator,pop_union,361,KILLED,com.xceptance.xlt.report.util.lucene.BitUtilTest.[engine:junit-jupiter]/[class:com.xceptance.xlt.report.util.lucene.BitUtilTest]/[nested-class:SetOperationsTest]/[method:popUnion()]
BitUtil.java,com.xceptance.xlt.report.util.lucene.BitUtil,org.pitest.mutationtest.engine.gregor.mutators.MathMutator,pop_union,362,KILLED,com.xceptance.xlt.report.util.lucene.BitUtilTest.[engine:junit-jupiter]/[class:com.xceptance.xlt.report.util.lucene.BitUtilTest]/[nested-class:SetOperationsTest]/[method:popUnion()]
BitUtil.java,com.xceptance.xlt.report.util.lucene.BitUtil,org.pitest.mutationtest.engine.gregor.mutators.MathMutator,pop_union,366,KILLED,com.xceptance.xlt.report.util.lucene.BitUtilTest.[engine:junit-jupiter]/[class:com.xceptance.xlt.report.util.lucene.BitUtilTest]/[nested-class:SetOperationsTest]/[method:popUnion()]
BitUtil.java,com.xceptance.xlt.report.util.lucene.BitUtil,org.pitest.mutationtest.engine.gregor.mutators.MathMutator,pop_union,367,KILLED,com.xceptance.xlt.report.util.lucene.BitUtilTest.[engine:junit-jupiter]/[class:com.xceptance.xlt.report.util.lucene.BitUtilTest]/[nested-class:SetOperationsTest]/[method:popUnion()]
BitUtil.java,com.xceptance.xlt.report.util.lucene.BitUtil,org.pitest.mutationtest.engine.gregor.mutators.MathMutator,pop_union,367,KILLED,com.xceptance.xlt.report.util.lucene.BitUtilTest.[engine:junit-jupiter]/[class:com.xceptance.xlt.report.util.lucene.BitUtilTest]/[nested-class:SetOperationsTest]/[method:popUnion()]
BitUtil.java,com.xceptance.xlt.report.util.lucene.BitUtil,org.pitest.mutationtest.engine.gregor.mutators.MathMutator,pop_union,367,KILLED,com.xceptance.xlt.report.util.lucene.BitUtilTest.[engine:junit-jupiter]/[class:com.xceptance.xlt.report.util.lucene.BitUtilTest]/[nested-class:SetOperationsTest]/[method:popUnion()]
BitUtil.java,com.xceptance.xlt.report.util.lucene.BitUtil,org.pitest.mutationtest.engine.gregor.mutators.MathMutator,pop_union,368,KILLED,com.xceptance.xlt.report.util.lucene.BitUtilTest.[engine:junit-jupiter]/[class:com.xceptance.xlt.report.util.lucene.BitUtilTest]/[nested-class:SetOperationsTest]/[method:popUnion()]
BitUtil.java,com.xceptance.xlt.report.util.lucene.BitUtil,org.pitest.mutationtest.engine.gregor.mutators.MathMutator,pop_union,373,KILLED,com.xceptance.xlt.report.util.lucene.BitUtilTest.[engine:junit-jupiter]/[class:com.xceptance.xlt.report.util.lucene.BitUtilTest]/[nested-class:SetOperationsTest]/[method:popUnion()]
BitUtil.java,com.xceptance.xlt.report.util.lucene.BitUtil,org.pitest.mutationtest.engine.gregor.mutators.MathMutator,pop_union,374,KILLED,com.xceptance.xlt.report.util.lucene.BitUtilTest.[engine:junit-jupiter]/[class:com.xceptance.xlt.report.util.lucene.BitUtilTest]/[nested-class:SetOperationsTest]/[method:popUnion()]
BitUtil.java,com.xceptance.xlt.report.util.lucene.BitUtil,org.pitest.mutationtest.engine.gregor.mutators.MathMutator,pop_union,374,KILLED,com.xceptance.xlt.report.util.lucene.BitUtilTest.[engine:junit-jupiter]/[class:com.xceptance.xlt.report.util.lucene.BitUtilTest]/[nested-class:SetOperationsTest]/[method:popUnion()]
BitUtil.java,com.xceptance.xlt.report.util.lucene.BitUtil,org.pitest.mutationtest.engine.gregor.mutators.MathMutator,pop_union,374,KILLED,com.xceptance.xlt.report.util.lucene.BitUtilTest.[engine:junit-jupiter]/[class:com.xceptance.xlt.report.util.lucene.BitUtilTest]/[nested-class:SetOperationsTest]/[method:popUnion()]
BitUtil.java,com.xceptance.xlt.report.util.lucene.BitUtil,org.pitest.mutationtest.engine.gregor.mutators.MathMutator,pop_union,375,KILLED,com.xceptance.xlt.report.util.lucene.BitUtilTest.[engine:junit-jupiter]/[class:com.xceptance.xlt.report.util.lucene.BitUtilTest]/[nested-class:SetOperationsTest]/[method:popUnion()]
BitUtil.java,com.xceptance.xlt.report.util.lucene.BitUtil,org.pitest.mutationtest.engine.gregor.mutators.MathMutator,pop_union,377,KILLED,com.xceptance.xlt.report.util.lucene.BitUtilTest.[engine:junit-jupiter]/[class:com.xceptance.xlt.report.util.lucene.BitUtilTest]/[nested-class:SetOperationsTest]/[method:popUnion()]
BitUtil.java,com.xceptance.xlt.report.util.lucene.BitUtil,org.pitest.mutationtest.engine.gregor.mutators.MathMutator,pop_union,381,KILLED,com.xceptance.xlt.report.util.lucene.BitUtilTest.[engine:junit-jupiter]/[class:com.xceptance.xlt.report.util.lucene.BitUtilTest]/[nested-class:SetOperationsTest]/[method:popUnion()]
BitUtil.java,com.xceptance.xlt.report.util.lucene.BitUtil,org.pitest.mutationtest.engine.gregor.mutators.MathMutator,pop_union,384,KILLED,com.xceptance.xlt.report.util.lucene.BitUtilTest.[engine:junit-jupiter]/[class:com.xceptance.xlt.report.util.lucene.BitUtilTest]/[nested-class:SetOperationsTest]/[method:popUnion()]
BitUtil.java,com.xceptance.xlt.report.util.lucene.BitUtil,org.pitest.mutationtest.engine.gregor.mutators.MathMutator,pop_union,384,KILLED,com.xceptance.xlt.report.util.lucene.BitUtilTest.[engine:junit-jupiter]/[class:com.xceptance.xlt.report.util.lucene.BitUtilTest]/[nested-class:SetOperationsTest]/[method:popUnion()]
BitUtil.java,com.xceptance.xlt.report.util.lucene.BitUtil,org.pitest.mutationtest.engine.gregor.mutators.MathMutator,pop_union,384,KILLED,com.xceptance.xlt.report.util.lucene.BitUtilTest.[engine:junit-jupiter]/[class:com.xceptance.xlt.report.util.lucene.BitUtilTest]/[nested-class:SetOperationsTest]/[method:popUnion()]
BitUtil.java,com.xceptance.xlt.report.util.lucene.BitUtil,org.pitest.mutationtest.engine.gregor.mutators.MathMutator,pop_union,384,KILLED,com.xceptance.xlt.report.util.lucene.BitUtilTest.[engine:junit-jupiter]/[class:com.xceptance.xlt.report.util.lucene.BitUtilTest]/[nested-class:SetOperationsTest]/[method:popUnion()]
BitUtil.java,com.xceptance.xlt.report.util.lucene.BitUtil,org.pitest.mutationtest.engine.gregor.mutators.MathMutator,pop_union,385,KILLED,com.xceptance.xlt.report.util.lucene.BitUtilTest.[engine:junit-jupiter]/[class:com.xceptance.xlt.report.util.lucene.BitUtilTest]/[nested-class:SetOperationsTest]/[method:popUnion()]
BitUtil.java,com.xceptance.xlt.report.util.lucene.BitUtil,org.pitest.mutationtest.engine.gregor.mutators.MathMutator,pop_union,386,KILLED,com.xceptance.xlt.report.util.lucene.BitUtilTest.[engine:junit-jupiter]/[class:com.xceptance.xlt.report.util.lucene.BitUtilTest]/[nested-class:SetOperationsTest]/[method:popUnion()]
BitUtil.java,com.xceptance.xlt.report.util.lucene.BitUtil,org.pitest.mutationtest.engine.gregor.mutators.MathMutator,pop_union,386,KILLED,com.xceptance.xlt.report.util.lucene.BitUtilTest.[engine:junit-jupiter]/[class:com.xceptance.xlt.report.util.lucene.BitUtilTest]/[nested-class:SetOperationsTest]/[method:popUnion()]
BitUtil.java,com.xceptance.xlt.report.util.lucene.BitUtil,org.pitest.mutationtest.engine.gregor.mutators.MathMutator,pop_union,386,KILLED,com.xceptance.xlt.report.util.lucene.BitUtilTest.[engine:junit-jupiter]/[class:com.xceptance.xlt.report.util.lucene.BitUtilTest]/[nested-class:SetOperationsTest]/[method:popUnion()]
BitUtil.java,com.xceptance.xlt.report.util.lucene.BitUtil,org.pitest.mutationtest.engine.gregor.mutators.MathMutator,pop_union,387,KILLED,com.xceptance.xlt.report.util.lucene.BitUtilTest.[engine:junit-jupiter]/[class:com.xceptance.xlt.report.util.lucene.BitUtilTest]/[nested-class:SetOperationsTest]/[method:popUnion()]
BitUtil.java,com.xceptance.xlt.report.util.lucene.BitUtil,org.pitest.mutationtest.engine.gregor.mutators.MathMutator,pop_union,390,KILLED,com.xceptance.xlt.report.util.lucene.BitUtilTest.[engine:junit-jupiter]/[class:com.xceptance.xlt.report.util.lucene.BitUtilTest]/[nested-class:SetOperationsTest]/[method:popUnion()]
BitUtil.java,com.xceptance.xlt.report.util.lucene.BitUtil,org.pitest.mutationtest.engine.gregor.mutators.MathMutator,pop_union,390,KILLED,com.xceptance.xlt.report.util.lucene.BitUtilTest.[engine:junit-jupiter]/[class:com.xceptance.xlt.report.util.lucene.BitUtilTest]/[nested-class:SetOperationsTest]/[method:popUnion()]
BitUtil.java,com.xceptance.xlt.report.util.lucene.BitUtil,org.pitest.mutationtest.engine.gregor.mutators.MathMutator,pop_union,390,KILLED,com.xceptance.xlt.report.util.lucene.BitUtilTest.[engine:junit-jupiter]/[class:com.xceptance.xlt.report.util.lucene.BitUtilTest]/[nested-class:SetOperationsTest]/[method:popUnion()]
BitUtil.java,com.xceptance.xlt.report.util.lucene.BitUtil,org.pitest.mutationtest.engine.gregor.mutators.MathMutator,pop_union,390,KILLED,com.xceptance.xlt.report.util.lucene.BitUtilTest.[engine:junit-jupiter]/[class:com.xceptance.xlt.report.util.lucene.BitUtilTest]/[nested-class:SetOperationsTest]/[method:popUnion()]
BitUtil.java,com.xceptance.xlt.report.util.lucene.BitUtil,org.pitest.mutationtest.engine.gregor.mutators.MathMutator,pop_union,390,KILLED,com.xceptance.xlt.report.util.lucene.BitUtilTest.[engine:junit-jupiter]/[class:com.xceptance.xlt.report.util.lucene.BitUtilTest]/[nested-class:SetOperationsTest]/[method:popUnion()]
BitUtil.java,com.xceptance.xlt.report.util.lucene.BitUtil,org.pitest.mutationtest.engine.gregor.mutators.MathMutator,pop_union,390,KILLED,com.xceptance.xlt.report.util.lucene.BitUtilTest.[engine:junit-jupiter]/[class:com.xceptance.xlt.report.util.lucene.BitUtilTest]/[nested-class:SetOperationsTest]/[method:popUnion()]
BitUtil.java,com.xceptance.xlt.report.util.lucene.BitUtil,org.pitest.mutationtest.engine.gregor.mutators.MathMutator,pop_union,391,KILLED,com.xceptance.xlt.report.util.lucene.BitUtilTest.[engine:junit-jupiter]/[class:com.xceptance.xlt.report.util.lucene.BitUtilTest]/[nested-class:SetOperationsTest]/[method:popUnion()]
BitUtil.java,com.xceptance.xlt.report.util.lucene.BitUtil,org.pitest.mutationtest.engine.gregor.mutators.MathMutator,pop_union,392,KILLED,com.xceptance.xlt.report.util.lucene.BitUtilTest.[engine:junit-jupiter]/[class:com.xceptance.xlt.report.util.lucene.BitUtilTest]/[nested-class:SetOperationsTest]/[method:popUnion()]
BitUtil.java,com.xceptance.xlt.report.util.lucene.BitUtil,org.pitest.mutationtest.engine.gregor.mutators.MathMutator,pop_union,392,KILLED,com.xceptance.xlt.report.util.lucene.BitUtilTest.[engine:junit-jupiter]/[class:com.xceptance.xlt.report.util.lucene.BitUtilTest]/[nested-class:SetOperationsTest]/[method:popUnion()]
BitUtil.java,com.xceptance.xlt.report.util.lucene.BitUtil,org.pitest.mutationtest.engine.gregor.mutators.MathMutator,pop_union,392,KILLED,com.xceptance.xlt.report.util.lucene.BitUtilTest.[engine:junit-jupiter]/[class:com.xceptance.xlt.report.util.lucene.BitUtilTest]/[nested-class:SetOperationsTest]/[method:popUnion()]
BitUtil.java,com.xceptance.xlt.report.util.lucene.BitUtil,org.pitest.mutationtest.engine.gregor.mutators.MathMutator,pop_union,393,KILLED,com.xceptance.xlt.report.util.lucene.BitUtilTest.[engine:junit-jupiter]/[class:com.xceptance.xlt.report.util.lucene.BitUtilTest]/[nested-class:SetOperationsTest]/[method:popUnion()]
BitUtil.java,com.xceptance.xlt.report.util.lucene.BitUtil,org.pitest.mutationtest.engine.gregor.mutators.MathMutator,pop_union,396,KILLED,com.xceptance.xlt.report.util.lucene.BitUtilTest.[engine:junit-jupiter]/[class:com.xceptance.xlt.report.util.lucene.BitUtilTest]/[nested-class:SetOperationsTest]/[method:popUnion()]
BitUtil.java,com.xceptance.xlt.report.util.lucene.BitUtil,org.pitest.mutationtest.engine.gregor.mutators.MathMutator,pop_union,397,KILLED,com.xceptance.xlt.report.util.lucene.BitUtilTest.[engine:junit-jupiter]/[class:com.xceptance.xlt.report.util.lucene.BitUtilTest]/[nested-class:SetOperationsTest]/[method:popUnion()]
BitUtil.java,com.xceptance.xlt.report.util.lucene.BitUtil,org.pitest.mutationtest.engine.gregor.mutators.MathMutator,pop_union,397,KILLED,com.xceptance.xlt.report.util.lucene.BitUtilTest.[engine:junit-jupiter]/[class:com.xceptance.xlt.report.util.lucene.BitUtilTest]/[nested-class:SetOperationsTest]/[method:popUnion()]
BitUtil.java,com.xceptance.xlt.report.util.lucene.BitUtil,org.pitest.mutationtest.engine.gregor.mutators.MathMutator,pop_union,397,KILLED,com.xceptance.xlt.report.util.lucene.BitUtilTest.[engine:junit-jupiter]/[class:com.xceptance.xlt.report.util.lucene.BitUtilTest]/[nested-class:SetOperationsTest]/[method:popUnion()]
BitUtil.java,com.xceptance.xlt.report.util.lucene.BitUtil,org.pitest.mutationtest.engine.gregor.mutators.MathMutator,pop_union,398,KILLED,com.xceptance.xlt.report.util.lucene.BitUtilTest.[engine:junit-jupiter]/[class:com.xceptance.xlt.report.util.lucene.BitUtilTest]/[nested-class:SetOperationsTest]/[method:popUnion()]
BitUtil.java,com.xceptance.xlt.report.util.lucene.BitUtil,org.pitest.mutationtest.engine.gregor.mutators.MathMutator,pop_union,400,KILLED,com.xceptance.xlt.report.util.lucene.BitUtilTest.[engine:junit-jupiter]/[class:com.xceptance.xlt.report.util.lucene.BitUtilTest]/[nested-class:SetOperationsTest]/[method:popUnion()]
BitUtil.java,com.xceptance.xlt.report.util.lucene.BitUtil,org.pitest.mutationtest.engine.gregor.mutators.MathMutator,pop_union,401,KILLED,com.xceptance.xlt.report.util.lucene.BitUtilTest.[engine:junit-jupiter]/[class:com.xceptance.xlt.report.util.lucene.BitUtilTest]/[nested-class:SetOperationsTest]/[method:popUnion()]
BitUtil.java,com.xceptance.xlt.report.util.lucene.BitUtil,org.pitest.mutationtest.engine.gregor.mutators.MathMutator,pop_union,403,KILLED,com.xceptance.xlt.report.util.lucene.BitUtilTest.[engine:junit-jupiter]/[class:com.xceptance.xlt.report.util.lucene.BitUtilTest]/[nested-class:SetOperationsTest]/[method:popUnion()]
BitUtil.java,com.xceptance.xlt.report.util.lucene.BitUtil,org.pitest.mutationtest.engine.gregor.mutators.MathMutator,pop_union,407,KILLED,com.xceptance.xlt.report.util.lucene.BitUtilTest.[engine:junit-jupiter]/[class:com.xceptance.xlt.report.util.lucene.BitUtilTest]/[nested-class:SetOperationsTest]/[method:setOperationsExactLengths()]
BitUtil.java,com.xceptance.xlt.report.util.lucene.BitUtil,org.pitest.mutationtest.engine.gregor.mutators.MathMutator,pop_union,408,KILLED,com.xceptance.xlt.report.util.lucene.BitUtilTest.[engine:junit-jupiter]/[class:com.xceptance.xlt.report.util.lucene.BitUtilTest]/[nested-class:SetOperationsTest]/[method:popUnion()]
BitUtil.java,com.xceptance.xlt.report.util.lucene.BitUtil,org.pitest.mutationtest.engine.gregor.mutators.MathMutator,pop_union,408,KILLED,com.xceptance.xlt.report.util.lucene.BitUtilTest.[engine:junit-jupiter]/[class:com.xceptance.xlt.report.util.lucene.BitUtilTest]/[nested-class:SetOperationsTest]/[method:popUnion()]
BitUtil.java,com.xceptance.xlt.report.util.lucene.BitUtil,org.pitest.mutationtest.engine.gregor.mutators.MathMutator,pop_union,408,KILLED,com.xceptance.xlt.report.util.lucene.BitUtilTest.[engine:junit-jupiter]/[class:com.xceptance.xlt.report.util.lucene.BitUtilTest]/[nested-class:SetOperationsTest]/[method:popUnion()]
BitUtil.java,com.xceptance.xlt.report.util.lucene.BitUtil,org.pitest.mutationtest.engine.gregor.mutators.MathMutator,pop_union,408,KILLED,com.xceptance.xlt.report.util.lucene.BitUtilTest.[engine:junit-jupiter]/[class:com.xceptance.xlt.report.util.lucene.BitUtilTest]/[nested-class:SetOperationsTest]/[method:popUnion()]
BitUtil.java,com.xceptance.xlt.report.util.lucene.BitUtil,org.pitest.mutationtest.engine.gregor.mutators.MathMutator,pop_union,409,KILLED,com.xceptance.xlt.report.util.lucene.BitUtilTest.[engine:junit-jupiter]/[class:com.xceptance.xlt.report.util.lucene.BitUtilTest]/[nested-class:SetOperationsTest]/[method:popUnion()]
BitUtil.java,com.xceptance.xlt.report.util.lucene.BitUtil,org.pitest.mutationtest.engine.gregor.mutators.MathMutator,pop_union,410,KILLED,com.xceptance.xlt.report.util.lucene.BitUtilTest.[engine:junit-jupiter]/[class:com.xceptance.xlt.report.util.lucene.BitUtilTest]/[nested-class:SetOperationsTest]/[method:popUnion()]
BitUtil.java,com.xceptance.xlt.report.util.lucene.BitUtil,org.pitest.mutationtest.engine.gregor.mutators.MathMutator,pop_union,410,KILLED,com.xceptance.xlt.report.util.lucene.BitUtilTest.[engine:junit-jupiter]/[class:com.xceptance.xlt.report.util.lucene.BitUtilTest]/[nested-class:SetOperationsTest]/[method:popUnion()]
BitUtil.java,com.xceptance.xlt.report.util.lucene.BitUtil,org.pitest.mutationtest.engine.gregor.mutators.MathMutator,pop_union,410,KILLED,com.xceptance.xlt.report.util.lucene.BitUtilTest.[engine:junit-jupiter]/[class:com.xceptance.xlt.report.util.lucene.BitUtilTest]/[nested-class:SetOperationsTest]/[method:popUnion()]
BitUtil.java,com.xceptance.xlt.report.util.lucene.BitUtil,org.pitest.mutationtest.engine.gregor.mutators.MathMutator,pop_union,411,KILLED,com.xceptance.xlt.report.util.lucene.BitUtilTest.[engine:junit-jupiter]/[class:com.xceptance.xlt.report.util.lucene.BitUtilTest]/[nested-class:SetOperationsTest]/[method:popUnion()]
BitUtil.java,com.xceptance.xlt.report.util.lucene.BitUtil,org.pitest.mutationtest.engine.gregor.mutators.MathMutator,pop_union,413,KILLED,com.xceptance.xlt.report.util.lucene.BitUtilTest.[engine:junit-jupiter]/[class:com.xceptance.xlt.report.util.lucene.BitUtilTest]/[nested-class:SetOperationsTest]/[method:popUnion()]
BitUtil.java,com.xceptance.xlt.report.util.lucene.BitUtil,org.pitest.mutationtest.engine.gregor.mutators.MathMutator,pop_union,414,KILLED,com.xceptance.xlt.report.util.lucene.BitUtilTest.[engine:junit-jupiter]/[class:com.xceptance.xlt.report.util.lucene.BitUtilTest]/[nested-class:SetOperationsTest]/[method:popUnion()]
BitUtil.java,com.xceptance.xlt.report.util.lucene.BitUtil,org.pitest.mutationtest.engine.gregor.mutators.MathMutator,pop_union,416,KILLED,com.xceptance.xlt.report.util.lucene.BitUtilTest.[engine:junit-jupiter]/[class:com.xceptance.xlt.report.util.lucene.BitUtilTest]/[nested-class:SetOperationsTest]/[method:popUnion()]
BitUtil.java,com.xceptance.xlt.report.util.lucene.BitUtil,org.pitest.mutationtest.engine.gregor.mutators.MathMutator,pop_union,417,KILLED,com.xceptance.xlt.report.util.lucene.BitUtilTest.[engine:junit-jupiter]/[class:com.xceptance.xlt.report.util.lucene.BitUtilTest]/[nested-class:SetOperationsTest]/[method:popUnion()]
BitUtil.java,com.xceptance.xlt.report.util.lucene.BitUtil,org.pitest.mutationtest.engine.gregor.mutators.MathMutator,pop_union,419,KILLED,com.xceptance.xlt.report.util.lucene.BitUtilTest.[engine:junit-jupiter]/[class:com.xceptance.xlt.report.util.lucene.BitUtilTest]/[nested-class:SetOperationsTest]/[method:popUnion()]
BitUtil.java,com.xceptance.xlt.report.util.lucene.BitUtil,org.pitest.mutationtest.engine.gregor.mutators.MathMutator,pop_union,424,KILLED,com.xceptance.xlt.report.util.lucene.BitUtilTest.[engine:junit-jupiter]/[class:com.xceptance.xlt.report.util.lucene.BitUtilTest]/[nested-class:SetOperationsTest]/[method:popUnion()]
BitUtil.java,com.xceptance.xlt.report.util.lucene.BitUtil,org.pitest.mutationtest.engine.gregor.mutators.MathMutator,pop_union,424,KILLED,com.xceptance.xlt.report.util.lucene.BitUtilTest.[engine:junit-jupiter]/[class:com.xceptance.xlt.report.util.lucene.BitUtilTest]/[nested-class:SetOperationsTest]/[method:popUnion()]
BitUtil.java,com.xceptance.xlt.report.util.lucene.BitUtil,org.pitest.mutationtest.engine.gregor.mutators.MathMutator,pop_union,427,KILLED,com.xceptance.xlt.report.util.lucene.BitUtilTest.[engine:junit-jupiter]/[class:com.xceptance.xlt.report.util.lucene.BitUtilTest]/[nested-class:SetOperationsTest]/[method:popUnion()]
BitUtil.java,com.xceptance.xlt.report.util.lucene.BitUtil,org.pitest.mutationtest.engine.gregor.mutators.MathMutator,pop_union,428,KILLED,com.xceptance.xlt.report.util.lucene.BitUtilTest.[engine:junit-jupiter]/[class:com.xceptance.xlt.report.util.lucene.BitUtilTest]/[nested-class:SetOperationsTest]/[method:popUnion()]
BitUtil.java,com.xceptance.xlt.report.util.lucene.BitUtil,org.pitest.mutationtest.engine.gregor.mutators.MathMutator,pop_union,428,KILLED,com.xceptance.xlt.report.util.lucene.BitUtilTest.[engine:junit-jupiter]/[class:com.xceptance.xlt.report.util.lucene.BitUtilTest]/[nested-class:SetOperationsTest]/[method:popUnion()]
BitUtil.java,com.xceptance.xlt.report.util.lucene.BitUtil,org.pitest.mutationtest.engine.gregor.mutators.MathMutator,pop_union,429,KILLED,com.xceptance.xlt.report.util.lucene.BitUtilTest.[engine:junit-jupiter]/[class:com.xceptance.xlt.report.util.lucene.BitUtilTest]/[nested-class:SetOperationsTest]/[method:popUnion()]
BitUtil.java,com.xceptance.xlt.report.util.lucene.BitUtil,org.pitest.mutationtest.engine.gregor.mutators.MathMutator,pop_union,429,KILLED,com.xceptance.xlt.report.util.lucene.BitUtilTest.[engine:junit-jupiter]/[class:com.xceptance.xlt.report.util.lucene.BitUtilTest]/[nested-class:SetOperationsTest]/[method:popUnion()]
BitUtil.java,com.xceptance.xlt.report.util.lucene.BitUtil,org.pitest.mutationtest.engine.gregor.mutators.MathMutator,pop_union,429,KILLED,com.xceptance.xlt.report.util.lucene.BitUtilTest.[engine:junit-jupiter]/[class:com.xceptance.xlt.report.util.lucene.BitUtilTest]/[nested-class:SetOperationsTest]/[method:popUnion()]
BitUtil.java,com.xceptance.xlt.report.util.lucene.BitUtil,org.pitest.mutationtest.engine.gregor.mutators.MathMutator,pop_union,429,KILLED,com.xceptance.xlt.report.util.lucene.BitUtilTest.[engine:junit-jupiter]/[class:com.xceptance.xlt.report.util.lucene.BitUtilTest]/[nested-class:SetOperationsTest]/[method:popUnion()]
BitUtil.java,com.xceptance.xlt.report.util.lucene.BitUtil,org.pitest.mutationtest.engine.gregor.mutators.NegateConditionalsMutator,pop_union,321,KILLED,com.xceptance.xlt.report.util.lucene.BitUtilTest.[engine:junit-jupiter]/[class:com.xceptance.xlt.report.util.lucene.BitUtilTest]/[nested-class:SetOperationsTest]/[method:popUnion()]
BitUtil.java,com.xceptance.xlt.report.util.lucene.BitUtil,org.pitest.mutationtest.engine.gregor.mutators.NegateConditionalsMutator,pop_union,381,KILLED,com.xceptance.xlt.report.util.lucene.BitUtilTest.[engine:junit-jupiter]/[class:com.xceptance.xlt.report.util.lucene.BitUtilTest]/[nested-class:SetOperationsTest]/[method:popUnion()]
BitUtil.java,com.xceptance.xlt.report.util.lucene.BitUtil,org.pitest.mutationtest.engine.gregor.mutators.NegateConditionalsMutator,pop_union,407,KILLED,com.xceptance.xlt.report.util.lucene.BitUtilTest.[engine:junit-jupiter]/[class:com.xceptance.xlt.report.util.lucene.BitUtilTest]/[nested-class:SetOperationsTest]/[method:popUnion()]
BitUtil.java,com.xceptance.xlt.report.util.lucene.BitUtil,org.pitest.mutationtest.engine.gregor.mutators.NegateConditionalsMutator,pop_union,423,KILLED,com.xceptance.xlt.report.util.lucene.BitUtilTest.[engine:junit-jupiter]/[class:com.xceptance.xlt.report.util.lucene.BitUtilTest]/[nested-class:SetOperationsTest]/[method:popUnion()]
BitUtil.java,com.xceptance.xlt.report.util.lucene.BitUtil,org.pitest.mutationtest.engine.gregor.mutators.returns.PrimitiveReturnsMutator,pop_union,432,KILLED,com.xceptance.xlt.report.util.lucene.BitUtilTest.[engine:junit-jupiter]/[class:com.xceptance.xlt.report.util.lucene.BitUtilTest]/[nested-class:SetOperationsTest]/[method:popUnion()]
BitUtil.java,com.xceptance.xlt.report.util.lucene.BitUtil,org.pitest.mutationtest.engine.gregor.mutators.ConditionalsBoundaryMutator,pop_xor,565,KILLED,com.xceptance.xlt.report.util.lucene.BitUtilTest.[engine:junit-jupiter]/[class:com.xceptance.xlt.report.util.lucene.BitUtilTest]/[nested-class:SetOperationsTest]/[method:popXor()]
BitUtil.java,com.xceptance.xlt.report.util.lucene.BitUtil,org.pitest.mutationtest.engine.gregor.mutators.ConditionalsBoundaryMutator,pop_xor,625,KILLED,com.xceptance.xlt.report.util.lucene.BitUtilTest.[engine:junit-jupiter]/[class:com.xceptance.xlt.report.util.lucene.BitUtilTest]/[nested-class:SetOperationsTest]/[method:popXor()]
BitUtil.java,com.xceptance.xlt.report.util.lucene.BitUtil,org.pitest.mutationtest.engine.gregor.mutators.ConditionalsBoundaryMutator,pop_xor,651,KILLED,com.xceptance.xlt.report.util.lucene.BitUtilTest.[engine:junit-jupiter]/[class:com.xceptance.xlt.report.util.lucene.BitUtilTest]/[nested-class:SetOperationsTest]/[method:popXor()]
BitUtil.java,com.xceptance.xlt.report.util.lucene.BitUtil,org.pitest.mutationtest.engine.gregor.mutators.ConditionalsBoundaryMutator,pop_xor,667,KILLED,com.xceptance.xlt.report.util.lucene.BitUtilTest.[engine:junit-jupiter]/[class:com.xceptance.xlt.report.util.lucene.BitUtilTest]/[nested-class:SetOperationsTest]/[method:setOperationsExactLengths()]
BitUtil.java,com.xceptance.xlt.report.util.lucene.BitUtil,org.pitest.mutationtest.engine.gregor.mutators.IncrementsMutator,pop_xor,648,KILLED,com.xceptance.xlt.report.util.lucene.BitUtilTest.[engine:junit-jupiter]/[class:com.xceptance.xlt.report.util.lucene.BitUtilTest]/[nested-class:SetOperationsTest]/[method:popXor()]
BitUtil.java,com.xceptance.xlt.report.util.lucene.BitUtil,org.pitest.mutationtest.engine.gregor.mutators.IncrementsMutator,pop_xor,664,KILLED,com.xceptance.xlt.report.util.lucene.BitUtilTest.[engine:junit-jupiter]/[class:com.xceptance.xlt.report.util.lucene.BitUtilTest]/[nested-class:SetOperationsTest]/[method:popXor()]
BitUtil.java,com.xceptance.xlt.report.util.lucene.BitUtil,org.pitest.mutationtest.engine.gregor.mutators.MathMutator,pop_xor,560,KILLED,com.xceptance.xlt.report.util.lucene.BitUtilTest.[engine:junit-jupiter]/[class:com.xceptance.xlt.report.util.lucene.BitUtilTest]/[nested-class:SetOperationsTest]/[method:popXor()]
BitUtil.java,com.xceptance.xlt.report.util.lucene.BitUtil,org.pitest.mutationtest.engine.gregor.mutators.MathMutator,pop_xor,565,KILLED,com.xceptance.xlt.report.util.lucene.BitUtilTest.[engine:junit-jupiter]/[class:com.xceptance.xlt.report.util.lucene.BitUtilTest]/[nested-class:SetOperationsTest]/[method:popXor()]
BitUtil.java,com.xceptance.xlt.report.util.lucene.BitUtil,org.pitest.mutationtest.engine.gregor.mutators.MathMutator,pop_xor,576,KILLED,com.xceptance.xlt.report.util.lucene.BitUtilTest.[engine:junit-jupiter]/[class:com.xceptance.xlt.report.util.lucene.BitUtilTest]/[nested-class:SetOperationsTest]/[method:popXor()]
BitUtil.java,com.xceptance.xlt.report.util.lucene.BitUtil,org.pitest.mutationtest.engine.gregor.mutators.MathMutator,pop_xor,576,KILLED,com.xceptance.xlt.report.util.lucene.BitUtilTest.[engine:junit-jupiter]/[class:com.xceptance.xlt.report.util.lucene.BitUtilTest]/[nested-class:SetOperationsTest]/[method:popXor()]
BitUtil.java,com.xceptance.xlt.report.util.lucene.BitUtil,org.pitest.mutationtest.engine.gregor.mutators.MathMutator,pop_xor,576,KILLED,com.xceptance.xlt.report.util.lucene.BitUtilTest.[engine:junit-jupiter]/[class:com.xceptance.xlt.report.util.lucene.BitUtilTest]/[nested-class:SetOperationsTest]/[method:popXor()]
BitUtil.java,com.xceptance.xlt.report.util.lucene.BitUtil,org.pitest.mutationtest.engine.gregor.mutators.MathMutator,pop_xor,576,KILLED,com.xceptance.xlt.report.util.lucene.BitUtilTest.[engine:junit-jupiter]/[class:com.xceptance.xlt.report.util.lucene.BitUtilTest]/[nested-class:SetOperationsTest]/[method:popXor()]
BitUtil.java,com.xceptance.xlt.report.util.lucene.BitUtil,org.pitest.mutationtest.engine.gregor.mutators.MathMutator,pop_xor,577,KILLED,com.xceptance.xlt.report.util.lucene.BitUtilTest.[engine:junit-jupiter]/[class:com.xceptance.xlt.report.util.lucene.BitUtilTest]/[nested-class:SetOperationsTest]/[method:popXor()]
BitUtil.java,com.xceptance.xlt.report.util.lucene.BitUtil,org.pitest.mutationtest.engine.gregor.mutators.MathMutator,pop_xor,578,KILLED,com.xceptance.xlt.report.util.lucene.BitUtilTest.[engine:junit-jupiter]/[class:com.xceptance.xlt.report.util.lucene.BitUtilTest]/[nested-class:SetOperationsTest]/[method:popXor()]
BitUtil.java,com.xceptance.xlt.report.util.lucene.BitUtil,org.pitest.mutationtest.engine.gregor.mutators.MathMutator,pop_xor,578,KILLED,com.xceptance.xlt.report.util.lucene.BitUtilTest.[engine:junit-jupiter]/[class:com.xceptance.xlt.report.util.lucene.BitUtilTest]/[nested-class:SetOperationsTest]/[method:popXor()]
BitUtil.java,com.xceptance.xlt.report.util.lucene.BitUtil,org.pitest.mutationtest.engine.gregor.mutators.MathMutator,pop_xor,578,KILLED,com.xceptance.xlt.report.util.lucene.BitUtilTest.[engine:junit-jupiter]/[class:com.xceptance.xlt.report.util.lucene.BitUtilTest]/[nested-class:SetOperationsTest]/[method:popXor()]
BitUtil.java,com.xceptance.xlt.report.util.lucene.BitUtil,org.pitest.mutationtest.engine.gregor.mutators.MathMutator,pop_xor,579,KILLED,com.xceptance.xlt.report.util.lucene.BitUtilTest.[engine:junit-jupiter]/[class:com.xceptance.xlt.report.util.lucene.BitUtilTest]/[nested-class:SetOperationsTest]/[method:popXor()]
BitUtil.java,com.xceptance.xlt.report.util.lucene.BitUtil,org.pitest.mutationtest.engine.gregor.mutators.MathMutator,pop_xor,583,KILLED,com.xceptance.xlt.report.util.lucene.BitUtilTest.[engine:junit-jupiter]/[class:com.xceptance.xlt.report.util.lucene.BitUtilTest]/[nested-class:SetOperationsTest]/[method:popXor()]
BitUtil.java,com.xceptance.xlt.report.util.lucene.BitUtil,org.pitest.mutationtest.engine.gregor.mutators.MathMutator,pop_xor,583,KILLED,com.xceptance.xlt.report.util.lucene.BitUtilTest.[engine:junit-jupiter]/[class:com.xceptance.xlt.report.util.lucene.BitUtilTest]/[nested-class:SetOperationsTest]/[method:popXor()]
BitUtil.java,com.xceptance.xlt.report.util.lucene.BitUtil,org.pitest.mutationtest.engine.gregor.mutators.MathMutator,pop_xor,583,KILLED,com.xceptance.xlt.report.util.lucene.BitUtilTest.[engine:junit-jupiter]/[class:com.xceptance.xlt.report.util.lucene.BitUtilTest]/[nested-class:SetOperationsTest]/[method:popXor()]
BitUtil.java,com.xceptance.xlt.report.util.lucene.BitUtil,org.pitest.mutationtest.engine.gregor.mutators.MathMutator,pop_xor,583,KILLED,com.xceptance.xlt.report.util.lucene.BitUtilTest.[engine:junit-jupiter]/[class:com.xceptance.xlt.report.util.lucene.BitUtilTest]/[nested-class:SetOperationsTest]/[method:popXor()]
BitUtil.java,com.xceptance.xlt.report.util.lucene.BitUtil,org.pitest.mutationtest.engine.gregor.mutators.MathMutator,pop_xor,583,KILLED,com.xceptance.xlt.report.util.lucene.BitUtilTest.[engine:junit-jupiter]/[class:com.xceptance.xlt.report.util.lucene.BitUtilTest]/[nested-class:SetOperationsTest]/[method:popXor()]
BitUtil.java,com.xceptance.xlt.report.util.lucene.BitUtil,org.pitest.mutationtest.engine.gregor.mutators.MathMutator,pop_xor,583,KILLED,com.xceptance.xlt.report.util.lucene.BitUtilTest.[engine:junit-jupiter]/[class:com.xceptance.xlt.report.util.lucene.BitUtilTest]/[nested-class:SetOperationsTest]/[method:popXor()]
BitUtil.java,com.xceptance.xlt.report.util.lucene.BitUtil,org.pitest.mutationtest.engine.gregor.mutators.MathMutator,pop_xor,584,KILLED,com.xceptance.xlt.report.util.lucene.BitUtilTest.[engine:junit-jupiter]/[class:com.xceptance.xlt.report.util.lucene.BitUtilTest]/[nested-class:SetOperationsTest]/[method:popXor()]
BitUtil.java,com.xceptance.xlt.report.util.lucene.BitUtil,org.pitest.mutationtest.engine.gregor.mutators.MathMutator,pop_xor,585,KILLED,com.xceptance.xlt.report.util.lucene.BitUtilTest.[engine:junit-jupiter]/[class:com.xceptance.xlt.report.util.lucene.BitUtilTest]/[nested-class:SetOperationsTest]/[method:popXor()]
BitUtil.java,com.xceptance.xlt.report.util.lucene.BitUtil,org.pitest.mutationtest.engine.gregor.mutators.MathMutator,pop_xor,585,KILLED,com.xceptance.xlt.report.util.lucene.BitUtilTest.[engine:junit-jupiter]/[class:com.xceptance.xlt.report.util.lucene.BitUtilTest]/[nested-class:SetOperationsTest]/[method:popXor()]
BitUtil.java,com.xceptance.xlt.report.util.lucene.BitUtil,org.pitest.mutationtest.engine.gregor.mutators.MathMutator,pop_xor,585,KILLED,com.xceptance.xlt.report.util.lucene.BitUtilTest.[engine:junit-jupiter]/[class:com.xceptance.xlt.report.util.lucene.BitUtilTest]/[nested-class:SetOperationsTest]/[method:popXor()]
BitUtil.java,com.xceptance.xlt.report.util.lucene.BitUtil,org.pitest.mutationtest.engine.gregor.mutators.MathMutator,pop_xor,586,KILLED,com.xceptance.xlt.report.util.lucene.BitUtilTest.[engine:junit-jupiter]/[class:com.xceptance.xlt.report.util.lucene.BitUtilTest]/[nested-class:SetOperationsTest]/[method:popXor()]
BitUtil.java,com.xceptance.xlt.report.util.lucene.BitUtil,org.pitest.mutationtest.engine.gregor.mutators.MathMutator,pop_xor,590,KILLED,com.xceptance.xlt.report.util.lucene.BitUtilTest.[engine:junit-jupiter]/[class:com.xceptance.xlt.report.util.lucene.BitUtilTest]/[nested-class:SetOperationsTest]/[method:popXor()]
BitUtil.java,com.xceptance.xlt.report.util.lucene.BitUtil,org.pitest.mutationtest.engine.gregor.mutators.MathMutator,pop_xor,591,KILLED,com.xceptance.xlt.report.util.lucene.BitUtilTest.[engine:junit-jupiter]/[class:com.xceptance.xlt.report.util.lucene.BitUtilTest]/[nested-class:SetOperationsTest]/[method:popXor()]
BitUtil.java,com.xceptance.xlt.report.util.lucene.BitUtil,org.pitest.mutationtest.engine.gregor.mutators.MathMutator,pop_xor,591,KILLED,com.xceptance.xlt.report.util.lucene.BitUtilTest.[engine:junit-jupiter]/[class:com.xceptance.xlt.report.util.lucene.BitUtilTest]/[nested-class:SetOperationsTest]/[method:popXor()]
BitUtil.java,com.xceptance.xlt.report.util.lucene.BitUtil,org.pitest.mutationtest.engine.gregor.mutators.MathMutator,pop_xor,591,KILLED,com.xceptance.xlt.report.util.lucene.BitUtilTest.[engine:junit-jupiter]/[class:com.xceptance.xlt.report.util.lucene.BitUtilTest]/[nested-class:SetOperationsTest]/[method:popXor()]
BitUtil.java,com.xceptance.xlt.report.util.lucene.BitUtil,org.pitest.mutationtest.engine.gregor.mutators.MathMutator,pop_xor,592,KILLED,com.xceptance.xlt.report.util.lucene.BitUtilTest.[engine:junit-jupiter]/[class:com.xceptance.xlt.report.util.lucene.BitUtilTest]/[nested-class:SetOperationsTest]/[method:popXor()]
BitUtil.java,com.xceptance.xlt.report.util.lucene.BitUtil,org.pitest.mutationtest.engine.gregor.mutators.MathMutator,pop_xor,596,KILLED,com.xceptance.xlt.report.util.lucene.BitUtilTest.[engine:junit-jupiter]/[class:com.xceptance.xlt.report.util.lucene.BitUtilTest]/[nested-class:SetOperationsTest]/[method:popXor()]
BitUtil.java,com.xceptance.xlt.report.util.lucene.BitUtil,org.pitest.mutationtest.engine.gregor.mutators.MathMutator,pop_xor,596,KILLED,com.xceptance.xlt.report.util.lucene.BitUtilTest.[engine:junit-jupiter]/[class:com.xceptance.xlt.report.util.lucene.BitUtilTest]/[nested-class:SetOperationsTest]/[method:popXor()]
BitUtil.java,com.xceptance.xlt.report.util.lucene.BitUtil,org.pitest.mutationtest.engine.gregor.mutators.MathMutator,pop_xor,596,KILLED,com.xceptance.xlt.report.util.lucene.BitUtilTest.[engine:junit-jupiter]/[class:com.xceptance.xlt.report.util.lucene.BitUtilTest]/[nested-class:SetOperationsTest]/[method:popXor()]
BitUtil.java,com.xceptance.xlt.report.util.lucene.BitUtil,org.pitest.mutationtest.engine.gregor.mutators.MathMutator,pop_xor,596,KILLED,com.xceptance.xlt.report.util.lucene.BitUtilTest.[engine:junit-jupiter]/[class:com.xceptance.xlt.report.util.lucene.BitUtilTest]/[nested-class:SetOperationsTest]/[method:popXor()]
BitUtil.java,com.xceptance.xlt.report.util.lucene.BitUtil,org.pitest.mutationtest.engine.gregor.mutators.MathMutator,pop_xor,596,KILLED,com.xceptance.xlt.report.util.lucene.BitUtilTest.[engine:junit-jupiter]/[class:com.xceptance.xlt.report.util.lucene.BitUtilTest]/[nested-class:SetOperationsTest]/[method:popXor()]
BitUtil.java,com.xceptance.xlt.report.util.lucene.BitUtil,org.pitest.mutationtest.engine.gregor.mutators.MathMutator,pop_xor,596,KILLED,com.xceptance.xlt.report.util.lucene.BitUtilTest.[engine:junit-jupiter]/[class:com.xceptance.xlt.report.util.lucene.BitUtilTest]/[nested-class:SetOperationsTest]/[method:popXor()]
BitUtil.java,com.xceptance.xlt.report.util.lucene.BitUtil,org.pitest.mutationtest.engine.gregor.mutators.MathMutator,pop_xor,597,KILLED,com.xceptance.xlt.report.util.lucene.BitUtilTest.[engine:junit-jupiter]/[class:com.xceptance.xlt.report.util.lucene.BitUtilTest]/[nested-class:SetOperationsTest]/[method:popXor()]
BitUtil.java,com.xceptance.xlt.report.util.lucene.BitUtil,org.pitest.mutationtest.engine.gregor.mutators.MathMutator,pop_xor,598,KILLED,com.xceptance.xlt.report.util.lucene.BitUtilTest.[engine:junit-jupiter]/[class:com.xceptance.xlt.report.util.lucene.BitUtilTest]/[nested-class:SetOperationsTest]/[method:popXor()]
BitUtil.java,com.xceptance.xlt.report.util.lucene.BitUtil,org.pitest.mutationtest.engine.gregor.mutators.MathMutator,pop_xor,598,KILLED,com.xceptance.xlt.report.util.lucene.BitUtilTest.[engine:junit-jupiter]/[class:com.xceptance.xlt.report.util.lucene.BitUtilTest]/[nested-class:SetOperationsTest]/[method:popXor()]
BitUtil.java,com.xceptance.xlt.report.util.lucene.BitUtil,org.pitest.mutationtest.engine.gregor.mutators.MathMutator,pop_xor,598,KILLED,com.xceptance.xlt.report.util.lucene.BitUtilTest.[engine:junit-jupiter]/[class:com.xceptance.xlt.report.util.lucene.BitUtilTest]/[nested-class:SetOperationsTest]/[method:popXor()]
BitUtil.java,com.xceptance.xlt.report.util.lucene.BitUtil,org.pitest.mutationtest.engine.gregor.mutators.MathMutator,pop_xor,599,KILLED,com.xceptance.xlt.report.util.lucene.BitUtilTest.[engine:junit-jupiter]/[class:com.xceptance.xlt.report.util.lucene.BitUtilTest]/[nested-class:SetOperationsTest]/[method:popXor()]
BitUtil.java,com.xceptance.xlt.report.util.lucene.BitUtil,org.pitest.mutationtest.engine.gregor.mutators.MathMutator,pop_xor,603,KILLED,com.xceptance.xlt.report.util.lucene.BitUtilTest.[engine:junit-jupiter]/[class:com.xceptance.xlt.report.util.lucene.BitUtilTest]/[nested-class:SetOperationsTest]/[method:popXor()]
BitUtil.java,com.xceptance.xlt.report.util.lucene.BitUtil,org.pitest.mutationtest.engine.gregor.mutators.MathMutator,pop_xor,603,KILLED,com.xceptance.xlt.report.util.lucene.BitUtilTest.[engine:junit-jupiter]/[class:com.xceptance.xlt.report.util.lucene.BitUtilTest]/[nested-class:SetOperationsTest]/[method:popXor()]
BitUtil.java,com.xceptance.xlt.report.util.lucene.BitUtil,org.pitest.mutationtest.engine.gregor.mutators.MathMutator,pop_xor,603,KILLED,com.xceptance.xlt.report.util.lucene.BitUtilTest.[engine:junit-jupiter]/[class:com.xceptance.xlt.report.util.lucene.BitUtilTest]/[nested-class:SetOperationsTest]/[method:popXor()]
BitUtil.java,com.xceptance.xlt.report.util.lucene.BitUtil,org.pitest.mutationtest.engine.gregor.mutators.MathMutator,pop_xor,603,KILLED,com.xceptance.xlt.report.util.lucene.BitUtilTest.[engine:junit-jupiter]/[class:com.xceptance.xlt.report.util.lucene.BitUtilTest]/[nested-class:SetOperationsTest]/[method:popXor()]
BitUtil.java,com.xceptance.xlt.report.util.lucene.BitUtil,org.pitest.mutationtest.engine.gregor.mutators.MathMutator,pop_xor,603,KILLED,com.xceptance.xlt.report.util.lucene.BitUtilTest.[engine:junit-jupiter]/[class:com.xceptance.xlt.report.util.lucene.BitUtilTest]/[nested-class:SetOperationsTest]/[method:popXor()]
BitUtil.java,com.xceptance.xlt.report.util.lucene.BitUtil,org.pitest.mutationtest.engine.gregor.mutators.MathMutator,pop_xor,603,KILLED,com.xceptance.xlt.report.util.lucene.BitUtilTest.[engine:junit-jupiter]/[class:com.xceptance.xlt.report.util.lucene.BitUtilTest]/[nested-class:SetOperationsTest]/[method:popXor()]
BitUtil.java,com.xceptance.xlt.report.util.lucene.BitUtil,org.pitest.mutationtest.engine.gregor.mutators.MathMutator,pop_xor,604,KILLED,com.xceptance.xlt.report.util.lucene.BitUtilTest.[engine:junit-jupiter]/[class:com.xceptance.xlt.report.util.lucene.BitUtilTest]/[nested-class:SetOperationsTest]/[method:popXor()]
BitUtil.java,com.xceptance.xlt.report.util.lucene.BitUtil,org.pitest.mutationtest.engine.gregor.mutators.MathMutator,pop_xor,605,KILLED,com.xceptance.xlt.report.util.lucene.BitUtilTest.[engine:junit-jupiter]/[class:com.xceptance.xlt.report.util.lucene.BitUtilTest]/[nested-class:SetOperationsTest]/[method:popXor()]
BitUtil.java,com.xceptance.xlt.report.util.lucene.BitUtil,org.pitest.mutationtest.engine.gregor.mutators.MathMutator,pop_xor,605,KILLED,com.xceptance.xlt.report.util.lucene.BitUtilTest.[engine:junit-jupiter]/[class:com.xceptance.xlt.report.util.lucene.BitUtilTest]/[nested-class:SetOperationsTest]/[method:popXor()]
BitUtil.java,com.xceptance.xlt.report.util.lucene.BitUtil,org.pitest.mutationtest.engine.gregor.mutators.MathMutator,pop_xor,605,KILLED,com.xceptance.xlt.report.util.lucene.BitUtilTest.[engine:junit-jupiter]/[class:com.xceptance.xlt.report.util.lucene.BitUtilTest]/[nested-class:SetOperationsTest]/[method:popXor()]
BitUtil.java,com.xceptance.xlt.report.util.lucene.BitUtil,org.pitest.mutationtest.engine.gregor.mutators.MathMutator,pop_xor,606,KILLED,com.xceptance.xlt.report.util.lucene.BitUtilTest.[engine:junit-jupiter]/[class:com.xceptance.xlt.report.util.lucene.BitUtilTest]/[nested-class:SetOperationsTest]/[method:popXor()]
BitUtil.java,com.xceptance.xlt.report.util.lucene.BitUtil,org.pitest.mutationtest.engine.gregor.mutators.MathMutator,pop_xor,610,KILLED,com.xceptance.xlt.report.util.lucene.BitUtilTest.[engine:junit-jupiter]/[class:com.xceptance.xlt.report.util.lucene.BitUtilTest]/[nested-class:SetOperationsTest]/[method:popXor()]
BitUtil.java,com.xceptance.xlt.report.util.lucene.BitUtil,org.pitest.mutationtest.engine.gregor.mutators.MathMutator,pop_xor,611,KILLED,com.xceptance.xlt.report.util.lucene.BitUtilTest.[engine:junit-jupiter]/[class:com.xceptance.xlt.report.util.lucene.BitUtilTest]/[nested-class:SetOperationsTest]/[method:popXor()]
BitUtil.java,com.xceptance.xlt.report.util.lucene.BitUtil,org.pitest.mutationtest.engine.gregor.mutators.MathMutator,pop_xor,611,KILLED,com.xceptance.xlt.report.util.lucene.BitUtilTest.[engine:junit-jupiter]/[class:com.xceptance.xlt.report.util.lucene.BitUtilTest]/[nested-class:SetOperationsTest]/[method:popXor()]
BitUtil.java,com.xceptance.xlt.report.util.lucene.BitUtil,org.pitest.mutationtest.engine.gregor.mutators.MathMutator,pop_xor,611,KILLED,com.xceptance.xlt.report.util.lucene.BitUtilTest.[engine:junit-jupiter]/[class:com.xceptance.xlt.report.util.lucene.BitUtilTest]/[nested-class:SetOperationsTest]/[method:popXor()]
BitUtil.java,com.xceptance.xlt.report.util.lucene.BitUtil,org.pitest.mutationtest.engine.gregor.mutators.MathMutator,pop_xor,612,KILLED,com.xceptance.xlt.report.util.lucene.BitUtilTest.[engine:junit-jupiter]/[class:com.xceptance.xlt.report.util.lucene.BitUtilTest]/[nested-class:SetOperationsTest]/[method:popXor()]
BitUtil.java,com.xceptance.xlt.report.util.lucene.BitUtil,org.pitest.mutationtest.engine.gregor.mutators.MathMutator,pop_xor,617,KILLED,com.xceptance.xlt.report.util.lucene.BitUtilTest.[engine:junit-jupiter]/[class:com.xceptance.xlt.report.util.lucene.BitUtilTest]/[nested-class:SetOperationsTest]/[method:popXor()]
BitUtil.java,com.xceptance.xlt.report.util.lucene.BitUtil,org.pitest.mutationtest.engine.gregor.mutators.MathMutator,pop_xor,618,KILLED,com.xceptance.xlt.report.util.lucene.BitUtilTest.[engine:junit-jupiter]/[class:com.xceptance.xlt.report.util.lucene.BitUtilTest]/[nested-class:SetOperationsTest]/[method:popXor()]
BitUtil.java,com.xceptance.xlt.report.util.lucene.BitUtil,org.pitest.mutationtest.engine.gregor.mutators.MathMutator,pop_xor,618,KILLED,com.xceptance.xlt.report.util.lucene.BitUtilTest.[engine:junit-jupiter]/[class:com.xceptance.xlt.report.util.lucene.BitUtilTest]/[nested-class:SetOperationsTest]/[method:popXor()]
BitUtil.java,com.xceptance.xlt.report.util.lucene.BitUtil,org.pitest.mutationtest.engine.gregor.mutators.MathMutator,pop_xor,618,KILLED,com.xceptance.xlt.report.util.lucene.BitUtilTest.[engine:junit-jupiter]/[class:com.xceptance.xlt.report.util.lucene.BitUtilTest]/[nested-class:SetOperationsTest]/[method:popXor()]
BitUtil.java,com.xceptance.xlt.report.util.lucene.BitUtil,org.pitest.mutationtest.engine.gregor.mutators.MathMutator,pop_xor,619,KILLED,com.xceptance.xlt.report.util.lucene.BitUtilTest.[engine:junit-jupiter]/[class:com.xceptance.xlt.report.util.lucene.BitUtilTest]/[nested-class:SetOperationsTest]/[method:popXor()]
BitUtil.java,com.xceptance.xlt.report.util.lucene.BitUtil,org.pitest.mutationtest.engine.gregor.mutators.MathMutator,pop_xor,621,KILLED,com.xceptance.xlt.report.util.lucene.BitUtilTest.[engine:junit-jupiter]/[class:com.xceptance.xlt.report.util.lucene.BitUtilTest]/[nested-class:SetOperationsTest]/[method:popXor()]
BitUtil.java,com.xceptance.xlt.report.util.lucene.BitUtil,org.pitest.mutationtest.engine.gregor.mutators.MathMutator,pop_xor,625,KILLED,com.xceptance.xlt.report.util.lucene.BitUtilTest.[engine:junit-jupiter]/[class:com.xceptance.xlt.report.util.lucene.BitUtilTest]/[nested-class:SetOperationsTest]/[method:popXor()]
BitUtil.java,com.xceptance.xlt.report.util.lucene.BitUtil,org.pitest.mutationtest.engine.gregor.mutators.MathMutator,pop_xor,628,KILLED,com.xceptance.xlt.report.util.lucene.BitUtilTest.[engine:junit-jupiter]/[class:com.xceptance.xlt.report.util.lucene.BitUtilTest]/[nested-class:SetOperationsTest]/[method:popXor()]
BitUtil.java,com.xceptance.xlt.report.util.lucene.BitUtil,org.pitest.mutationtest.engine.gregor.mutators.MathMutator,pop_xor,628,KILLED,com.xceptance.xlt.report.util.lucene.BitUtilTest.[engine:junit-jupiter]/[class:com.xceptance.xlt.report.util.lucene.BitUtilTest]/[nested-class:SetOperationsTest]/[method:popXor()]
BitUtil.java,com.xceptance.xlt.report.util.lucene.BitUtil,org.pitest.mutationtest.engine.gregor.mutators.MathMutator,pop_xor,628,KILLED,com.xceptance.xlt.report.util.lucene.BitUtilTest.[engine:junit-jupiter]/[class:com.xceptance.xlt.report.util.lucene.BitUtilTest]/[nested-class:SetOperationsTest]/[method:popXor()]
BitUtil.java,com.xceptance.xlt.report.util.lucene.BitUtil,org.pitest.mutationtest.engine.gregor.mutators.MathMutator,pop_xor,628,KILLED,com.xceptance.xlt.report.util.lucene.BitUtilTest.[engine:junit-jupiter]/[class:com.xceptance.xlt.report.util.lucene.BitUtilTest]/[nested-class:SetOperationsTest]/[method:popXor()]
BitUtil.java,com.xceptance.xlt.report.util.lucene.BitUtil,org.pitest.mutationtest.engine.gregor.mutators.MathMutator,pop_xor,629,KILLED,com.xceptance.xlt.report.util.lucene.BitUtilTest.[engine:junit-jupiter]/[class:com.xceptance.xlt.report.util.lucene.BitUtilTest]/[nested-class:SetOperationsTest]/[method:popXor()]
BitUtil.java,com.xceptance.xlt.report.util.lucene.BitUtil,org.pitest.mutationtest.engine.gregor.mutators.MathMutator,pop_xor,630,KILLED,com.xceptance.xlt.report.util.lucene.BitUtilTest.[engine:junit-jupiter]/[class:com.xceptance.xlt.report.util.lucene.BitUtilTest]/[nested-class:SetOperationsTest]/[method:popXor()]
BitUtil.java,com.xceptance.xlt.report.util.lucene.BitUtil,org.pitest.mutationtest.engine.gregor.mutators.MathMutator,pop_xor,630,KILLED,com.xceptance.xlt.report.util.lucene.BitUtilTest.[engine:junit-jupiter]/[class:com.xceptance.xlt.report.util.lucene.BitUtilTest]/[nested-class:SetOperationsTest]/[method:popXor()]
BitUtil.java,com.xceptance.xlt.report.util.lucene.BitUtil,org.pitest.mutationtest.engine.gregor.mutators.MathMutator,pop_xor,630,KILLED,com.xceptance.xlt.report.util.lucene.BitUtilTest.[engine:junit-jupiter]/[class:com.xceptance.xlt.report.util.lucene.BitUtilTest]/[nested-class:SetOperationsTest]/[method:popXor()]
BitUtil.java,com.xceptance.xlt.report.util.lucene.BitUtil,org.pitest.mutationtest.engine.gregor.mutators.MathMutator,pop_xor,631,KILLED,com.xceptance.xlt.report.util.lucene.BitUtilTest.[engine:junit-jupiter]/[class:com.xceptance.xlt.report.util.lucene.BitUtilTest]/[nested-class:SetOperationsTest]/[method:popXor()]
BitUtil.java,com.xceptance.xlt.report.util.lucene.BitUtil,org.pitest.mutationtest.engine.gregor.mutators.MathMutator,pop_xor,634,KILLED,com.xceptance.xlt.report.util.lucene.BitUtilTest.[engine:junit-jupiter]/[class:com.xceptance.xlt.report.util.lucene.BitUtilTest]/[nested-class:SetOperationsTest]/[method:popXor()]
BitUtil.java,com.xceptance.xlt.report.util.lucene.BitUtil,org.pitest.mutationtest.engine.gregor.mutators.MathMutator,pop_xor,634,KILLED,com.xceptance.xlt.report.util.lucene.BitUtilTest.[engine:junit-jupiter]/[class:com.xceptance.xlt.report.util.lucene.BitUtilTest]/[nested-class:SetOperationsTest]/[method:popXor()]
BitUtil.java,com.xceptance.xlt.report.util.lucene.BitUtil,org.pitest.mutationtest.engine.gregor.mutators.MathMutator,pop_xor,634,KILLED,com.xceptance.xlt.report.util.lucene.BitUtilTest.[engine:junit-jupiter]/[class:com.xceptance.xlt.report.util.lucene.BitUtilTest]/[nested-class:SetOperationsTest]/[method:popXor()]
BitUtil.java,com.xceptance.xlt.report.util.lucene.BitUtil,org.pitest.mutationtest.engine.gregor.mutators.MathMutator,pop_xor,634,KILLED,com.xceptance.xlt.report.util.lucene.BitUtilTest.[engine:junit-jupiter]/[class:com.xceptance.xlt.report.util.lucene.BitUtilTest]/[nested-class:SetOperationsTest]/[method:popXor()]
BitUtil.java,com.xceptance.xlt.report.util.lucene.BitUtil,org.pitest.mutationtest.engine.gregor.mutators.MathMutator,pop_xor,634,KILLED,com.xceptance.xlt.report.util.lucene.BitUtilTest.[engine:junit-jupiter]/[class:com.xceptance.xlt.report.util.lucene.BitUtilTest]/[nested-class:SetOperationsTest]/[method:popXor()]
BitUtil.java,com.xceptance.xlt.report.util.lucene.BitUtil,org.pitest.mutationtest.engine.gregor.mutators.MathMutator,pop_xor,634,KILLED,com.xceptance.xlt.report.util.lucene.BitUtilTest.[engine:junit-jupiter]/[class:com.xceptance.xlt.report.util.lucene.BitUtilTest]/[nested-class:SetOperationsTest]/[method:popXor()]
BitUtil.java,com.xceptance.xlt.report.util.lucene.BitUtil,org.pitest.mutationtest.engine.gregor.mutators.MathMutator,pop_xor,635,KILLED,com.xceptance.xlt.report.util.lucene.BitUtilTest.[engine:junit-jupiter]/[class:com.xceptance.xlt.report.util.lucene.BitUtilTest]/[nested-class:SetOperationsTest]/[method:popXor()]
BitUtil.java,com.xceptance.xlt.report.util.lucene.BitUtil,org.pitest.mutationtest.engine.gregor.mutators.MathMutator,pop_xor,636,KILLED,com.xceptance.xlt.report.util.lucene.BitUtilTest.[engine:junit-jupiter]/[class:com.xceptance.xlt.report.util.lucene.BitUtilTest]/[nested-class:SetOperationsTest]/[method:popXor()]
BitUtil.java,com.xceptance.xlt.report.util.lucene.BitUtil,org.pitest.mutationtest.engine.gregor.mutators.MathMutator,pop_xor,636,KILLED,com.xceptance.xlt.report.util.lucene.BitUtilTest.[engine:junit-jupiter]/[class:com.xceptance.xlt.report.util.lucene.BitUtilTest]/[nested-class:SetOperationsTest]/[method:popXor()]
BitUtil.java,com.xceptance.xlt.report.util.lucene.BitUtil,org.pitest.mutationtest.engine.gregor.mutators.MathMutator,pop_xor,636,KILLED,com.xceptance.xlt.report.util.lucene.BitUtilTest.[engine:junit-jupiter]/[class:com.xceptance.xlt.report.util.lucene.BitUtilTest]/[nested-class:SetOperationsTest]/[method:popXor()]
BitUtil.java,com.xceptance.xlt.report.util.lucene.BitUtil,org.pitest.mutationtest.engine.gregor.mutators.MathMutator,pop_xor,637,KILLED,com.xceptance.xlt.report.util.lucene.BitUtilTest.[engine:junit-jupiter]/[class:com.xceptance.xlt.report.util.lucene.BitUtilTest]/[nested-class:SetOperationsTest]/[method:popXor()]
BitUtil.java,com.xceptance.xlt.report.util.lucene.BitUtil,org.pitest.mutationtest.engine.gregor.mutators.MathMutator,pop_xor,640,KILLED,com.xceptance.xlt.report.util.lucene.BitUtilTest.[engine:junit-jupiter]/[class:com.xceptance.xlt.report.util.lucene.BitUtilTest]/[nested-class:SetOperationsTest]/[method:popXor()]
BitUtil.java,com.xceptance.xlt.report.util.lucene.BitUtil,org.pitest.mutationtest.engine.gregor.mutators.MathMutator,pop_xor,641,KILLED,com.xceptance.xlt.report.util.lucene.BitUtilTest.[engine:junit-jupiter]/[class:com.xceptance.xlt.report.util.lucene.BitUtilTest]/[nested-class:SetOperationsTest]/[method:popXor()]
BitUtil.java,com.xceptance.xlt.report.util.lucene.BitUtil,org.pitest.mutationtest.engine.gregor.mutators.MathMutator,pop_xor,641,KILLED,com.xceptance.xlt.report.util.lucene.BitUtilTest.[engine:junit-jupiter]/[class:com.xceptance.xlt.report.util.lucene.BitUtilTest]/[nested-class:SetOperationsTest]/[method:popXor()]
BitUtil.java,com.xceptance.xlt.report.util.lucene.BitUtil,org.pitest.mutationtest.engine.gregor.mutators.MathMutator,pop_xor,641,KILLED,com.xceptance.xlt.report.util.lucene.BitUtilTest.[engine:junit-jupiter]/[class:com.xceptance.xlt.report.util.lucene.BitUtilTest]/[nested-class:SetOperationsTest]/[method:popXor()]
BitUtil.java,com.xceptance.xlt.report.util.lucene.BitUtil,org.pitest.mutationtest.engine.gregor.mutators.MathMutator,pop_xor,642,KILLED,com.xceptance.xlt.report.util.lucene.BitUtilTest.[engine:junit-jupiter]/[class:com.xceptance.xlt.report.util.lucene.BitUtilTest]/[nested-class:SetOperationsTest]/[method:popXor()]
BitUtil.java,com.xceptance.xlt.report.util.lucene.BitUtil,org.pitest.mutationtest.engine.gregor.mutators.MathMutator,pop_xor,644,KILLED,com.xceptance.xlt.report.util.lucene.BitUtilTest.[engine:junit-jupiter]/[class:com.xceptance.xlt.report.util.lucene.BitUtilTest]/[nested-class:SetOperationsTest]/[method:popXor()]
BitUtil.java,com.xceptance.xlt.report.util.lucene.BitUtil,org.pitest.mutationtest.engine.gregor.mutators.MathMutator,pop_xor,645,KILLED,com.xceptance.xlt.report.util.lucene.BitUtilTest.[engine:junit-jupiter]/[class:com.xceptance.xlt.report.util.lucene.BitUtilTest]/[nested-class:SetOperationsTest]/[method:popXor()]
BitUtil.java,com.xceptance.xlt.report.util.lucene.BitUtil,org.pitest.mutationtest.engine.gregor.mutators.MathMutator,pop_xor,647,KILLED,com.xceptance.xlt.report.util.lucene.BitUtilTest.[engine:junit-jupiter]/[class:com.xceptance.xlt.report.util.lucene.BitUtilTest]/[nested-class:SetOperationsTest]/[method:popXor()]
BitUtil.java,com.xceptance.xlt.report.util.lucene.BitUtil,org.pitest.mutationtest.engine.gregor.mutators.MathMutator,pop_xor,651,KILLED,com.xceptance.xlt.report.util.lucene.BitUtilTest.[engine:junit-jupiter]/[class:com.xceptance.xlt.report.util.lucene.BitUtilTest]/[nested-class:SetOperationsTest]/[method:setOperationsExactLengths()]
BitUtil.java,com.xceptance.xlt.report.util.lucene.BitUtil,org.pitest.mutationtest.engine.gregor.mutators.MathMutator,pop_xor,652,KILLED,com.xceptance.xlt.report.util.lucene.BitUtilTest.[engine:junit-jupiter]/[class:com.xceptance.xlt.report.util.lucene.BitUtilTest]/[nested-class:SetOperationsTest]/[method:popXor()]
BitUtil.java,com.xceptance.xlt.report.util.lucene.BitUtil,org.pitest.mutationtest.engine.gregor.mutators.MathMutator,pop_xor,652,KILLED,com.xceptance.xlt.report.util.lucene.BitUtilTest.[engine:junit-jupiter]/[class:com.xceptance.xlt.report.util.lucene.BitUtilTest]/[nested-class:SetOperationsTest]/[method:popXor()]
BitUtil.java,com.xceptance.xlt.report.util.lucene.BitUtil,org.pitest.mutationtest.engine.gregor.mutators.MathMutator,pop_xor,652,KILLED,com.xceptance.xlt.report.util.lucene.BitUtilTest.[engine:junit-jupiter]/[class:com.xceptance.xlt.report.util.lucene.BitUtilTest]/[nested-class:SetOperationsTest]/[method:popXor()]
BitUtil.java,com.xceptance.xlt.report.util.lucene.BitUtil,org.pitest.mutationtest.engine.gregor.mutators.MathMutator,pop_xor,652,KILLED,com.xceptance.xlt.report.util.lucene.BitUtilTest.[engine:junit-jupiter]/[class:com.xceptance.xlt.report.util.lucene.BitUtilTest]/[nested-class:SetOperationsTest]/[method:popXor()]
BitUtil.java,com.xceptance.xlt.report.util.lucene.BitUtil,org.pitest.mutationtest.engine.gregor.mutators.MathMutator,pop_xor,653,KILLED,com.xceptance.xlt.report.util.lucene.BitUtilTest.[engine:junit-jupiter]/[class:com.xceptance.xlt.report.util.lucene.BitUtilTest]/[nested-class:SetOperationsTest]/[method:popXor()]
BitUtil.java,com.xceptance.xlt.report.util.lucene.BitUtil,org.pitest.mutationtest.engine.gregor.mutators.MathMutator,pop_xor,654,KILLED,com.xceptance.xlt.report.util.lucene.BitUtilTest.[engine:junit-jupiter]/[class:com.xceptance.xlt.report.util.lucene.BitUtilTest]/[nested-class:SetOperationsTest]/[method:popXor()]
BitUtil.java,com.xceptance.xlt.report.util.lucene.BitUtil,org.pitest.mutationtest.engine.gregor.mutators.MathMutator,pop_xor,654,KILLED,com.xceptance.xlt.report.util.lucene.BitUtilTest.[engine:junit-jupiter]/[class:com.xceptance.xlt.report.util.lucene.BitUtilTest]/[nested-class:SetOperationsTest]/[method:popXor()]
BitUtil.java,com.xceptance.xlt.report.util.lucene.BitUtil,org.pitest.mutationtest.engine.gregor.mutators.MathMutator,pop_xor,654,KILLED,com.xceptance.xlt.report.util.lucene.BitUtilTest.[engine:junit-jupiter]/[class:com.xceptance.xlt.report.util.lucene.BitUtilTest]/[nested-class:SetOperationsTest]/[method:popXor()]
BitUtil.java,com.xceptance.xlt.report.util.lucene.BitUtil,org.pitest.mutationtest.engine.gregor.mutators.MathMutator,pop_xor,655,KILLED,com.xceptance.xlt.report.util.lucene.BitUtilTest.[engine:junit-jupiter]/[class:com.xceptance.xlt.report.util.lucene.BitUtilTest]/[nested-class:SetOperationsTest]/[method:popXor()]
BitUtil.java,com.xceptance.xlt.report.util.lucene.BitUtil,org.pitest.mutationtest.engine.gregor.mutators.MathMutator,pop_xor,657,KILLED,com.xceptance.xlt.report.util.lucene.BitUtilTest.[engine:junit-jupiter]/[class:com.xceptance.xlt.report.util.lucene.BitUtilTest]/[nested-class:SetOperationsTest]/[method:popXor()]
BitUtil.java,com.xceptance.xlt.report.util.lucene.BitUtil,org.pitest.mutationtest.engine.gregor.mutators.MathMutator,pop_xor,658,KILLED,com.xceptance.xlt.report.util.lucene.BitUtilTest.[engine:junit-jupiter]/[class:com.xceptance.xlt.report.util.lucene.BitUtilTest]/[nested-class:SetOperationsTest]/[method:popXor()]
BitUtil.java,com.xceptance.xlt.report.util.lucene.BitUtil,org.pitest.mutationtest.engine.gregor.mutators.MathMutator,pop_xor,660,KILLED,com.xceptance.xlt.report.util.lucene.BitUtilTest.[engine:junit-jupiter]/[class:com.xceptance.xlt.report.util.lucene.BitUtilTest]/[nested-class:SetOperationsTest]/[method:popXor()]
BitUtil.java,com.xceptance.xlt.report.util.lucene.BitUtil,org.pitest.mutationtest.engine.gregor.mutators.MathMutator,pop_xor,661,KILLED,com.xceptance.xlt.report.util.lucene.BitUtilTest.[engine:junit-jupiter]/[class:com.xceptance.xlt.report.util.lucene.BitUtilTest]/[nested-class:SetOperationsTest]/[method:popXor()]
BitUtil.java,com.xceptance.xlt.report.util.lucene.BitUtil,org.pitest.mutationtest.engine.gregor.mutators.MathMutator,pop_xor,663,KILLED,com.xceptance.xlt.report.util.lucene.BitUtilTest.[engine:junit-jupiter]/[class:com.xceptance.xlt.report.util.lucene.BitUtilTest]/[nested-class:SetOperationsTest]/[method:popXor()]
BitUtil.java,com.xceptance.xlt.report.util.lucene.BitUtil,org.pitest.mutationtest.engine.gregor.mutators.MathMutator,pop_xor,668,KILLED,com.xceptance.xlt.report.util.lucene.BitUtilTest.[engine:junit-jupiter]/[class:com.xceptance.xlt.report.util.lucene.BitUtilTest]/[nested-class:SetOperationsTest]/[method:popXor()]
BitUtil.java,com.xceptance.xlt.report.util.lucene.BitUtil,org.pitest.mutationtest.engine.gregor.mutators.MathMutator,pop_xor,668,KILLED,com.xceptance.xlt.report.util.lucene.BitUtilTest.[engine:junit-jupiter]/[class:com.xceptance.xlt.report.util.lucene.BitUtilTest]/[nested-class:SetOperationsTest]/[method:popXor()]
BitUtil.java,com.xceptance.xlt.report.util.lucene.BitUtil,org.pitest.mutationtest.engine.gregor.mutators.MathMutator,pop_xor,671,KILLED,com.xceptance.xlt.report.util.lucene.BitUtilTest.[engine:junit-jupiter]/[class:com.xceptance.xlt.report.util.lucene.BitUtilTest]/[nested-class:SetOperationsTest]/[method:popXor()]
BitUtil.java,com.xceptance.xlt.report.util.lucene.BitUtil,org.pitest.mutationtest.engine.gregor.mutators.MathMutator,pop_xor,672,KILLED,com.xceptance.xlt.report.util.lucene.BitUtilTest.[engine:junit-jupiter]/[class:com.xceptance.xlt.report.util.lucene.BitUtilTest]/[nested-class:SetOperationsTest]/[method:popXor()]
BitUtil.java,com.xceptance.xlt.report.util.lucene.BitUtil,org.pitest.mutationtest.engine.gregor.mutators.MathMutator,pop_xor,672,KILLED,com.xceptance.xlt.report.util.lucene.BitUtilTest.[engine:junit-jupiter]/[class:com.xceptance.xlt.report.util.lucene.BitUtilTest]/[nested-class:SetOperationsTest]/[method:popXor()]
BitUtil.java,com.xceptance.xlt.report.util.lucene.BitUtil,org.pitest.mutationtest.engine.gregor.mutators.MathMutator,pop_xor,673,KILLED,com.xceptance.xlt.report.util.lucene.BitUtilTest.[engine:junit-jupiter]/[class:com.xceptance.xlt.report.util.lucene.BitUtilTest]/[nested-class:SetOperationsTest]/[method:popXor()]
BitUtil.java,com.xceptance.xlt.report.util.lucene.BitUtil,org.pitest.mutationtest.engine.gregor.mutators.MathMutator,pop_xor,673,KILLED,com.xceptance.xlt.report.util.lucene.BitUtilTest.[engine:junit-jupiter]/[class:com.xceptance.xlt.report.util.lucene.BitUtilTest]/[nested-class:SetOperationsTest]/[method:popXor()]
BitUtil.java,com.xceptance.xlt.report.util.lucene.BitUtil,org.pitest.mutationtest.engine.gregor.mutators.MathMutator,pop_xor,673,KILLED,com.xceptance.xlt.report.util.lucene.BitUtilTest.[engine:junit-jupiter]/[class:com.xceptance.xlt.report.util.lucene.BitUtilTest]/[nested-class:SetOperationsTest]/[method:popXor()]
BitUtil.java,com.xceptance.xlt.report.util.lucene.BitUtil,org.pitest.mutationtest.engine.gregor.mutators.MathMutator,pop_xor,673,KILLED,com.xceptance.xlt.report.util.lucene.BitUtilTest.[engine:junit-jupiter]/[class:com.xceptance.xlt.report.util.lucene.BitUtilTest]/[nested-class:SetOperationsTest]/[method:popXor()]
BitUtil.java,com.xceptance.xlt.report.util.lucene.BitUtil,org.pitest.mutationtest.engine.gregor.mutators.NegateConditionalsMutator,pop_xor,565,KILLED,com.xceptance.xlt.report.util.lucene.BitUtilTest.[engine:junit-jupiter]/[class:com.xceptance.xlt.report.util.lucene.BitUtilTest]/[nested-class:SetOperationsTest]/[method:popXor()]
BitUtil.java,com.xceptance.xlt.report.util.lucene.BitUtil,org.pitest.mutationtest.engine.gregor.mutators.NegateConditionalsMutator,pop_xor,625,KILLED,com.xceptance.xlt.report.util.lucene.BitUtilTest.[engine:junit-jupiter]/[class:com.xceptance.xlt.report.util.lucene.BitUtilTest]/[nested-class:SetOperationsTest]/[method:popXor()]
BitUtil.java,com.xceptance.xlt.report.util.lucene.BitUtil,org.pitest.mutationtest.engine.gregor.mutators.NegateConditionalsMutator,pop_xor,651,KILLED,com.xceptance.xlt.report.util.lucene.BitUtilTest.[engine:junit-jupiter]/[class:com.xceptance.xlt.report.util.lucene.BitUtilTest]/[nested-class:SetOperationsTest]/[method:popXor()]
BitUtil.java,com.xceptance.xlt.report.util.lucene.BitUtil,org.pitest.mutationtest.engine.gregor.mutators.NegateConditionalsMutator,pop_xor,667,KILLED,com.xceptance.xlt.report.util.lucene.BitUtilTest.[engine:junit-jupiter]/[class:com.xceptance.xlt.report.util.lucene.BitUtilTest]/[nested-class:SetOperationsTest]/[method:popXor()]
BitUtil.java,com.xceptance.xlt.report.util.lucene.BitUtil,org.pitest.mutationtest.engine.gregor.mutators.returns.PrimitiveReturnsMutator,pop_xor,676,KILLED,com.xceptance.xlt.report.util.lucene.BitUtilTest.[engine:junit-jupiter]/[class:com.xceptance.xlt.report.util.lucene.BitUtilTest]/[nested-class:SetOperationsTest]/[method:popXor()]
IntTimeSeries.java,com.xceptance.xlt.report.util.rework.IntTimeSeries,org.pitest.mutationtest.engine.gregor.mutators.VoidMethodCallMutator,<init>,107,KILLED,com.xceptance.xlt.report.util.rework.IntTimeSeriesTest.[engine:junit-jupiter]/[class:com.xceptance.xlt.report.util.rework.IntTimeSeriesTest]/[nested-class:ToHistogramTest]/[method:addValueAtExactCapacityLimit()]
IntTimeSeries.java,com.xceptance.xlt.report.util.rework.IntTimeSeries,org.pitest.mutationtest.engine.gregor.mutators.VoidMethodCallMutator,addValue,178,KILLED,com.xceptance.xlt.report.util.rework.IntTimeSeriesTest.[engine:junit-jupiter]/[class:com.xceptance.xlt.report.util.rework.IntTimeSeriesTest]/[nested-class:ToHistogramTest]/[method:addValueAtExactCapacityLimit()]
IntTimeSeries.java,com.xceptance.xlt.report.util.rework.IntTimeSeries,org.pitest.mutationtest.engine.gregor.mutators.ConditionalsBoundaryMutator,addValue,132,SURVIVED,none
IntTimeSeries.java,com.xceptance.xlt.report.util.rework.IntTimeSeries,org.pitest.mutationtest.engine.gregor.mutators.ConditionalsBoundaryMutator,addValue,137,KILLED,com.xceptance.xlt.report.util.rework.IntTimeSeriesTest.[engine:junit-jupiter]/[class:com.xceptance.xlt.report.util.rework.IntTimeSeriesTest]/[nested-class:ToHistogramTest]/[method:addValueAtExactCapacityLimit()]
IntTimeSeries.java,com.xceptance.xlt.report.util.rework.IntTimeSeries,org.pitest.mutationtest.engine.gregor.mutators.ConditionalsBoundaryMutator,addValue,151,KILLED,com.xceptance.xlt.report.util.rework.IntTimeSeriesTest.[engine:junit-jupiter]/[class:com.xceptance.xlt.report.util.rework.IntTimeSeriesTest]/[nested-class:AddValueTest]/[method:durationConcurrency()]
IntTimeSeries.java,com.xceptance.xlt.report.util.rework.IntTimeSeries,org.pitest.mutationtest.engine.gregor.mutators.MathMutator,addValue,129,KILLED,com.xceptance.xlt.report.util.rework.IntTimeSeriesTest.[engine:junit-jupiter]/[class:com.xceptance.xlt.report.util.rework.IntTimeSeriesTest]/[nested-class:ToHistogramTest]/[method:addValueAtExactCapacityLimit()]
IntTimeSeries.java,com.xceptance.xlt.report.util.rework.IntTimeSeries,org.pitest.mutationtest.engine.gregor.mutators.MathMutator,addValue,130,KILLED,com.xceptance.xlt.report.util.rework.IntTimeSeriesTest.[engine:junit-jupiter]/[class:com.xceptance.xlt.report.util.rework.IntTimeSeriesTest]/[nested-class:ToHistogramTest]/[method:addValueAtExactCapacityLimit()]
IntTimeSeries.java,com.xceptance.xlt.report.util.rework.IntTimeSeries,org.pitest.mutationtest.engine.gregor.mutators.MathMutator,addValue,132,KILLED,com.xceptance.xlt.report.util.rework.IntTimeSeriesTest.[engine:junit-jupiter]/[class:com.xceptance.xlt.report.util.rework.IntTimeSeriesTest]/[nested-class:ToHistogramTest]/[method:addValueAtExactCapacityLimit()]
IntTimeSeries.java,com.xceptance.xlt.report.util.rework.IntTimeSeries,org.pitest.mutationtest.engine.gregor.mutators.MathMutator,addValue,137,KILLED,com.xceptance.xlt.report.util.rework.IntTimeSeriesTest.[engine:junit-jupiter]/[class:com.xceptance.xlt.report.util.rework.IntTimeSeriesTest]/[nested-class:CondensationTest]/[method:condenseOnForwardSpan()]
IntTimeSeries.java,com.xceptance.xlt.report.util.rework.IntTimeSeries,org.pitest.mutationtest.engine.gregor.mutators.MathMutator,addValue,143,KILLED,com.xceptance.xlt.report.util.rework.IntTimeSeriesTest.[engine:junit-jupiter]/[class:com.xceptance.xlt.report.util.rework.IntTimeSeriesTest]/[nested-class:ToHistogramTest]/[method:addValueAtExactCapacityLimit()]
IntTimeSeries.java,com.xceptance.xlt.report.util.rework.IntTimeSeries,org.pitest.mutationtest.engine.gregor.mutators.MathMutator,addValue,151,KILLED,com.xceptance.xlt.report.util.rework.IntTimeSeriesTest.[engine:junit-jupiter]/[class:com.xceptance.xlt.report.util.rework.IntTimeSeriesTest]/[nested-class:ToHistogramTest]/[method:addValueAtExactCapacityLimit()]
IntTimeSeries.java,com.xceptance.xlt.report.util.rework.IntTimeSeries,org.pitest.mutationtest.engine.gregor.mutators.MathMutator,addValue,153,KILLED,com.xceptance.xlt.report.util.rework.IntTimeSeriesTest.[engine:junit-jupiter]/[class:com.xceptance.xlt.report.util.rework.IntTimeSeriesTest]/[nested-class:AddValueTest]/[method:durationConcurrency()]
IntTimeSeries.java,com.xceptance.xlt.report.util.rework.IntTimeSeries,org.pitest.mutationtest.engine.gregor.mutators.MathMutator,addValue,151,KILLED,com.xceptance.xlt.report.util.rework.IntTimeSeriesTest.[engine:junit-jupiter]/[class:com.xceptance.xlt.report.util.rework.IntTimeSeriesTest]/[nested-class:AddValueTest]/[method:durationConcurrency()]
IntTimeSeries.java,com.xceptance.xlt.report.util.rework.IntTimeSeries,org.pitest.mutationtest.engine.gregor.mutators.MathMutator,addValue,159,KILLED,com.xceptance.xlt.report.util.rework.IntTimeSeriesTest.[engine:junit-jupiter]/[class:com.xceptance.xlt.report.util.rework.IntTimeSeriesTest]/[nested-class:AddValueTest]/[method:statisticsAndStdDev()]
IntTimeSeries.java,com.xceptance.xlt.report.util.rework.IntTimeSeries,org.pitest.mutationtest.engine.gregor.mutators.NegateConditionalsMutator,addValue,132,KILLED,com.xceptance.xlt.report.util.rework.IntTimeSeriesTest.[engine:junit-jupiter]/[class:com.xceptance.xlt.report.util.rework.IntTimeSeriesTest]/[nested-class:ToHistogramTest]/[method:addValueAtExactCapacityLimit()]
IntTimeSeries.java,com.xceptance.xlt.report.util.rework.IntTimeSeries,org.pitest.mutationtest.engine.gregor.mutators.NegateConditionalsMutator,addValue,137,KILLED,com.xceptance.xlt.report.util.rework.IntTimeSeriesTest.[engine:junit-jupiter]/[class:com.xceptance.xlt.report.util.rework.IntTimeSeriesTest]/[nested-class:ToHistogramTest]/[method:addValueAtExactCapacityLimit()]
IntTimeSeries.java,com.xceptance.xlt.report.util.rework.IntTimeSeries,org.pitest.mutationtest.engine.gregor.mutators.NegateConditionalsMutator,addValue,151,KILLED,com.xceptance.xlt.report.util.rework.IntTimeSeriesTest.[engine:junit-jupiter]/[class:com.xceptance.xlt.report.util.rework.IntTimeSeriesTest]/[nested-class:ToHistogramTest]/[method:addValueAtExactCapacityLimit()]
IntTimeSeries.java,com.xceptance.xlt.report.util.rework.IntTimeSeries,org.pitest.mutationtest.engine.gregor.mutators.VoidMethodCallMutator,addValue,134,KILLED,com.xceptance.xlt.report.util.rework.IntTimeSeriesTest.[engine:junit-jupiter]/[class:com.xceptance.xlt.report.util.rework.IntTimeSeriesTest]/[nested-class:ShiftRightTest]/[method:shiftRightMultipleTimes()]
IntTimeSeries.java,com.xceptance.xlt.report.util.rework.IntTimeSeries,org.pitest.mutationtest.engine.gregor.mutators.VoidMethodCallMutator,addValue,140,KILLED,com.xceptance.xlt.report.util.rework.IntTimeSeriesTest.[engine:junit-jupiter]/[class:com.xceptance.xlt.report.util.rework.IntTimeSeriesTest]/[nested-class:ToHistogramTest]/[method:addValueAtExactCapacityLimit()]
IntTimeSeries.java,com.xceptance.xlt.report.util.rework.IntTimeSeries,org.pitest.mutationtest.engine.gregor.mutators.VoidMethodCallMutator,addValue,144,KILLED,com.xceptance.xlt.report.util.rework.IntTimeSeriesTest.[engine:junit-jupiter]/[class:com.xceptance.xlt.report.util.rework.IntTimeSeriesTest]/[nested-class:AddValueTest]/[method:durationConcurrency()]
IntTimeSeries.java,com.xceptance.xlt.report.util.rework.IntTimeSeries,org.pitest.mutationtest.engine.gregor.mutators.VoidMethodCallMutator,addValue,154,KILLED,com.xceptance.xlt.report.util.rework.IntTimeSeriesTest.[engine:junit-jupiter]/[class:com.xceptance.xlt.report.util.rework.IntTimeSeriesTest]/[nested-class:AddValueTest]/[method:durationConcurrency()]
IntTimeSeries.java,com.xceptance.xlt.report.util.rework.IntTimeSeries,org.pitest.mutationtest.engine.gregor.mutators.VoidMethodCallMutator,addValue,162,KILLED,com.xceptance.xlt.report.util.rework.IntTimeSeriesTest.[engine:junit-jupiter]/[class:com.xceptance.xlt.report.util.rework.IntTimeSeriesTest]/[nested-class:AddValueTest]/[method:singleValue()]
IntTimeSeries.java,com.xceptance.xlt.report.util.rework.IntTimeSeries,org.pitest.mutationtest.engine.gregor.mutators.MathMutator,adjustToScale,190,KILLED,com.xceptance.xlt.report.util.rework.IntTimeSeriesTest.[engine:junit-jupiter]/[class:com.xceptance.xlt.report.util.rework.IntTimeSeriesTest]/[nested-class:AddValueTest]/[method:durationConcurrency()]
IntTimeSeries.java,com.xceptance.xlt.report.util.rework.IntTimeSeries,org.pitest.mutationtest.engine.gregor.mutators.MathMutator,adjustToScale,190,KILLED,com.xceptance.xlt.report.util.rework.IntTimeSeriesTest.[engine:junit-jupiter]/[class:com.xceptance.xlt.report.util.rework.IntTimeSeriesTest]/[nested-class:ToHistogramTest]/[method:addValueAtExactCapacityLimit()]
IntTimeSeries.java,com.xceptance.xlt.report.util.rework.IntTimeSeries,org.pitest.mutationtest.engine.gregor.mutators.returns.PrimitiveReturnsMutator,adjustToScale,190,KILLED,com.xceptance.xlt.report.util.rework.IntTimeSeriesTest.[engine:junit-jupiter]/[class:com.xceptance.xlt.report.util.rework.IntTimeSeriesTest]/[nested-class:AddValueTest]/[method:durationConcurrency()]
IntTimeSeries.java,com.xceptance.xlt.report.util.rework.IntTimeSeries,org.pitest.mutationtest.engine.gregor.mutators.VoidMethodCallMutator,calculateOverviewData,411,KILLED,com.xceptance.xlt.report.util.rework.IntTimeSeriesTest.[engine:junit-jupiter]/[class:com.xceptance.xlt.report.util.rework.IntTimeSeriesTest]/[nested-class:ShiftRightTest]/[method:shiftRightMultipleTimes()]
IntTimeSeries.java,com.xceptance.xlt.report.util.rework.IntTimeSeries,org.pitest.mutationtest.engine.gregor.mutators.returns.NullReturnValsMutator,calculateOverviewData,425,KILLED,com.xceptance.xlt.report.util.rework.IntTimeSeriesTest.[engine:junit-jupiter]/[class:com.xceptance.xlt.report.util.rework.IntTimeSeriesTest]/[nested-class:ShiftRightTest]/[method:shiftRightMultipleTimes()]
IntTimeSeries.java,com.xceptance.xlt.report.util.rework.IntTimeSeries,org.pitest.mutationtest.engine.gregor.mutators.ConditionalsBoundaryMutator,condense,238,SURVIVED,none
IntTimeSeries.java,com.xceptance.xlt.report.util.rework.IntTimeSeries,org.pitest.mutationtest.engine.gregor.mutators.ConditionalsBoundaryMutator,condense,244,KILLED,com.xceptance.xlt.report.util.rework.IntTimeSeriesTest.[engine:junit-jupiter]/[class:com.xceptance.xlt.report.util.rework.IntTimeSeriesTest]/[nested-class:ToHistogramTest]/[method:addValueAtExactCapacityLimit()]
IntTimeSeries.java,com.xceptance.xlt.report.util.rework.IntTimeSeries,org.pitest.mutationtest.engine.gregor.mutators.ConditionalsBoundaryMutator,condense,257,KILLED,com.xceptance.xlt.report.util.rework.IntTimeSeriesTest.[engine:junit-jupiter]/[class:com.xceptance.xlt.report.util.rework.IntTimeSeriesTest]/[nested-class:ToHistogramTest]/[method:condenseRepeatsAtBoundary()]
IntTimeSeries.java,com.xceptance.xlt.report.util.rework.IntTimeSeries,org.pitest.mutationtest.engine.gregor.mutators.IncrementsMutator,condense,242,KILLED,com.xceptance.xlt.report.util.rework.IntTimeSeriesTest.[engine:junit-jupiter]/[class:com.xceptance.xlt.report.util.rework.IntTimeSeriesTest]/[nested-class:ToHistogramTest]/[method:addValueAtExactCapacityLimit()]
IntTimeSeries.java,com.xceptance.xlt.report.util.rework.IntTimeSeries,org.pitest.mutationtest.engine.gregor.mutators.MathMutator,condense,238,KILLED,com.xceptance.xlt.report.util.rework.IntTimeSeriesTest.[engine:junit-jupiter]/[class:com.xceptance.xlt.report.util.rework.IntTimeSeriesTest]/[nested-class:ToHistogramTest]/[method:addValueAtExactCapacityLimit()]
IntTimeSeries.java,com.xceptance.xlt.report.util.rework.IntTimeSeries,org.pitest.mutationtest.engine.gregor.mutators.MathMutator,condense,241,KILLED,com.xceptance.xlt.report.util.rework.IntTimeSeriesTest.[engine:junit-jupiter]/[class:com.xceptance.xlt.report.util.rework.IntTimeSeriesTest]/[nested-class:ToHistogramTest]/[method:addValueAtExactCapacityLimit()]
IntTimeSeries.java,com.xceptance.xlt.report.util.rework.IntTimeSeries,org.pitest.mutationtest.engine.gregor.mutators.MathMutator,condense,238,KILLED,com.xceptance.xlt.report.util.rework.IntTimeSeriesTest.[engine:junit-jupiter]/[class:com.xceptance.xlt.report.util.rework.IntTimeSeriesTest]/[nested-class:ToHistogramTest]/[method:addValueAtExactCapacityLimit()]
IntTimeSeries.java,com.xceptance.xlt.report.util.rework.IntTimeSeries,org.pitest.mutationtest.engine.gregor.mutators.MathMutator,condense,249,KILLED,com.xceptance.xlt.report.util.rework.IntTimeSeriesTest.[engine:junit-jupiter]/[class:com.xceptance.xlt.report.util.rework.IntTimeSeriesTest]/[nested-class:ToHistogramTest]/[method:addValueAtExactCapacityLimit()]
IntTimeSeries.java,com.xceptance.xlt.report.util.rework.IntTimeSeries,org.pitest.mutationtest.engine.gregor.mutators.MathMutator,condense,254,KILLED,com.xceptance.xlt.report.util.rework.IntTimeSeriesTest.[engine:junit-jupiter]/[class:com.xceptance.xlt.report.util.rework.IntTimeSeriesTest]/[nested-class:ToHistogramTest]/[method:condenseRepeatsAtBoundary()]
IntTimeSeries.java,com.xceptance.xlt.report.util.rework.IntTimeSeries,org.pitest.mutationtest.engine.gregor.mutators.MathMutator,condense,255,KILLED,com.xceptance.xlt.report.util.rework.IntTimeSeriesTest.[engine:junit-jupiter]/[class:com.xceptance.xlt.report.util.rework.IntTimeSeriesTest]/[nested-class:ToHistogramTest]/[method:condenseUpdatesLastPosUsed()]
IntTimeSeries.java,com.xceptance.xlt.report.util.rework.IntTimeSeries,org.pitest.mutationtest.engine.gregor.mutators.MathMutator,condense,257,TIMED_OUT,none
IntTimeSeries.java,com.xceptance.xlt.report.util.rework.IntTimeSeries,org.pitest.mutationtest.engine.gregor.mutators.NegateConditionalsMutator,condense,238,KILLED,com.xceptance.xlt.report.util.rework.IntTimeSeriesTest.[engine:junit-jupiter]/[class:com.xceptance.xlt.report.util.rework.IntTimeSeriesTest]/[nested-class:CondensationTest]/[method:multiStepCondensation()]
IntTimeSeries.java,com.xceptance.xlt.report.util.rework.IntTimeSeries,org.pitest.mutationtest.engine.gregor.mutators.NegateConditionalsMutator,condense,244,KILLED,com.xceptance.xlt.report.util.rework.IntTimeSeriesTest.[engine:junit-jupiter]/[class:com.xceptance.xlt.report.util.rework.IntTimeSeriesTest]/[nested-class:CondensationTest]/[method:multiStepCondensation()]
IntTimeSeries.java,com.xceptance.xlt.report.util.rework.IntTimeSeries,org.pitest.mutationtest.engine.gregor.mutators.NegateConditionalsMutator,condense,257,KILLED,com.xceptance.xlt.report.util.rework.IntTimeSeriesTest.[engine:junit-jupiter]/[class:com.xceptance.xlt.report.util.rework.IntTimeSeriesTest]/[nested-class:ToHistogramTest]/[method:addValueAtExactCapacityLimit()]
IntTimeSeries.java,com.xceptance.xlt.report.util.rework.IntTimeSeries,org.pitest.mutationtest.engine.gregor.mutators.MathMutator,expandToSeconds,195,KILLED,com.xceptance.xlt.report.util.rework.IntTimeSeriesTest.[engine:junit-jupiter]/[class:com.xceptance.xlt.report.util.rework.IntTimeSeriesTest]/[nested-class:ToHistogramTest]/[method:addValueAtExactCapacityLimit()]
IntTimeSeries.java,com.xceptance.xlt.report.util.rework.IntTimeSeries,org.pitest.mutationtest.engine.gregor.mutators.MathMutator,expandToSeconds,195,TIMED_OUT,none
IntTimeSeries.java,com.xceptance.xlt.report.util.rework.IntTimeSeries,org.pitest.mutationtest.engine.gregor.mutators.returns.PrimitiveReturnsMutator,expandToSeconds,195,TIMED_OUT,none
IntTimeSeries.java,com.xceptance.xlt.report.util.rework.IntTimeSeries,org.pitest.mutationtest.engine.gregor.mutators.returns.PrimitiveReturnsMutator,getCount,338,KILLED,com.xceptance.xlt.report.util.rework.IntTimeSeriesTest.[engine:junit-jupiter]/[class:com.xceptance.xlt.report.util.rework.IntTimeSeriesTest]/[nested-class:ShiftRightTest]/[method:shiftRightMultipleTimes()]
IntTimeSeries.java,com.xceptance.xlt.report.util.rework.IntTimeSeries,org.pitest.mutationtest.engine.gregor.mutators.returns.PrimitiveReturnsMutator,getErrorCount,360,KILLED,com.xceptance.xlt.report.util.rework.IntTimeSeriesTest.[engine:junit-jupiter]/[class:com.xceptance.xlt.report.util.rework.IntTimeSeriesTest]/[nested-class:AddValueTest]/[method:statisticsAndStdDev()]
IntTimeSeries.java,com.xceptance.xlt.report.util.rework.IntTimeSeries,org.pitest.mutationtest.engine.gregor.mutators.NegateConditionalsMutator,getFirstSecond,267,KILLED,com.xceptance.xlt.report.util.rework.IntTimeSeriesTest.[engine:junit-jupiter]/[class:com.xceptance.xlt.report.util.rework.IntTimeSeriesTest]/[nested-class:AddValueTest]/[method:durationConcurrency()]
IntTimeSeries.java,com.xceptance.xlt.report.util.rework.IntTimeSeries,org.pitest.mutationtest.engine.gregor.mutators.returns.PrimitiveReturnsMutator,getFirstSecond,272,KILLED,com.xceptance.xlt.report.util.rework.IntTimeSeriesTest.[engine:junit-jupiter]/[class:com.xceptance.xlt.report.util.rework.IntTimeSeriesTest]/[nested-class:AddValueTest]/[method:durationConcurrency()]
IntTimeSeries.java,com.xceptance.xlt.report.util.rework.IntTimeSeries,org.pitest.mutationtest.engine.gregor.mutators.MathMutator,getLastSecond,287,KILLED,com.xceptance.xlt.report.util.rework.IntTimeSeriesTest.[engine:junit-jupiter]/[class:com.xceptance.xlt.report.util.rework.IntTimeSeriesTest]/[nested-class:AddValueTest]/[method:durationConcurrency()]
IntTimeSeries.java,com.xceptance.xlt.report.util.rework.IntTimeSeries,org.pitest.mutationtest.engine.gregor.mutators.NegateConditionalsMutator,getLastSecond,282,KILLED,com.xceptance.xlt.report.util.rework.IntTimeSeriesTest.[engine:junit-jupiter]/[class:com.xceptance.xlt.report.util.rework.IntTimeSeriesTest]/[nested-class:AddValueTest]/[method:durationConcurrency()]
IntTimeSeries.java,com.xceptance.xlt.report.util.rework.IntTimeSeries,org.pitest.mutationtest.engine.gregor.mutators.returns.PrimitiveReturnsMutator,getLastSecond,287,KILLED,com.xceptance.xlt.report.util.rework.IntTimeSeriesTest.[engine:junit-jupiter]/[class:com.xceptance.xlt.report.util.rework.IntTimeSeriesTest]/[nested-class:AddValueTest]/[method:durationConcurrency()]
IntTimeSeries.java,com.xceptance.xlt.report.util.rework.IntTimeSeries,org.pitest.mutationtest.engine.gregor.mutators.MathMutator,getMean,443,KILLED,com.xceptance.xlt.report.util.rework.IntTimeSeriesTest.[engine:junit-jupiter]/[class:com.xceptance.xlt.report.util.rework.IntTimeSeriesTest]/[nested-class:AddValueTest]/[method:statisticsAndStdDev()]
IntTimeSeries.java,com.xceptance.xlt.report.util.rework.IntTimeSeries,org.pitest.mutationtest.engine.gregor.mutators.NegateConditionalsMutator,getMean,438,KILLED,com.xceptance.xlt.report.util.rework.IntTimeSeriesTest.[engine:junit-jupiter]/[class:com.xceptance.xlt.report.util.rework.IntTimeSeriesTest]/[nested-class:AddValueTest]/[method:statisticsAndStdDev()]
IntTimeSeries.java,com.xceptance.xlt.report.util.rework.IntTimeSeries,org.pitest.mutationtest.engine.gregor.mutators.returns.PrimitiveReturnsMutator,getMean,443,KILLED,com.xceptance.xlt.report.util.rework.IntTimeSeriesTest.[engine:junit-jupiter]/[class:com.xceptance.xlt.report.util.rework.IntTimeSeriesTest]/[nested-class:AddValueTest]/[method:statisticsAndStdDev()]
IntTimeSeries.java,com.xceptance.xlt.report.util.rework.IntTimeSeries,org.pitest.mutationtest.engine.gregor.mutators.returns.PrimitiveReturnsMutator,getPercentile,381,KILLED,com.xceptance.xlt.report.util.rework.IntTimeSeriesTest.[engine:junit-jupiter]/[class:com.xceptance.xlt.report.util.rework.IntTimeSeriesTest]/[nested-class:AddValueTest]/[method:singleValue()]
IntTimeSeries.java,com.xceptance.xlt.report.util.rework.IntTimeSeries,org.pitest.mutationtest.engine.gregor.mutators.returns.PrimitiveReturnsMutator,getScale,297,KILLED,com.xceptance.xlt.report.util.rework.IntTimeSeriesTest.[engine:junit-jupiter]/[class:com.xceptance.xlt.report.util.rework.IntTimeSeriesTest]/[nested-class:CondensationTest]/[method:condenseOnForwardSpan()]
IntTimeSeries.java,com.xceptance.xlt.report.util.rework.IntTimeSeries,org.pitest.mutationtest.engine.gregor.mutators.returns.PrimitiveReturnsMutator,getSize,317,KILLED,com.xceptance.xlt.report.util.rework.IntTimeSeriesTest.[engine:junit-jupiter]/[class:com.xceptance.xlt.report.util.rework.IntTimeSeriesTest]/[nested-class:ConstructionTest]/[method:customSize()]
IntTimeSeries.java,com.xceptance.xlt.report.util.rework.IntTimeSeries,org.pitest.mutationtest.engine.gregor.mutators.MathMutator,getSlotWidth,307,KILLED,com.xceptance.xlt.report.util.rework.IntTimeSeriesTest.[engine:junit-jupiter]/[class:com.xceptance.xlt.report.util.rework.IntTimeSeriesTest]/[nested-class:ToHistogramTest]/[method:addValueAtExactCapacityLimit()]
IntTimeSeries.java,com.xceptance.xlt.report.util.rework.IntTimeSeries,org.pitest.mutationtest.engine.gregor.mutators.MathMutator,getSlotWidth,307,KILLED,com.xceptance.xlt.report.util.rework.IntTimeSeriesTest.[engine:junit-jupiter]/[class:com.xceptance.xlt.report.util.rework.IntTimeSeriesTest]/[nested-class:ToHistogramTest]/[method:addValueAtExactCapacityLimit()]
IntTimeSeries.java,com.xceptance.xlt.report.util.rework.IntTimeSeries,org.pitest.mutationtest.engine.gregor.mutators.returns.PrimitiveReturnsMutator,getSlotWidth,307,KILLED,com.xceptance.xlt.report.util.rework.IntTimeSeriesTest.[engine:junit-jupiter]/[class:com.xceptance.xlt.report.util.rework.IntTimeSeriesTest]/[nested-class:ToHistogramTest]/[method:addValueAtExactCapacityLimit()]
IntTimeSeries.java,com.xceptance.xlt.report.util.rework.IntTimeSeries,org.pitest.mutationtest.engine.gregor.mutators.MathMutator,getStandardDeviation,398,KILLED,com.xceptance.xlt.report.util.rework.IntTimeSeriesTest.[engine:junit-jupiter]/[class:com.xceptance.xlt.report.util.rework.IntTimeSeriesTest]/[nested-class:AddValueTest]/[method:statisticsAndStdDev()]
IntTimeSeries.java,com.xceptance.xlt.report.util.rework.IntTimeSeries,org.pitest.mutationtest.engine.gregor.mutators.MathMutator,getStandardDeviation,400,KILLED,com.xceptance.xlt.report.util.rework.IntTimeSeriesTest.[engine:junit-jupiter]/[class:com.xceptance.xlt.report.util.rework.IntTimeSeriesTest]/[nested-class:AddValueTest]/[method:statisticsAndStdDev()]
IntTimeSeries.java,com.xceptance.xlt.report.util.rework.IntTimeSeries,org.pitest.mutationtest.engine.gregor.mutators.MathMutator,getStandardDeviation,400,KILLED,com.xceptance.xlt.report.util.rework.IntTimeSeriesTest.[engine:junit-jupiter]/[class:com.xceptance.xlt.report.util.rework.IntTimeSeriesTest]/[nested-class:AddValueTest]/[method:statisticsAndStdDev()]
IntTimeSeries.java,com.xceptance.xlt.report.util.rework.IntTimeSeries,org.pitest.mutationtest.engine.gregor.mutators.MathMutator,getStandardDeviation,400,KILLED,com.xceptance.xlt.report.util.rework.IntTimeSeriesTest.[engine:junit-jupiter]/[class:com.xceptance.xlt.report.util.rework.IntTimeSeriesTest]/[nested-class:AddValueTest]/[method:statisticsAndStdDev()]
IntTimeSeries.java,com.xceptance.xlt.report.util.rework.IntTimeSeries,org.pitest.mutationtest.engine.gregor.mutators.NegateConditionalsMutator,getStandardDeviation,394,KILLED,com.xceptance.xlt.report.util.rework.IntTimeSeriesTest.[engine:junit-jupiter]/[class:com.xceptance.xlt.report.util.rework.IntTimeSeriesTest]/[nested-class:AddValueTest]/[method:statisticsAndStdDev()]
IntTimeSeries.java,com.xceptance.xlt.report.util.rework.IntTimeSeries,org.pitest.mutationtest.engine.gregor.mutators.returns.PrimitiveReturnsMutator,getStandardDeviation,400,KILLED,com.xceptance.xlt.report.util.rework.IntTimeSeriesTest.[engine:junit-jupiter]/[class:com.xceptance.xlt.report.util.rework.IntTimeSeriesTest]/[nested-class:AddValueTest]/[method:statisticsAndStdDev()]
IntTimeSeries.java,com.xceptance.xlt.report.util.rework.IntTimeSeries,org.pitest.mutationtest.engine.gregor.mutators.returns.NullReturnValsMutator,getStatistics,327,KILLED,com.xceptance.xlt.report.util.rework.IntTimeSeriesTest.[engine:junit-jupiter]/[class:com.xceptance.xlt.report.util.rework.IntTimeSeriesTest]/[nested-class:AddValueTest]/[method:statisticsAndStdDev()]
IntTimeSeries.java,com.xceptance.xlt.report.util.rework.IntTimeSeries,org.pitest.mutationtest.engine.gregor.mutators.returns.PrimitiveReturnsMutator,getTotalValue,349,KILLED,com.xceptance.xlt.report.util.rework.IntTimeSeriesTest.[engine:junit-jupiter]/[class:com.xceptance.xlt.report.util.rework.IntTimeSeriesTest]/[nested-class:ShiftRightTest]/[method:shiftRightMultipleTimes()]
IntTimeSeries.java,com.xceptance.xlt.report.util.rework.IntTimeSeries,org.pitest.mutationtest.engine.gregor.mutators.returns.NullReturnValsMutator,getValues,370,KILLED,com.xceptance.xlt.report.util.rework.IntTimeSeriesTest.[engine:junit-jupiter]/[class:com.xceptance.xlt.report.util.rework.IntTimeSeriesTest]/[nested-class:AddValueTest]/[method:durationConcurrency()]
IntTimeSeries.java,com.xceptance.xlt.report.util.rework.IntTimeSeries,org.pitest.mutationtest.engine.gregor.mutators.MathMutator,lambda$calculateOverviewData$0,418,KILLED,com.xceptance.xlt.report.util.rework.IntTimeSeriesTest.[engine:junit-jupiter]/[class:com.xceptance.xlt.report.util.rework.IntTimeSeriesTest]/[nested-class:ShiftRightTest]/[method:shiftRightMultipleTimes()]
IntTimeSeries.java,com.xceptance.xlt.report.util.rework.IntTimeSeries,org.pitest.mutationtest.engine.gregor.mutators.MathMutator,lambda$calculateOverviewData$0,419,KILLED,com.xceptance.xlt.report.util.rework.IntTimeSeriesTest.[engine:junit-jupiter]/[class:com.xceptance.xlt.report.util.rework.IntTimeSeriesTest]/[nested-class:ShiftRightTest]/[method:shiftRightMultipleTimes()]
IntTimeSeries.java,com.xceptance.xlt.report.util.rework.IntTimeSeries,org.pitest.mutationtest.engine.gregor.mutators.MathMutator,lambda$calculateOverviewData$0,420,KILLED,com.xceptance.xlt.report.util.rework.IntTimeSeriesTest.[engine:junit-jupiter]/[class:com.xceptance.xlt.report.util.rework.IntTimeSeriesTest]/[nested-class:AddValueTest]/[method:statisticsAndStdDev()]
IntTimeSeries.java,com.xceptance.xlt.report.util.rework.IntTimeSeries,org.pitest.mutationtest.engine.gregor.mutators.NegateConditionalsMutator,lambda$calculateOverviewData$0,414,KILLED,com.xceptance.xlt.report.util.rework.IntTimeSeriesTest.[engine:junit-jupiter]/[class:com.xceptance.xlt.report.util.rework.IntTimeSeriesTest]/[nested-class:ShiftRightTest]/[method:shiftRightMultipleTimes()]
IntTimeSeries.java,com.xceptance.xlt.report.util.rework.IntTimeSeries,org.pitest.mutationtest.engine.gregor.mutators.returns.NullReturnValsMutator,lambda$new$0,107,KILLED,com.xceptance.xlt.report.util.rework.IntTimeSeriesTest.[engine:junit-jupiter]/[class:com.xceptance.xlt.report.util.rework.IntTimeSeriesTest]/[nested-class:ToHistogramTest]/[method:addValueAtExactCapacityLimit()]
IntTimeSeries.java,com.xceptance.xlt.report.util.rework.IntTimeSeries,org.pitest.mutationtest.engine.gregor.mutators.ConditionalsBoundaryMutator,shiftRight,209,KILLED,com.xceptance.xlt.report.util.rework.IntTimeSeriesTest.[engine:junit-jupiter]/[class:com.xceptance.xlt.report.util.rework.IntTimeSeriesTest]/[nested-class:ToHistogramTest]/[method:shiftRightExactBoundaryCondense()]
IntTimeSeries.java,com.xceptance.xlt.report.util.rework.IntTimeSeries,org.pitest.mutationtest.engine.gregor.mutators.ConditionalsBoundaryMutator,shiftRight,221,KILLED,com.xceptance.xlt.report.util.rework.IntTimeSeriesTest.[engine:junit-jupiter]/[class:com.xceptance.xlt.report.util.rework.IntTimeSeriesTest]/[nested-class:ShiftRightTest]/[method:shiftRightMultipleTimes()]
IntTimeSeries.java,com.xceptance.xlt.report.util.rework.IntTimeSeries,org.pitest.mutationtest.engine.gregor.mutators.MathMutator,shiftRight,208,KILLED,com.xceptance.xlt.report.util.rework.IntTimeSeriesTest.[engine:junit-jupiter]/[class:com.xceptance.xlt.report.util.rework.IntTimeSeriesTest]/[nested-class:ShiftRightTest]/[method:shiftRightMultipleTimes()]
IntTimeSeries.java,com.xceptance.xlt.report.util.rework.IntTimeSeries,org.pitest.mutationtest.engine.gregor.mutators.MathMutator,shiftRight,209,KILLED,com.xceptance.xlt.report.util.rework.IntTimeSeriesTest.[engine:junit-jupiter]/[class:com.xceptance.xlt.report.util.rework.IntTimeSeriesTest]/[nested-class:ToHistogramTest]/[method:shiftRightExactBoundaryCondense()]
IntTimeSeries.java,com.xceptance.xlt.report.util.rework.IntTimeSeries,org.pitest.mutationtest.engine.gregor.mutators.MathMutator,shiftRight,214,SURVIVED,none
IntTimeSeries.java,com.xceptance.xlt.report.util.rework.IntTimeSeries,org.pitest.mutationtest.engine.gregor.mutators.MathMutator,shiftRight,217,KILLED,com.xceptance.xlt.report.util.rework.IntTimeSeriesTest.[engine:junit-jupiter]/[class:com.xceptance.xlt.report.util.rework.IntTimeSeriesTest]/[nested-class:ShiftRightTest]/[method:shiftRightMultipleTimes()]
IntTimeSeries.java,com.xceptance.xlt.report.util.rework.IntTimeSeries,org.pitest.mutationtest.engine.gregor.mutators.MathMutator,shiftRight,218,KILLED,com.xceptance.xlt.report.util.rework.IntTimeSeriesTest.[engine:junit-jupiter]/[class:com.xceptance.xlt.report.util.rework.IntTimeSeriesTest]/[nested-class:ShiftRightTest]/[method:shiftRightMultipleTimes()]
IntTimeSeries.java,com.xceptance.xlt.report.util.rework.IntTimeSeries,org.pitest.mutationtest.engine.gregor.mutators.MathMutator,shiftRight,226,KILLED,com.xceptance.xlt.report.util.rework.IntTimeSeriesTest.[engine:junit-jupiter]/[class:com.xceptance.xlt.report.util.rework.IntTimeSeriesTest]/[nested-class:ShiftRightTest]/[method:shiftRightMultipleTimes()]
IntTimeSeries.java,com.xceptance.xlt.report.util.rework.IntTimeSeries,org.pitest.mutationtest.engine.gregor.mutators.NegateConditionalsMutator,shiftRight,200,KILLED,com.xceptance.xlt.report.util.rework.IntTimeSeriesTest.[engine:junit-jupiter]/[class:com.xceptance.xlt.report.util.rework.IntTimeSeriesTest]/[nested-class:ToHistogramTest]/[method:addValueAtExactCapacityLimit()]
IntTimeSeries.java,com.xceptance.xlt.report.util.rework.IntTimeSeries,org.pitest.mutationtest.engine.gregor.mutators.NegateConditionalsMutator,shiftRight,209,KILLED,com.xceptance.xlt.report.util.rework.IntTimeSeriesTest.[engine:junit-jupiter]/[class:com.xceptance.xlt.report.util.rework.IntTimeSeriesTest]/[nested-class:ShiftRightTest]/[method:shiftRightMultipleTimes()]
IntTimeSeries.java,com.xceptance.xlt.report.util.rework.IntTimeSeries,org.pitest.mutationtest.engine.gregor.mutators.NegateConditionalsMutator,shiftRight,221,KILLED,com.xceptance.xlt.report.util.rework.IntTimeSeriesTest.[engine:junit-jupiter]/[class:com.xceptance.xlt.report.util.rework.IntTimeSeriesTest]/[nested-class:ShiftRightTest]/[method:shiftRightMultipleTimes()]
IntTimeSeries.java,com.xceptance.xlt.report.util.rework.IntTimeSeries,org.pitest.mutationtest.engine.gregor.mutators.VoidMethodCallMutator,shiftRight,214,KILLED,com.xceptance.xlt.report.util.rework.IntTimeSeriesTest.[engine:junit-jupiter]/[class:com.xceptance.xlt.report.util.rework.IntTimeSeriesTest]/[nested-class:ToHistogramTest]/[method:shiftRightExactBoundaryCondense()]
IntTimeSeries.java,com.xceptance.xlt.report.util.rework.IntTimeSeries,org.pitest.mutationtest.engine.gregor.mutators.VoidMethodCallMutator,shiftRight,218,KILLED,com.xceptance.xlt.report.util.rework.IntTimeSeriesTest.[engine:junit-jupiter]/[class:com.xceptance.xlt.report.util.rework.IntTimeSeriesTest]/[nested-class:ShiftRightTest]/[method:shiftRightMultipleTimes()]
IntTimeSeries.java,com.xceptance.xlt.report.util.rework.IntTimeSeries,org.pitest.mutationtest.engine.gregor.mutators.ConditionalsBoundaryMutator,toHistogram,467,KILLED,com.xceptance.xlt.report.util.rework.IntTimeSeriesTest.[engine:junit-jupiter]/[class:com.xceptance.xlt.report.util.rework.IntTimeSeriesTest]/[nested-class:ToHistogramTest]/[method:toHistogramGeneration()]
IntTimeSeries.java,com.xceptance.xlt.report.util.rework.IntTimeSeries,org.pitest.mutationtest.engine.gregor.mutators.MathMutator,toHistogram,465,KILLED,com.xceptance.xlt.report.util.rework.IntTimeSeriesTest.[engine:junit-jupiter]/[class:com.xceptance.xlt.report.util.rework.IntTimeSeriesTest]/[nested-class:ToHistogramTest]/[method:toHistogramGeneration()]
IntTimeSeries.java,com.xceptance.xlt.report.util.rework.IntTimeSeries,org.pitest.mutationtest.engine.gregor.mutators.MathMutator,toHistogram,465,KILLED,com.xceptance.xlt.report.util.rework.IntTimeSeriesTest.[engine:junit-jupiter]/[class:com.xceptance.xlt.report.util.rework.IntTimeSeriesTest]/[nested-class:ToHistogramTest]/[method:toHistogramGeneration()]
IntTimeSeries.java,com.xceptance.xlt.report.util.rework.IntTimeSeries,org.pitest.mutationtest.engine.gregor.mutators.MathMutator,toHistogram,469,KILLED,com.xceptance.xlt.report.util.rework.IntTimeSeriesTest.[engine:junit-jupiter]/[class:com.xceptance.xlt.report.util.rework.IntTimeSeriesTest]/[nested-class:ToHistogramTest]/[method:toHistogramGeneration()]
IntTimeSeries.java,com.xceptance.xlt.report.util.rework.IntTimeSeries,org.pitest.mutationtest.engine.gregor.mutators.MathMutator,toHistogram,469,KILLED,com.xceptance.xlt.report.util.rework.IntTimeSeriesTest.[engine:junit-jupiter]/[class:com.xceptance.xlt.report.util.rework.IntTimeSeriesTest]/[nested-class:ToHistogramTest]/[method:toHistogramGeneration()]
IntTimeSeries.java,com.xceptance.xlt.report.util.rework.IntTimeSeries,org.pitest.mutationtest.engine.gregor.mutators.MathMutator,toHistogram,471,KILLED,com.xceptance.xlt.report.util.rework.IntTimeSeriesTest.[engine:junit-jupiter]/[class:com.xceptance.xlt.report.util.rework.IntTimeSeriesTest]/[nested-class:ToHistogramTest]/[method:toHistogramGeneration()]
IntTimeSeries.java,com.xceptance.xlt.report.util.rework.IntTimeSeries,org.pitest.mutationtest.engine.gregor.mutators.MathMutator,toHistogram,471,KILLED,com.xceptance.xlt.report.util.rework.IntTimeSeriesTest.[engine:junit-jupiter]/[class:com.xceptance.xlt.report.util.rework.IntTimeSeriesTest]/[nested-class:ToHistogramTest]/[method:toHistogramGeneration()]
IntTimeSeries.java,com.xceptance.xlt.report.util.rework.IntTimeSeries,org.pitest.mutationtest.engine.gregor.mutators.MathMutator,toHistogram,471,KILLED,com.xceptance.xlt.report.util.rework.IntTimeSeriesTest.[engine:junit-jupiter]/[class:com.xceptance.xlt.report.util.rework.IntTimeSeriesTest]/[nested-class:ToHistogramTest]/[method:toHistogramGeneration()]
IntTimeSeries.java,com.xceptance.xlt.report.util.rework.IntTimeSeries,org.pitest.mutationtest.engine.gregor.mutators.MathMutator,toHistogram,471,KILLED,com.xceptance.xlt.report.util.rework.IntTimeSeriesTest.[engine:junit-jupiter]/[class:com.xceptance.xlt.report.util.rework.IntTimeSeriesTest]/[nested-class:ToHistogramTest]/[method:toHistogramGeneration()]
IntTimeSeries.java,com.xceptance.xlt.report.util.rework.IntTimeSeries,org.pitest.mutationtest.engine.gregor.mutators.MathMutator,toHistogram,471,KILLED,com.xceptance.xlt.report.util.rework.IntTimeSeriesTest.[engine:junit-jupiter]/[class:com.xceptance.xlt.report.util.rework.IntTimeSeriesTest]/[nested-class:ToHistogramTest]/[method:toHistogramGeneration()]
IntTimeSeries.java,com.xceptance.xlt.report.util.rework.IntTimeSeries,org.pitest.mutationtest.engine.gregor.mutators.MathMutator,toHistogram,471,KILLED,com.xceptance.xlt.report.util.rework.IntTimeSeriesTest.[engine:junit-jupiter]/[class:com.xceptance.xlt.report.util.rework.IntTimeSeriesTest]/[nested-class:ToHistogramTest]/[method:toHistogramGeneration()]
IntTimeSeries.java,com.xceptance.xlt.report.util.rework.IntTimeSeries,org.pitest.mutationtest.engine.gregor.mutators.MathMutator,toHistogram,471,KILLED,com.xceptance.xlt.report.util.rework.IntTimeSeriesTest.[engine:junit-jupiter]/[class:com.xceptance.xlt.report.util.rework.IntTimeSeriesTest]/[nested-class:ToHistogramTest]/[method:toHistogramGeneration()]
IntTimeSeries.java,com.xceptance.xlt.report.util.rework.IntTimeSeries,org.pitest.mutationtest.engine.gregor.mutators.MathMutator,toHistogram,471,KILLED,com.xceptance.xlt.report.util.rework.IntTimeSeriesTest.[engine:junit-jupiter]/[class:com.xceptance.xlt.report.util.rework.IntTimeSeriesTest]/[nested-class:ToHistogramTest]/[method:toHistogramGeneration()]
IntTimeSeries.java,com.xceptance.xlt.report.util.rework.IntTimeSeries,org.pitest.mutationtest.engine.gregor.mutators.NegateConditionalsMutator,toHistogram,456,KILLED,com.xceptance.xlt.report.util.rework.IntTimeSeriesTest.[engine:junit-jupiter]/[class:com.xceptance.xlt.report.util.rework.IntTimeSeriesTest]/[nested-class:ToHistogramTest]/[method:emptyTimeSeries()]
IntTimeSeries.java,com.xceptance.xlt.report.util.rework.IntTimeSeries,org.pitest.mutationtest.engine.gregor.mutators.NegateConditionalsMutator,toHistogram,467,KILLED,com.xceptance.xlt.report.util.rework.IntTimeSeriesTest.[engine:junit-jupiter]/[class:com.xceptance.xlt.report.util.rework.IntTimeSeriesTest]/[nested-class:ToHistogramTest]/[method:toHistogramGeneration()]
IntTimeSeries.java,com.xceptance.xlt.report.util.rework.IntTimeSeries,org.pitest.mutationtest.engine.gregor.mutators.NegateConditionalsMutator,toHistogram,469,KILLED,com.xceptance.xlt.report.util.rework.IntTimeSeriesTest.[engine:junit-jupiter]/[class:com.xceptance.xlt.report.util.rework.IntTimeSeriesTest]/[nested-class:ToHistogramTest]/[method:toHistogramGeneration()]
IntTimeSeries.java,com.xceptance.xlt.report.util.rework.IntTimeSeries,org.pitest.mutationtest.engine.gregor.mutators.NegateConditionalsMutator,toHistogram,471,KILLED,com.xceptance.xlt.report.util.rework.IntTimeSeriesTest.[engine:junit-jupiter]/[class:com.xceptance.xlt.report.util.rework.IntTimeSeriesTest]/[nested-class:ToHistogramTest]/[method:toHistogramGeneration()]
IntTimeSeries.java,com.xceptance.xlt.report.util.rework.IntTimeSeries,org.pitest.mutationtest.engine.gregor.mutators.returns.EmptyObjectReturnValsMutator,toHistogram,458,KILLED,com.xceptance.xlt.report.util.rework.IntTimeSeriesTest.[engine:junit-jupiter]/[class:com.xceptance.xlt.report.util.rework.IntTimeSeriesTest]/[nested-class:ToHistogramTest]/[method:emptyTimeSeries()]
IntTimeSeries.java,com.xceptance.xlt.report.util.rework.IntTimeSeries,org.pitest.mutationtest.engine.gregor.mutators.returns.EmptyObjectReturnValsMutator,toHistogram,478,KILLED,com.xceptance.xlt.report.util.rework.IntTimeSeriesTest.[engine:junit-jupiter]/[class:com.xceptance.xlt.report.util.rework.IntTimeSeriesTest]/[nested-class:ToHistogramTest]/[method:toHistogramGeneration()]
LRUClockMap.java,org.jugsaxony.demo12.LRUClockMap,org.pitest.mutationtest.engine.gregor.mutators.ConditionalsBoundaryMutator,<init>,107,KILLED,org.jugsaxony.demo12.LRUClockMapTest.[engine:junit-jupiter]/[class:org.jugsaxony.demo12.LRUClockMapTest]/[nested-class:MutationCoverageTest]/[method:testMixHash()]
LRUClockMap.java,org.jugsaxony.demo12.LRUClockMap,org.pitest.mutationtest.engine.gregor.mutators.MathMutator,<init>,114,KILLED,org.jugsaxony.demo12.LRUClockMapTest.[engine:junit-jupiter]/[class:org.jugsaxony.demo12.LRUClockMapTest]/[nested-class:BasicOperationsTest]/[method:testRemoveNonExisting()]
LRUClockMap.java,org.jugsaxony.demo12.LRUClockMap,org.pitest.mutationtest.engine.gregor.mutators.NegateConditionalsMutator,<init>,107,KILLED,org.jugsaxony.demo12.LRUClockMapTest.[engine:junit-jupiter]/[class:org.jugsaxony.demo12.LRUClockMapTest]/[nested-class:MutationCoverageTest]/[method:testMixHash()]
LRUClockMap.java,org.jugsaxony.demo12.LRUClockMap,org.pitest.mutationtest.engine.gregor.mutators.ConditionalsBoundaryMutator,arraySize,564,KILLED,org.jugsaxony.demo12.LRUClockMapTest.[engine:junit-jupiter]/[class:org.jugsaxony.demo12.LRUClockMapTest]/[nested-class:MutationCoverageTest]/[method:testArraySize()]
LRUClockMap.java,org.jugsaxony.demo12.LRUClockMap,org.pitest.mutationtest.engine.gregor.mutators.MathMutator,arraySize,563,TIMED_OUT,none
LRUClockMap.java,org.jugsaxony.demo12.LRUClockMap,org.pitest.mutationtest.engine.gregor.mutators.NegateConditionalsMutator,arraySize,564,KILLED,org.jugsaxony.demo12.LRUClockMapTest.[engine:junit-jupiter]/[class:org.jugsaxony.demo12.LRUClockMapTest]/[nested-class:MutationCoverageTest]/[method:testMixHash()]
LRUClockMap.java,org.jugsaxony.demo12.LRUClockMap,org.pitest.mutationtest.engine.gregor.mutators.returns.PrimitiveReturnsMutator,arraySize,568,KILLED,org.jugsaxony.demo12.LRUClockMapTest.[engine:junit-jupiter]/[class:org.jugsaxony.demo12.LRUClockMapTest]/[nested-class:BasicOperationsTest]/[method:testRemoveNonExisting()]
LRUClockMap.java,org.jugsaxony.demo12.LRUClockMap,org.pitest.mutationtest.engine.gregor.mutators.VoidMethodCallMutator,clear,526,KILLED,org.jugsaxony.demo12.LRUClockMapTest.[engine:junit-jupiter]/[class:org.jugsaxony.demo12.LRUClockMapTest]/[nested-class:BasicOperationsTest]/[method:testClear()]
LRUClockMap.java,org.jugsaxony.demo12.LRUClockMap,org.pitest.mutationtest.engine.gregor.mutators.MathMutator,evict,402,KILLED,org.jugsaxony.demo12.LRUClockMapTest.[engine:junit-jupiter]/[class:org.jugsaxony.demo12.LRUClockMapTest]/[nested-class:MutationCoverageTest]/[method:testEvictSecondChanceAndClockHand()]
LRUClockMap.java,org.jugsaxony.demo12.LRUClockMap,org.pitest.mutationtest.engine.gregor.mutators.MathMutator,evict,402,KILLED,org.jugsaxony.demo12.LRUClockMapTest.[engine:junit-jupiter]/[class:org.jugsaxony.demo12.LRUClockMapTest]/[nested-class:EvictionTest]/[method:testEvictionOccursAtMaxSize()]
LRUClockMap.java,org.jugsaxony.demo12.LRUClockMap,org.pitest.mutationtest.engine.gregor.mutators.NegateConditionalsMutator,evict,387,KILLED,org.jugsaxony.demo12.LRUClockMapTest.[engine:junit-jupiter]/[class:org.jugsaxony.demo12.LRUClockMapTest]/[nested-class:EvictionTest]/[method:testEvictionOccursAtMaxSize()]
LRUClockMap.java,org.jugsaxony.demo12.LRUClockMap,org.pitest.mutationtest.engine.gregor.mutators.NegateConditionalsMutator,evict,389,KILLED,org.jugsaxony.demo12.LRUClockMapTest.[engine:junit-jupiter]/[class:org.jugsaxony.demo12.LRUClockMapTest]/[nested-class:MutationCoverageTest]/[method:testEvictSecondChanceAndClockHand()]
LRUClockMap.java,org.jugsaxony.demo12.LRUClockMap,org.pitest.mutationtest.engine.gregor.mutators.VoidMethodCallMutator,evict,392,KILLED,org.jugsaxony.demo12.LRUClockMapTest.[engine:junit-jupiter]/[class:org.jugsaxony.demo12.LRUClockMapTest]/[nested-class:EvictionTest]/[method:testEvictionOccursAtMaxSize()]
LRUClockMap.java,org.jugsaxony.demo12.LRUClockMap,org.pitest.mutationtest.engine.gregor.mutators.MathMutator,expensiveGet,211,KILLED,org.jugsaxony.demo12.LRUClockMapTest.[engine:junit-jupiter]/[class:org.jugsaxony.demo12.LRUClockMapTest]/[nested-class:CollisionTest]/[method:testCollidingKeyOverwrite()]
LRUClockMap.java,org.jugsaxony.demo12.LRUClockMap,org.pitest.mutationtest.engine.gregor.mutators.MathMutator,expensiveGet,211,KILLED,org.jugsaxony.demo12.LRUClockMapTest.[engine:junit-jupiter]/[class:org.jugsaxony.demo12.LRUClockMapTest]/[nested-class:CollisionTest]/[method:testCollidingKeyOverwrite()]
LRUClockMap.java,org.jugsaxony.demo12.LRUClockMap,org.pitest.mutationtest.engine.gregor.mutators.NegateConditionalsMutator,expensiveGet,214,KILLED,org.jugsaxony.demo12.LRUClockMapTest.[engine:junit-jupiter]/[class:org.jugsaxony.demo12.LRUClockMapTest]/[nested-class:CollisionTest]/[method:testCollidingKeyOverwrite()]
LRUClockMap.java,org.jugsaxony.demo12.LRUClockMap,org.pitest.mutationtest.engine.gregor.mutators.NegateConditionalsMutator,expensiveGet,219,KILLED,org.jugsaxony.demo12.LRUClockMapTest.[engine:junit-jupiter]/[class:org.jugsaxony.demo12.LRUClockMapTest]/[nested-class:CollisionTest]/[method:testCollidingKeyOverwrite()]
LRUClockMap.java,org.jugsaxony.demo12.LRUClockMap,org.pitest.mutationtest.engine.gregor.mutators.NegateConditionalsMutator,expensiveGet,221,KILLED,org.jugsaxony.demo12.LRUClockMapTest.[engine:junit-jupiter]/[class:org.jugsaxony.demo12.LRUClockMapTest]/[nested-class:MutationCoverageTest]/[method:testExpensiveGetSecondChance()]
LRUClockMap.java,org.jugsaxony.demo12.LRUClockMap,org.pitest.mutationtest.engine.gregor.mutators.returns.NullReturnValsMutator,expensiveGet,228,KILLED,org.jugsaxony.demo12.LRUClockMapTest.[engine:junit-jupiter]/[class:org.jugsaxony.demo12.LRUClockMapTest]/[nested-class:CollisionTest]/[method:testCollidingKeyOverwrite()]
LRUClockMap.java,org.jugsaxony.demo12.LRUClockMap,org.pitest.mutationtest.engine.gregor.mutators.MathMutator,freePositionAndAdjustArray,416,KILLED,org.jugsaxony.demo12.LRUClockMapTest.[engine:junit-jupiter]/[class:org.jugsaxony.demo12.LRUClockMapTest]/[nested-class:EvictionTest]/[method:testEvictionOccursAtMaxSize()]
LRUClockMap.java,org.jugsaxony.demo12.LRUClockMap,org.pitest.mutationtest.engine.gregor.mutators.MathMutator,freePositionAndAdjustArray,422,KILLED,org.jugsaxony.demo12.LRUClockMapTest.[engine:junit-jupiter]/[class:org.jugsaxony.demo12.LRUClockMapTest]/[nested-class:MutationCoverageTest]/[method:testEvictSecondChanceAndClockHand()]
LRUClockMap.java,org.jugsaxony.demo12.LRUClockMap,org.pitest.mutationtest.engine.gregor.mutators.MathMutator,freePositionAndAdjustArray,422,KILLED,org.jugsaxony.demo12.LRUClockMapTest.[engine:junit-jupiter]/[class:org.jugsaxony.demo12.LRUClockMapTest]/[nested-class:EvictionTest]/[method:testEvictionOccursAtMaxSize()]
LRUClockMap.java,org.jugsaxony.demo12.LRUClockMap,org.pitest.mutationtest.engine.gregor.mutators.NegateConditionalsMutator,freePositionAndAdjustArray,425,KILLED,org.jugsaxony.demo12.LRUClockMapTest.[engine:junit-jupiter]/[class:org.jugsaxony.demo12.LRUClockMapTest]/[nested-class:EvictionTest]/[method:testEvictionOccursAtMaxSize()]
LRUClockMap.java,org.jugsaxony.demo12.LRUClockMap,org.pitest.mutationtest.engine.gregor.mutators.VoidMethodCallMutator,freePositionAndAdjustArray,431,KILLED,org.jugsaxony.demo12.LRUClockMapTest.[engine:junit-jupiter]/[class:org.jugsaxony.demo12.LRUClockMapTest]/[nested-class:BasicOperationsTest]/[method:testRemoveExisting()]
LRUClockMap.java,org.jugsaxony.demo12.LRUClockMap,org.pitest.mutationtest.engine.gregor.mutators.MathMutator,get,168,KILLED,org.jugsaxony.demo12.LRUClockMapTest.[engine:junit-jupiter]/[class:org.jugsaxony.demo12.LRUClockMapTest]/[nested-class:CollisionTest]/[method:testCollidingKeyOverwrite()]
LRUClockMap.java,org.jugsaxony.demo12.LRUClockMap,org.pitest.mutationtest.engine.gregor.mutators.NegateConditionalsMutator,get,171,KILLED,org.jugsaxony.demo12.LRUClockMapTest.[engine:junit-jupiter]/[class:org.jugsaxony.demo12.LRUClockMapTest]/[nested-class:CollisionTest]/[method:testCollidingKeyOverwrite()]
LRUClockMap.java,org.jugsaxony.demo12.LRUClockMap,org.pitest.mutationtest.engine.gregor.mutators.NegateConditionalsMutator,get,176,KILLED,org.jugsaxony.demo12.LRUClockMapTest.[engine:junit-jupiter]/[class:org.jugsaxony.demo12.LRUClockMapTest]/[nested-class:CollisionTest]/[method:testCollidingKeyOverwrite()]
LRUClockMap.java,org.jugsaxony.demo12.LRUClockMap,org.pitest.mutationtest.engine.gregor.mutators.NegateConditionalsMutator,get,178,KILLED,org.jugsaxony.demo12.LRUClockMapTest.[engine:junit-jupiter]/[class:org.jugsaxony.demo12.LRUClockMapTest]/[nested-class:EvictionTest]/[method:testGetRawDoesNotSetSecondChance()]
LRUClockMap.java,org.jugsaxony.demo12.LRUClockMap,org.pitest.mutationtest.engine.gregor.mutators.returns.NullReturnValsMutator,get,185,KILLED,org.jugsaxony.demo12.LRUClockMapTest.[engine:junit-jupiter]/[class:org.jugsaxony.demo12.LRUClockMapTest]/[nested-class:BasicOperationsTest]/[method:testPutAndGetSingle()]
LRUClockMap.java,org.jugsaxony.demo12.LRUClockMap,org.pitest.mutationtest.engine.gregor.mutators.returns.NullReturnValsMutator,get,193,KILLED,org.jugsaxony.demo12.LRUClockMapTest.[engine:junit-jupiter]/[class:org.jugsaxony.demo12.LRUClockMapTest]/[nested-class:CollisionTest]/[method:testCollidingKeyOverwrite()]
LRUClockMap.java,org.jugsaxony.demo12.LRUClockMap,org.pitest.mutationtest.engine.gregor.mutators.ConditionalsBoundaryMutator,getDebugData,623,KILLED,org.jugsaxony.demo12.LRUClockMapTest.[engine:junit-jupiter]/[class:org.jugsaxony.demo12.LRUClockMapTest]/[nested-class:MutationCoverageTest]/[method:testDebugWrapperBitwiseMask()]
LRUClockMap.java,org.jugsaxony.demo12.LRUClockMap,org.pitest.mutationtest.engine.gregor.mutators.NegateConditionalsMutator,getDebugData,623,KILLED,org.jugsaxony.demo12.LRUClockMapTest.[engine:junit-jupiter]/[class:org.jugsaxony.demo12.LRUClockMapTest]/[nested-class:MutationCoverageTest]/[method:testDebugWrapperBitwiseMask()]
LRUClockMap.java,org.jugsaxony.demo12.LRUClockMap,org.pitest.mutationtest.engine.gregor.mutators.NegateConditionalsMutator,getDebugData,626,KILLED,org.jugsaxony.demo12.LRUClockMapTest.[engine:junit-jupiter]/[class:org.jugsaxony.demo12.LRUClockMapTest]/[nested-class:MutationCoverageTest]/[method:testDebugWrapperBitwiseMask()]
LRUClockMap.java,org.jugsaxony.demo12.LRUClockMap,org.pitest.mutationtest.engine.gregor.mutators.returns.EmptyObjectReturnValsMutator,getDebugData,636,KILLED,org.jugsaxony.demo12.LRUClockMapTest.[engine:junit-jupiter]/[class:org.jugsaxony.demo12.LRUClockMapTest]/[nested-class:MutationCoverageTest]/[method:testDebugWrapperBitwiseMask()]
LRUClockMap.java,org.jugsaxony.demo12.LRUClockMap,org.pitest.mutationtest.engine.gregor.mutators.MathMutator,getRaw,140,KILLED,org.jugsaxony.demo12.LRUClockMapTest.[engine:junit-jupiter]/[class:org.jugsaxony.demo12.LRUClockMapTest]/[nested-class:BasicOperationsTest]/[method:testPutAndGetSingle()]
LRUClockMap.java,org.jugsaxony.demo12.LRUClockMap,org.pitest.mutationtest.engine.gregor.mutators.MathMutator,getRaw,155,KILLED,org.jugsaxony.demo12.LRUClockMapTest.[engine:junit-jupiter]/[class:org.jugsaxony.demo12.LRUClockMapTest]/[nested-class:CollisionTest]/[method:testCollidingKeysGetAndPut()]
LRUClockMap.java,org.jugsaxony.demo12.LRUClockMap,org.pitest.mutationtest.engine.gregor.mutators.MathMutator,getRaw,155,KILLED,org.jugsaxony.demo12.LRUClockMapTest.[engine:junit-jupiter]/[class:org.jugsaxony.demo12.LRUClockMapTest]/[nested-class:CollisionTest]/[method:testCollidingKeysGetAndPut()]
LRUClockMap.java,org.jugsaxony.demo12.LRUClockMap,org.pitest.mutationtest.engine.gregor.mutators.NegateConditionalsMutator,getRaw,146,KILLED,org.jugsaxony.demo12.LRUClockMapTest.[engine:junit-jupiter]/[class:org.jugsaxony.demo12.LRUClockMapTest]/[nested-class:BasicOperationsTest]/[method:testPutAndGetSingle()]
LRUClockMap.java,org.jugsaxony.demo12.LRUClockMap,org.pitest.mutationtest.engine.gregor.mutators.NegateConditionalsMutator,getRaw,150,KILLED,org.jugsaxony.demo12.LRUClockMapTest.[engine:junit-jupiter]/[class:org.jugsaxony.demo12.LRUClockMapTest]/[nested-class:BasicOperationsTest]/[method:testPutAndGetSingle()]
LRUClockMap.java,org.jugsaxony.demo12.LRUClockMap,org.pitest.mutationtest.engine.gregor.mutators.returns.NullReturnValsMutator,getRaw,152,KILLED,org.jugsaxony.demo12.LRUClockMapTest.[engine:junit-jupiter]/[class:org.jugsaxony.demo12.LRUClockMapTest]/[nested-class:BasicOperationsTest]/[method:testPutAndGetSingle()]
LRUClockMap.java,org.jugsaxony.demo12.LRUClockMap,org.pitest.mutationtest.engine.gregor.mutators.ConditionalsBoundaryMutator,keys,509,KILLED,org.jugsaxony.demo12.LRUClockMapTest.[engine:junit-jupiter]/[class:org.jugsaxony.demo12.LRUClockMapTest]/[nested-class:BasicOperationsTest]/[method:testKeys()]
LRUClockMap.java,org.jugsaxony.demo12.LRUClockMap,org.pitest.mutationtest.engine.gregor.mutators.NegateConditionalsMutator,keys,509,KILLED,org.jugsaxony.demo12.LRUClockMapTest.[engine:junit-jupiter]/[class:org.jugsaxony.demo12.LRUClockMapTest]/[nested-class:BasicOperationsTest]/[method:testKeys()]
LRUClockMap.java,org.jugsaxony.demo12.LRUClockMap,org.pitest.mutationtest.engine.gregor.mutators.NegateConditionalsMutator,keys,512,KILLED,org.jugsaxony.demo12.LRUClockMapTest.[engine:junit-jupiter]/[class:org.jugsaxony.demo12.LRUClockMapTest]/[nested-class:BasicOperationsTest]/[method:testKeys()]
LRUClockMap.java,org.jugsaxony.demo12.LRUClockMap,org.pitest.mutationtest.engine.gregor.mutators.returns.EmptyObjectReturnValsMutator,keys,518,KILLED,org.jugsaxony.demo12.LRUClockMapTest.[engine:junit-jupiter]/[class:org.jugsaxony.demo12.LRUClockMapTest]/[nested-class:BasicOperationsTest]/[method:testKeys()]
LRUClockMap.java,org.jugsaxony.demo12.LRUClockMap,org.pitest.mutationtest.engine.gregor.mutators.MathMutator,mixHash,128,KILLED,org.jugsaxony.demo12.LRUClockMapTest.[engine:junit-jupiter]/[class:org.jugsaxony.demo12.LRUClockMapTest]/[nested-class:MutationCoverageTest]/[method:testMixHash()]
LRUClockMap.java,org.jugsaxony.demo12.LRUClockMap,org.pitest.mutationtest.engine.gregor.mutators.MathMutator,mixHash,128,KILLED,org.jugsaxony.demo12.LRUClockMapTest.[engine:junit-jupiter]/[class:org.jugsaxony.demo12.LRUClockMapTest]/[nested-class:MutationCoverageTest]/[method:testMixHash()]
LRUClockMap.java,org.jugsaxony.demo12.LRUClockMap,org.pitest.mutationtest.engine.gregor.mutators.returns.PrimitiveReturnsMutator,mixHash,128,KILLED,org.jugsaxony.demo12.LRUClockMapTest.[engine:junit-jupiter]/[class:org.jugsaxony.demo12.LRUClockMapTest]/[nested-class:MutationCoverageTest]/[method:testMixHash()]
LRUClockMap.java,org.jugsaxony.demo12.LRUClockMap,org.pitest.mutationtest.engine.gregor.mutators.MathMutator,nextPowerOfTwo,544,KILLED,org.jugsaxony.demo12.LRUClockMapTest.[engine:junit-jupiter]/[class:org.jugsaxony.demo12.LRUClockMapTest]/[nested-class:MutationCoverageTest]/[method:testNextPowerOfTwo()]
LRUClockMap.java,org.jugsaxony.demo12.LRUClockMap,org.pitest.mutationtest.engine.gregor.mutators.MathMutator,nextPowerOfTwo,545,KILLED,org.jugsaxony.demo12.LRUClockMapTest.[engine:junit-jupiter]/[class:org.jugsaxony.demo12.LRUClockMapTest]/[nested-class:MutationCoverageTest]/[method:testNextPowerOfTwo()]
LRUClockMap.java,org.jugsaxony.demo12.LRUClockMap,org.pitest.mutationtest.engine.gregor.mutators.MathMutator,nextPowerOfTwo,545,TIMED_OUT,none
LRUClockMap.java,org.jugsaxony.demo12.LRUClockMap,org.pitest.mutationtest.engine.gregor.mutators.MathMutator,nextPowerOfTwo,546,KILLED,org.jugsaxony.demo12.LRUClockMapTest.[engine:junit-jupiter]/[class:org.jugsaxony.demo12.LRUClockMapTest]/[nested-class:MutationCoverageTest]/[method:testNextPowerOfTwo()]
LRUClockMap.java,org.jugsaxony.demo12.LRUClockMap,org.pitest.mutationtest.engine.gregor.mutators.MathMutator,nextPowerOfTwo,546,TIMED_OUT,none
LRUClockMap.java,org.jugsaxony.demo12.LRUClockMap,org.pitest.mutationtest.engine.gregor.mutators.MathMutator,nextPowerOfTwo,547,TIMED_OUT,none
LRUClockMap.java,org.jugsaxony.demo12.LRUClockMap,org.pitest.mutationtest.engine.gregor.mutators.MathMutator,nextPowerOfTwo,547,TIMED_OUT,none
LRUClockMap.java,org.jugsaxony.demo12.LRUClockMap,org.pitest.mutationtest.engine.gregor.mutators.MathMutator,nextPowerOfTwo,548,TIMED_OUT,none
LRUClockMap.java,org.jugsaxony.demo12.LRUClockMap,org.pitest.mutationtest.engine.gregor.mutators.MathMutator,nextPowerOfTwo,548,TIMED_OUT,none
LRUClockMap.java,org.jugsaxony.demo12.LRUClockMap,org.pitest.mutationtest.engine.gregor.mutators.MathMutator,nextPowerOfTwo,549,KILLED,org.jugsaxony.demo12.LRUClockMapTest.[engine:junit-jupiter]/[class:org.jugsaxony.demo12.LRUClockMapTest]/[nested-class:MutationCoverageTest]/[method:testNextPowerOfTwo()]
LRUClockMap.java,org.jugsaxony.demo12.LRUClockMap,org.pitest.mutationtest.engine.gregor.mutators.MathMutator,nextPowerOfTwo,549,TIMED_OUT,none
LRUClockMap.java,org.jugsaxony.demo12.LRUClockMap,org.pitest.mutationtest.engine.gregor.mutators.MathMutator,nextPowerOfTwo,551,KILLED,org.jugsaxony.demo12.LRUClockMapTest.[engine:junit-jupiter]/[class:org.jugsaxony.demo12.LRUClockMapTest]/[nested-class:MutationCoverageTest]/[method:testMixHash()]
LRUClockMap.java,org.jugsaxony.demo12.LRUClockMap,org.pitest.mutationtest.engine.gregor.mutators.MathMutator,nextPowerOfTwo,551,TIMED_OUT,none
LRUClockMap.java,org.jugsaxony.demo12.LRUClockMap,org.pitest.mutationtest.engine.gregor.mutators.MathMutator,nextPowerOfTwo,551,TIMED_OUT,none
LRUClockMap.java,org.jugsaxony.demo12.LRUClockMap,org.pitest.mutationtest.engine.gregor.mutators.NegateConditionalsMutator,nextPowerOfTwo,540,TIMED_OUT,none
LRUClockMap.java,org.jugsaxony.demo12.LRUClockMap,org.pitest.mutationtest.engine.gregor.mutators.returns.PrimitiveReturnsMutator,nextPowerOfTwo,542,KILLED,org.jugsaxony.demo12.LRUClockMapTest.[engine:junit-jupiter]/[class:org.jugsaxony.demo12.LRUClockMapTest]/[nested-class:MutationCoverageTest]/[method:testNextPowerOfTwo()]
LRUClockMap.java,org.jugsaxony.demo12.LRUClockMap,org.pitest.mutationtest.engine.gregor.mutators.returns.PrimitiveReturnsMutator,nextPowerOfTwo,551,TIMED_OUT,none
LRUClockMap.java,org.jugsaxony.demo12.LRUClockMap,org.pitest.mutationtest.engine.gregor.mutators.returns.PrimitiveReturnsMutator,occupiedSpace,475,KILLED,org.jugsaxony.demo12.LRUClockMapTest.[engine:junit-jupiter]/[class:org.jugsaxony.demo12.LRUClockMapTest]/[nested-class:ConstructorTest]/[method:testValidInitialization()]
LRUClockMap.java,org.jugsaxony.demo12.LRUClockMap,org.pitest.mutationtest.engine.gregor.mutators.MathMutator,put,246,KILLED,org.jugsaxony.demo12.LRUClockMapTest.[engine:junit-jupiter]/[class:org.jugsaxony.demo12.LRUClockMapTest]/[nested-class:BasicOperationsTest]/[method:testRemoveNonExisting()]
LRUClockMap.java,org.jugsaxony.demo12.LRUClockMap,org.pitest.mutationtest.engine.gregor.mutators.NegateConditionalsMutator,put,250,TIMED_OUT,none
LRUClockMap.java,org.jugsaxony.demo12.LRUClockMap,org.pitest.mutationtest.engine.gregor.mutators.NegateConditionalsMutator,put,255,KILLED,org.jugsaxony.demo12.LRUClockMapTest.[engine:junit-jupiter]/[class:org.jugsaxony.demo12.LRUClockMapTest]/[nested-class:EvictionTest]/[method:testEvictionOccursAtMaxSize()]
LRUClockMap.java,org.jugsaxony.demo12.LRUClockMap,org.pitest.mutationtest.engine.gregor.mutators.VoidMethodCallMutator,put,261,KILLED,org.jugsaxony.demo12.LRUClockMapTest.[engine:junit-jupiter]/[class:org.jugsaxony.demo12.LRUClockMapTest]/[nested-class:EvictionTest]/[method:testEvictionOccursAtMaxSize()]
LRUClockMap.java,org.jugsaxony.demo12.LRUClockMap,org.pitest.mutationtest.engine.gregor.mutators.returns.NullReturnValsMutator,put,258,KILLED,org.jugsaxony.demo12.LRUClockMapTest.[engine:junit-jupiter]/[class:org.jugsaxony.demo12.LRUClockMapTest]/[nested-class:EvictionTest]/[method:testOverwriteAtFullCapacity()]
LRUClockMap.java,org.jugsaxony.demo12.LRUClockMap,org.pitest.mutationtest.engine.gregor.mutators.returns.NullReturnValsMutator,put,266,KILLED,org.jugsaxony.demo12.LRUClockMapTest.[engine:junit-jupiter]/[class:org.jugsaxony.demo12.LRUClockMapTest]/[nested-class:CollisionTest]/[method:testCollidingKeyOverwrite()]
LRUClockMap.java,org.jugsaxony.demo12.LRUClockMap,org.pitest.mutationtest.engine.gregor.mutators.MathMutator,putInternal,289,KILLED,org.jugsaxony.demo12.LRUClockMapTest.[engine:junit-jupiter]/[class:org.jugsaxony.demo12.LRUClockMapTest]/[nested-class:BasicOperationsTest]/[method:testRemoveNonExisting()]
LRUClockMap.java,org.jugsaxony.demo12.LRUClockMap,org.pitest.mutationtest.engine.gregor.mutators.MathMutator,putInternal,303,KILLED,org.jugsaxony.demo12.LRUClockMapTest.[engine:junit-jupiter]/[class:org.jugsaxony.demo12.LRUClockMapTest]/[nested-class:CollisionTest]/[method:testCollidingKeyOverwrite()]
LRUClockMap.java,org.jugsaxony.demo12.LRUClockMap,org.pitest.mutationtest.engine.gregor.mutators.MathMutator,putInternal,303,KILLED,org.jugsaxony.demo12.LRUClockMapTest.[engine:junit-jupiter]/[class:org.jugsaxony.demo12.LRUClockMapTest]/[nested-class:CollisionTest]/[method:testCollidingKeyOverwrite()]
LRUClockMap.java,org.jugsaxony.demo12.LRUClockMap,org.pitest.mutationtest.engine.gregor.mutators.NegateConditionalsMutator,putInternal,284,KILLED,org.jugsaxony.demo12.LRUClockMapTest.[engine:junit-jupiter]/[class:org.jugsaxony.demo12.LRUClockMapTest]/[nested-class:BasicOperationsTest]/[method:testRemoveNonExisting()]
LRUClockMap.java,org.jugsaxony.demo12.LRUClockMap,org.pitest.mutationtest.engine.gregor.mutators.NegateConditionalsMutator,putInternal,293,KILLED,org.jugsaxony.demo12.LRUClockMapTest.[engine:junit-jupiter]/[class:org.jugsaxony.demo12.LRUClockMapTest]/[nested-class:CollisionTest]/[method:testCollidingKeyOverwrite()]
LRUClockMap.java,org.jugsaxony.demo12.LRUClockMap,org.pitest.mutationtest.engine.gregor.mutators.returns.NullReturnValsMutator,putInternal,300,KILLED,org.jugsaxony.demo12.LRUClockMapTest.[engine:junit-jupiter]/[class:org.jugsaxony.demo12.LRUClockMapTest]/[nested-class:CollisionTest]/[method:testCollidingKeyOverwrite()]
LRUClockMap.java,org.jugsaxony.demo12.LRUClockMap,org.pitest.mutationtest.engine.gregor.mutators.MathMutator,realign,443,KILLED,org.jugsaxony.demo12.LRUClockMapTest.[engine:junit-jupiter]/[class:org.jugsaxony.demo12.LRUClockMapTest]/[nested-class:CollisionTest]/[method:testExpensiveGetUpdatesSecondChance()]
LRUClockMap.java,org.jugsaxony.demo12.LRUClockMap,org.pitest.mutationtest.engine.gregor.mutators.MathMutator,realign,455,KILLED,org.jugsaxony.demo12.LRUClockMapTest.[engine:junit-jupiter]/[class:org.jugsaxony.demo12.LRUClockMapTest]/[nested-class:CollisionTest]/[method:testCollidingKeyRemovalAndRealignment()]
LRUClockMap.java,org.jugsaxony.demo12.LRUClockMap,org.pitest.mutationtest.engine.gregor.mutators.MathMutator,realign,455,KILLED,org.jugsaxony.demo12.LRUClockMapTest.[engine:junit-jupiter]/[class:org.jugsaxony.demo12.LRUClockMapTest]/[nested-class:CollisionTest]/[method:testExpensiveGetUpdatesSecondChance()]
LRUClockMap.java,org.jugsaxony.demo12.LRUClockMap,org.pitest.mutationtest.engine.gregor.mutators.NegateConditionalsMutator,realign,449,TIMED_OUT,none
LRUClockMap.java,org.jugsaxony.demo12.LRUClockMap,org.pitest.mutationtest.engine.gregor.mutators.MathMutator,remove,351,KILLED,org.jugsaxony.demo12.LRUClockMapTest.[engine:junit-jupiter]/[class:org.jugsaxony.demo12.LRUClockMapTest]/[nested-class:BasicOperationsTest]/[method:testRemoveNonExisting()]
LRUClockMap.java,org.jugsaxony.demo12.LRUClockMap,org.pitest.mutationtest.engine.gregor.mutators.MathMutator,remove,372,KILLED,org.jugsaxony.demo12.LRUClockMapTest.[engine:junit-jupiter]/[class:org.jugsaxony.demo12.LRUClockMapTest]/[nested-class:CollisionTest]/[method:testCollidingKeyRemovalAndRealignment()]
LRUClockMap.java,org.jugsaxony.demo12.LRUClockMap,org.pitest.mutationtest.engine.gregor.mutators.MathMutator,remove,372,KILLED,org.jugsaxony.demo12.LRUClockMapTest.[engine:junit-jupiter]/[class:org.jugsaxony.demo12.LRUClockMapTest]/[nested-class:CollisionTest]/[method:testCollidingKeyRemovalAndRealignment()]
LRUClockMap.java,org.jugsaxony.demo12.LRUClockMap,org.pitest.mutationtest.engine.gregor.mutators.NegateConditionalsMutator,remove,357,KILLED,org.jugsaxony.demo12.LRUClockMapTest.[engine:junit-jupiter]/[class:org.jugsaxony.demo12.LRUClockMapTest]/[nested-class:BasicOperationsTest]/[method:testRemoveNonExisting()]
LRUClockMap.java,org.jugsaxony.demo12.LRUClockMap,org.pitest.mutationtest.engine.gregor.mutators.NegateConditionalsMutator,remove,363,KILLED,org.jugsaxony.demo12.LRUClockMapTest.[engine:junit-jupiter]/[class:org.jugsaxony.demo12.LRUClockMapTest]/[nested-class:BasicOperationsTest]/[method:testRemoveExisting()]
LRUClockMap.java,org.jugsaxony.demo12.LRUClockMap,org.pitest.mutationtest.engine.gregor.mutators.VoidMethodCallMutator,remove,367,KILLED,org.jugsaxony.demo12.LRUClockMapTest.[engine:junit-jupiter]/[class:org.jugsaxony.demo12.LRUClockMapTest]/[nested-class:BasicOperationsTest]/[method:testRemoveExisting()]
LRUClockMap.java,org.jugsaxony.demo12.LRUClockMap,org.pitest.mutationtest.engine.gregor.mutators.returns.NullReturnValsMutator,remove,369,KILLED,org.jugsaxony.demo12.LRUClockMapTest.[engine:junit-jupiter]/[class:org.jugsaxony.demo12.LRUClockMapTest]/[nested-class:BasicOperationsTest]/[method:testRemoveExisting()]
LRUClockMap.java,org.jugsaxony.demo12.LRUClockMap,org.pitest.mutationtest.engine.gregor.mutators.returns.PrimitiveReturnsMutator,size,466,KILLED,org.jugsaxony.demo12.LRUClockMapTest.[engine:junit-jupiter]/[class:org.jugsaxony.demo12.LRUClockMapTest]/[nested-class:BasicOperationsTest]/[method:testRemoveNonExisting()]
LRUClockMap.java,org.jugsaxony.demo12.LRUClockMap,org.pitest.mutationtest.engine.gregor.mutators.ConditionalsBoundaryMutator,toString,577,KILLED,org.jugsaxony.demo12.LRUClockMapTest.[engine:junit-jupiter]/[class:org.jugsaxony.demo12.LRUClockMapTest]/[nested-class:DebugAndToStringTest]/[method:testToStringAndDebugData()]
LRUClockMap.java,org.jugsaxony.demo12.LRUClockMap,org.pitest.mutationtest.engine.gregor.mutators.NegateConditionalsMutator,toString,577,KILLED,org.jugsaxony.demo12.LRUClockMapTest.[engine:junit-jupiter]/[class:org.jugsaxony.demo12.LRUClockMapTest]/[nested-class:DebugAndToStringTest]/[method:testToStringAndDebugData()]
LRUClockMap.java,org.jugsaxony.demo12.LRUClockMap,org.pitest.mutationtest.engine.gregor.mutators.NegateConditionalsMutator,toString,580,KILLED,org.jugsaxony.demo12.LRUClockMapTest.[engine:junit-jupiter]/[class:org.jugsaxony.demo12.LRUClockMapTest]/[nested-class:DebugAndToStringTest]/[method:testToStringAndDebugData()]
LRUClockMap.java,org.jugsaxony.demo12.LRUClockMap,org.pitest.mutationtest.engine.gregor.mutators.returns.EmptyObjectReturnValsMutator,toString,593,KILLED,org.jugsaxony.demo12.LRUClockMapTest.[engine:junit-jupiter]/[class:org.jugsaxony.demo12.LRUClockMapTest]/[nested-class:DebugAndToStringTest]/[method:testToStringAndDebugData()]
LRUClockMap.java,org.jugsaxony.demo12.LRUClockMap,org.pitest.mutationtest.engine.gregor.mutators.IncrementsMutator,trueSize,491,KILLED,org.jugsaxony.demo12.LRUClockMapTest.[engine:junit-jupiter]/[class:org.jugsaxony.demo12.LRUClockMapTest]/[nested-class:BasicOperationsTest]/[method:testRemoveNonExisting()]
LRUClockMap.java,org.jugsaxony.demo12.LRUClockMap,org.pitest.mutationtest.engine.gregor.mutators.NegateConditionalsMutator,trueSize,489,KILLED,org.jugsaxony.demo12.LRUClockMapTest.[engine:junit-jupiter]/[class:org.jugsaxony.demo12.LRUClockMapTest]/[nested-class:BasicOperationsTest]/[method:testRemoveNonExisting()]
LRUClockMap.java,org.jugsaxony.demo12.LRUClockMap,org.pitest.mutationtest.engine.gregor.mutators.returns.PrimitiveReturnsMutator,trueSize,494,KILLED,org.jugsaxony.demo12.LRUClockMapTest.[engine:junit-jupiter]/[class:org.jugsaxony.demo12.LRUClockMapTest]/[nested-class:BasicOperationsTest]/[method:testRemoveNonExisting()]
LRUClockMap.java,org.jugsaxony.demo12.LRUClockMap,org.pitest.mutationtest.engine.gregor.mutators.MathMutator,update,339,KILLED,org.jugsaxony.demo12.LRUClockMapTest.[engine:junit-jupiter]/[class:org.jugsaxony.demo12.LRUClockMapTest]/[nested-class:MutationCoverageTest]/[method:testUpdateCollidedKey()]
LRUClockMap.java,org.jugsaxony.demo12.LRUClockMap,org.pitest.mutationtest.engine.gregor.mutators.MathMutator,update,339,KILLED,org.jugsaxony.demo12.LRUClockMapTest.[engine:junit-jupiter]/[class:org.jugsaxony.demo12.LRUClockMapTest]/[nested-class:MutationCoverageTest]/[method:testUpdateCollidedKey()]
LRUClockMap.java,org.jugsaxony.demo12.LRUClockMap,org.pitest.mutationtest.engine.gregor.mutators.NegateConditionalsMutator,update,323,KILLED,org.jugsaxony.demo12.LRUClockMapTest.[engine:junit-jupiter]/[class:org.jugsaxony.demo12.LRUClockMapTest]/[nested-class:EvictionTest]/[method:testEvictionOccursAtMaxSize()]
LRUClockMap.java,org.jugsaxony.demo12.LRUClockMap,org.pitest.mutationtest.engine.gregor.mutators.NegateConditionalsMutator,update,329,KILLED,org.jugsaxony.demo12.LRUClockMapTest.[engine:junit-jupiter]/[class:org.jugsaxony.demo12.LRUClockMapTest]/[nested-class:EvictionTest]/[method:testOverwriteAtFullCapacity()]
LRUClockMap.java,org.jugsaxony.demo12.LRUClockMap,org.pitest.mutationtest.engine.gregor.mutators.returns.NullReturnValsMutator,update,336,KILLED,org.jugsaxony.demo12.LRUClockMapTest.[engine:junit-jupiter]/[class:org.jugsaxony.demo12.LRUClockMapTest]/[nested-class:EvictionTest]/[method:testOverwriteAtFullCapacity()]
IntTimeSeriesEntry.java,com.xceptance.xlt.report.util.rework.IntTimeSeriesEntry,org.pitest.mutationtest.engine.gregor.mutators.VoidMethodCallMutator,<init>,75,KILLED,com.xceptance.xlt.report.util.rework.IntTimeSeriesEntryTest.[engine:junit-jupiter]/[class:com.xceptance.xlt.report.util.rework.IntTimeSeriesEntryTest]/[nested-class:EqualsTest]/[method:equalsContract()]
IntTimeSeriesEntry.java,com.xceptance.xlt.report.util.rework.IntTimeSeriesEntry,org.pitest.mutationtest.engine.gregor.mutators.NegateConditionalsMutator,equals,330,KILLED,com.xceptance.xlt.report.util.rework.IntTimeSeriesEntryTest.[engine:junit-jupiter]/[class:com.xceptance.xlt.report.util.rework.IntTimeSeriesEntryTest]/[nested-class:EqualsTest]/[method:equalsContract()]
IntTimeSeriesEntry.java,com.xceptance.xlt.report.util.rework.IntTimeSeriesEntry,org.pitest.mutationtest.engine.gregor.mutators.NegateConditionalsMutator,equals,334,KILLED,com.xceptance.xlt.report.util.rework.IntTimeSeriesEntryTest.[engine:junit-jupiter]/[class:com.xceptance.xlt.report.util.rework.IntTimeSeriesEntryTest]/[nested-class:EqualsTest]/[method:equalsContract()]
IntTimeSeriesEntry.java,com.xceptance.xlt.report.util.rework.IntTimeSeriesEntry,org.pitest.mutationtest.engine.gregor.mutators.NegateConditionalsMutator,equals,338,KILLED,com.xceptance.xlt.report.util.rework.IntTimeSeriesEntryTest.[engine:junit-jupiter]/[class:com.xceptance.xlt.report.util.rework.IntTimeSeriesEntryTest]/[nested-class:EqualsTest]/[method:equalsContract()]
IntTimeSeriesEntry.java,com.xceptance.xlt.report.util.rework.IntTimeSeriesEntry,org.pitest.mutationtest.engine.gregor.mutators.NegateConditionalsMutator,equals,343,KILLED,com.xceptance.xlt.report.util.rework.IntTimeSeriesEntryTest.[engine:junit-jupiter]/[class:com.xceptance.xlt.report.util.rework.IntTimeSeriesEntryTest]/[nested-class:EqualsTest]/[method:equalsContract()]
IntTimeSeriesEntry.java,com.xceptance.xlt.report.util.rework.IntTimeSeriesEntry,org.pitest.mutationtest.engine.gregor.mutators.NegateConditionalsMutator,equals,347,KILLED,com.xceptance.xlt.report.util.rework.IntTimeSeriesEntryTest.[engine:junit-jupiter]/[class:com.xceptance.xlt.report.util.rework.IntTimeSeriesEntryTest]/[nested-class:EqualsTest]/[method:equalsContract()]
IntTimeSeriesEntry.java,com.xceptance.xlt.report.util.rework.IntTimeSeriesEntry,org.pitest.mutationtest.engine.gregor.mutators.NegateConditionalsMutator,equals,351,KILLED,com.xceptance.xlt.report.util.rework.IntTimeSeriesEntryTest.[engine:junit-jupiter]/[class:com.xceptance.xlt.report.util.rework.IntTimeSeriesEntryTest]/[nested-class:EqualsTest]/[method:equalsContract()]
IntTimeSeriesEntry.java,com.xceptance.xlt.report.util.rework.IntTimeSeriesEntry,org.pitest.mutationtest.engine.gregor.mutators.NegateConditionalsMutator,equals,355,KILLED,com.xceptance.xlt.report.util.rework.IntTimeSeriesEntryTest.[engine:junit-jupiter]/[class:com.xceptance.xlt.report.util.rework.IntTimeSeriesEntryTest]/[nested-class:EqualsTest]/[method:equalsContract()]
IntTimeSeriesEntry.java,com.xceptance.xlt.report.util.rework.IntTimeSeriesEntry,org.pitest.mutationtest.engine.gregor.mutators.NegateConditionalsMutator,equals,359,KILLED,com.xceptance.xlt.report.util.rework.IntTimeSeriesEntryTest.[engine:junit-jupiter]/[class:com.xceptance.xlt.report.util.rework.IntTimeSeriesEntryTest]/[nested-class:EqualsTest]/[method:equalsContract()]
IntTimeSeriesEntry.java,com.xceptance.xlt.report.util.rework.IntTimeSeriesEntry,org.pitest.mutationtest.engine.gregor.mutators.NegateConditionalsMutator,equals,363,KILLED,com.xceptance.xlt.report.util.rework.IntTimeSeriesEntryTest.[engine:junit-jupiter]/[class:com.xceptance.xlt.report.util.rework.IntTimeSeriesEntryTest]/[nested-class:EqualsTest]/[method:equalsContract()]
IntTimeSeriesEntry.java,com.xceptance.xlt.report.util.rework.IntTimeSeriesEntry,org.pitest.mutationtest.engine.gregor.mutators.NegateConditionalsMutator,equals,367,KILLED,com.xceptance.xlt.report.util.rework.IntTimeSeriesEntryTest.[engine:junit-jupiter]/[class:com.xceptance.xlt.report.util.rework.IntTimeSeriesEntryTest]/[nested-class:EqualsTest]/[method:equalsContract()]
IntTimeSeriesEntry.java,com.xceptance.xlt.report.util.rework.IntTimeSeriesEntry,org.pitest.mutationtest.engine.gregor.mutators.NegateConditionalsMutator,equals,371,KILLED,com.xceptance.xlt.report.util.rework.IntTimeSeriesEntryTest.[engine:junit-jupiter]/[class:com.xceptance.xlt.report.util.rework.IntTimeSeriesEntryTest]/[nested-class:EqualsTest]/[method:equalsContract()]
IntTimeSeriesEntry.java,com.xceptance.xlt.report.util.rework.IntTimeSeriesEntry,org.pitest.mutationtest.engine.gregor.mutators.NegateConditionalsMutator,equals,375,KILLED,com.xceptance.xlt.report.util.rework.IntTimeSeriesEntryTest.[engine:junit-jupiter]/[class:com.xceptance.xlt.report.util.rework.IntTimeSeriesEntryTest]/[nested-class:EqualsTest]/[method:equalsContract()]
IntTimeSeriesEntry.java,com.xceptance.xlt.report.util.rework.IntTimeSeriesEntry,org.pitest.mutationtest.engine.gregor.mutators.returns.BooleanFalseReturnValsMutator,equals,332,KILLED,com.xceptance.xlt.report.util.rework.IntTimeSeriesEntryTest.[engine:junit-jupiter]/[class:com.xceptance.xlt.report.util.rework.IntTimeSeriesEntryTest]/[nested-class:EqualsTest]/[method:equalsContract()]
IntTimeSeriesEntry.java,com.xceptance.xlt.report.util.rework.IntTimeSeriesEntry,org.pitest.mutationtest.engine.gregor.mutators.returns.BooleanFalseReturnValsMutator,equals,379,KILLED,com.xceptance.xlt.report.util.rework.IntTimeSeriesEntryTest.[engine:junit-jupiter]/[class:com.xceptance.xlt.report.util.rework.IntTimeSeriesEntryTest]/[nested-class:EqualsTest]/[method:equalsContract()]
IntTimeSeriesEntry.java,com.xceptance.xlt.report.util.rework.IntTimeSeriesEntry,org.pitest.mutationtest.engine.gregor.mutators.returns.BooleanTrueReturnValsMutator,equals,336,KILLED,com.xceptance.xlt.report.util.rework.IntTimeSeriesEntryTest.[engine:junit-jupiter]/[class:com.xceptance.xlt.report.util.rework.IntTimeSeriesEntryTest]/[nested-class:EqualsTest]/[method:equalsContract()]
IntTimeSeriesEntry.java,com.xceptance.xlt.report.util.rework.IntTimeSeriesEntry,org.pitest.mutationtest.engine.gregor.mutators.returns.BooleanTrueReturnValsMutator,equals,340,KILLED,com.xceptance.xlt.report.util.rework.IntTimeSeriesEntryTest.[engine:junit-jupiter]/[class:com.xceptance.xlt.report.util.rework.IntTimeSeriesEntryTest]/[nested-class:EqualsTest]/[method:equalsContract()]
IntTimeSeriesEntry.java,com.xceptance.xlt.report.util.rework.IntTimeSeriesEntry,org.pitest.mutationtest.engine.gregor.mutators.returns.BooleanTrueReturnValsMutator,equals,345,KILLED,com.xceptance.xlt.report.util.rework.IntTimeSeriesEntryTest.[engine:junit-jupiter]/[class:com.xceptance.xlt.report.util.rework.IntTimeSeriesEntryTest]/[nested-class:EqualsTest]/[method:equalsContract()]
IntTimeSeriesEntry.java,com.xceptance.xlt.report.util.rework.IntTimeSeriesEntry,org.pitest.mutationtest.engine.gregor.mutators.returns.BooleanTrueReturnValsMutator,equals,349,KILLED,com.xceptance.xlt.report.util.rework.IntTimeSeriesEntryTest.[engine:junit-jupiter]/[class:com.xceptance.xlt.report.util.rework.IntTimeSeriesEntryTest]/[nested-class:EqualsTest]/[method:equalsContract()]
IntTimeSeriesEntry.java,com.xceptance.xlt.report.util.rework.IntTimeSeriesEntry,org.pitest.mutationtest.engine.gregor.mutators.returns.BooleanTrueReturnValsMutator,equals,353,KILLED,com.xceptance.xlt.report.util.rework.IntTimeSeriesEntryTest.[engine:junit-jupiter]/[class:com.xceptance.xlt.report.util.rework.IntTimeSeriesEntryTest]/[nested-class:EqualsTest]/[method:equalsChecksAllFields()]
IntTimeSeriesEntry.java,com.xceptance.xlt.report.util.rework.IntTimeSeriesEntry,org.pitest.mutationtest.engine.gregor.mutators.returns.BooleanTrueReturnValsMutator,equals,357,KILLED,com.xceptance.xlt.report.util.rework.IntTimeSeriesEntryTest.[engine:junit-jupiter]/[class:com.xceptance.xlt.report.util.rework.IntTimeSeriesEntryTest]/[nested-class:EqualsTest]/[method:equalsChecksAllFields()]
IntTimeSeriesEntry.java,com.xceptance.xlt.report.util.rework.IntTimeSeriesEntry,org.pitest.mutationtest.engine.gregor.mutators.returns.BooleanTrueReturnValsMutator,equals,361,KILLED,com.xceptance.xlt.report.util.rework.IntTimeSeriesEntryTest.[engine:junit-jupiter]/[class:com.xceptance.xlt.report.util.rework.IntTimeSeriesEntryTest]/[nested-class:EqualsTest]/[method:equalsContract()]
IntTimeSeriesEntry.java,com.xceptance.xlt.report.util.rework.IntTimeSeriesEntry,org.pitest.mutationtest.engine.gregor.mutators.returns.BooleanTrueReturnValsMutator,equals,365,KILLED,com.xceptance.xlt.report.util.rework.IntTimeSeriesEntryTest.[engine:junit-jupiter]/[class:com.xceptance.xlt.report.util.rework.IntTimeSeriesEntryTest]/[nested-class:EqualsTest]/[method:equalsChecksAllFields()]
IntTimeSeriesEntry.java,com.xceptance.xlt.report.util.rework.IntTimeSeriesEntry,org.pitest.mutationtest.engine.gregor.mutators.returns.BooleanTrueReturnValsMutator,equals,369,KILLED,com.xceptance.xlt.report.util.rework.IntTimeSeriesEntryTest.[engine:junit-jupiter]/[class:com.xceptance.xlt.report.util.rework.IntTimeSeriesEntryTest]/[nested-class:EqualsTest]/[method:equalsChecksAllFields()]
IntTimeSeriesEntry.java,com.xceptance.xlt.report.util.rework.IntTimeSeriesEntry,org.pitest.mutationtest.engine.gregor.mutators.returns.BooleanTrueReturnValsMutator,equals,373,KILLED,com.xceptance.xlt.report.util.rework.IntTimeSeriesEntryTest.[engine:junit-jupiter]/[class:com.xceptance.xlt.report.util.rework.IntTimeSeriesEntryTest]/[nested-class:EqualsTest]/[method:equalsContract()]
IntTimeSeriesEntry.java,com.xceptance.xlt.report.util.rework.IntTimeSeriesEntry,org.pitest.mutationtest.engine.gregor.mutators.returns.BooleanTrueReturnValsMutator,equals,377,KILLED,com.xceptance.xlt.report.util.rework.IntTimeSeriesEntryTest.[engine:junit-jupiter]/[class:com.xceptance.xlt.report.util.rework.IntTimeSeriesEntryTest]/[nested-class:EqualsTest]/[method:equalsChecksAllFields()]
IntTimeSeriesEntry.java,com.xceptance.xlt.report.util.rework.IntTimeSeriesEntry,org.pitest.mutationtest.engine.gregor.mutators.MathMutator,getAverageValue,177,KILLED,com.xceptance.xlt.report.util.rework.IntTimeSeriesEntryTest.[engine:junit-jupiter]/[class:com.xceptance.xlt.report.util.rework.IntTimeSeriesEntryTest]/[nested-class:UpdateTest]/[method:multipleValues()]
IntTimeSeriesEntry.java,com.xceptance.xlt.report.util.rework.IntTimeSeriesEntry,org.pitest.mutationtest.engine.gregor.mutators.NegateConditionalsMutator,getAverageValue,177,KILLED,com.xceptance.xlt.report.util.rework.IntTimeSeriesEntryTest.[engine:junit-jupiter]/[class:com.xceptance.xlt.report.util.rework.IntTimeSeriesEntryTest]/[nested-class:ConstructionTest]/[method:parameterizedConstructor()]
IntTimeSeriesEntry.java,com.xceptance.xlt.report.util.rework.IntTimeSeriesEntry,org.pitest.mutationtest.engine.gregor.mutators.returns.PrimitiveReturnsMutator,getAverageValue,177,KILLED,com.xceptance.xlt.report.util.rework.IntTimeSeriesEntryTest.[engine:junit-jupiter]/[class:com.xceptance.xlt.report.util.rework.IntTimeSeriesEntryTest]/[nested-class:ConstructionTest]/[method:parameterizedConstructor()]
IntTimeSeriesEntry.java,com.xceptance.xlt.report.util.rework.IntTimeSeriesEntry,org.pitest.mutationtest.engine.gregor.mutators.returns.PrimitiveReturnsMutator,getConcurrentCount,249,KILLED,com.xceptance.xlt.report.util.rework.IntTimeSeriesEntryTest.[engine:junit-jupiter]/[class:com.xceptance.xlt.report.util.rework.IntTimeSeriesEntryTest]/[nested-class:UpdateTest]/[method:updateConcurrency()]
IntTimeSeriesEntry.java,com.xceptance.xlt.report.util.rework.IntTimeSeriesEntry,org.pitest.mutationtest.engine.gregor.mutators.returns.PrimitiveReturnsMutator,getCount,239,KILLED,com.xceptance.xlt.report.util.rework.IntTimeSeriesEntryTest.[engine:junit-jupiter]/[class:com.xceptance.xlt.report.util.rework.IntTimeSeriesEntryTest]/[nested-class:MergeTest]/[method:mergeLargerScale()]
IntTimeSeriesEntry.java,com.xceptance.xlt.report.util.rework.IntTimeSeriesEntry,org.pitest.mutationtest.engine.gregor.mutators.returns.PrimitiveReturnsMutator,getErrorCount,206,KILLED,com.xceptance.xlt.report.util.rework.IntTimeSeriesEntryTest.[engine:junit-jupiter]/[class:com.xceptance.xlt.report.util.rework.IntTimeSeriesEntryTest]/[nested-class:MergeTest]/[method:mergeSameScaleOddNumbers()]
IntTimeSeriesEntry.java,com.xceptance.xlt.report.util.rework.IntTimeSeriesEntry,org.pitest.mutationtest.engine.gregor.mutators.NegateConditionalsMutator,getMaximumValue,188,KILLED,com.xceptance.xlt.report.util.rework.IntTimeSeriesEntryTest.[engine:junit-jupiter]/[class:com.xceptance.xlt.report.util.rework.IntTimeSeriesEntryTest]/[nested-class:MergeTest]/[method:mergeLargerScale()]
IntTimeSeriesEntry.java,com.xceptance.xlt.report.util.rework.IntTimeSeriesEntry,org.pitest.mutationtest.engine.gregor.mutators.returns.PrimitiveReturnsMutator,getMaximumValue,188,KILLED,com.xceptance.xlt.report.util.rework.IntTimeSeriesEntryTest.[engine:junit-jupiter]/[class:com.xceptance.xlt.report.util.rework.IntTimeSeriesEntryTest]/[nested-class:MergeTest]/[method:mergeLargerScale()]
IntTimeSeriesEntry.java,com.xceptance.xlt.report.util.rework.IntTimeSeriesEntry,org.pitest.mutationtest.engine.gregor.mutators.NegateConditionalsMutator,getMinimumValue,198,KILLED,com.xceptance.xlt.report.util.rework.IntTimeSeriesEntryTest.[engine:junit-jupiter]/[class:com.xceptance.xlt.report.util.rework.IntTimeSeriesEntryTest]/[nested-class:MergeTest]/[method:mergeLargerScale()]
IntTimeSeriesEntry.java,com.xceptance.xlt.report.util.rework.IntTimeSeriesEntry,org.pitest.mutationtest.engine.gregor.mutators.returns.PrimitiveReturnsMutator,getMinimumValue,198,KILLED,com.xceptance.xlt.report.util.rework.IntTimeSeriesEntryTest.[engine:junit-jupiter]/[class:com.xceptance.xlt.report.util.rework.IntTimeSeriesEntryTest]/[nested-class:MergeTest]/[method:mergeLargerScale()]
IntTimeSeriesEntry.java,com.xceptance.xlt.report.util.rework.IntTimeSeriesEntry,org.pitest.mutationtest.engine.gregor.mutators.returns.PrimitiveReturnsMutator,getTotalValue,167,KILLED,com.xceptance.xlt.report.util.rework.IntTimeSeriesEntryTest.[engine:junit-jupiter]/[class:com.xceptance.xlt.report.util.rework.IntTimeSeriesEntryTest]/[nested-class:MergeTest]/[method:mergeLargerScale()]
IntTimeSeriesEntry.java,com.xceptance.xlt.report.util.rework.IntTimeSeriesEntry,org.pitest.mutationtest.engine.gregor.mutators.ConditionalsBoundaryMutator,getValues,218,KILLED,com.xceptance.xlt.report.util.rework.IntTimeSeriesEntryTest.[engine:junit-jupiter]/[class:com.xceptance.xlt.report.util.rework.IntTimeSeriesEntryTest]/[nested-class:DistinctValuesTest]/[method:highRangeValues()]
IntTimeSeriesEntry.java,com.xceptance.xlt.report.util.rework.IntTimeSeriesEntry,org.pitest.mutationtest.engine.gregor.mutators.ConditionalsBoundaryMutator,getValues,220,KILLED,com.xceptance.xlt.report.util.rework.IntTimeSeriesEntryTest.[engine:junit-jupiter]/[class:com.xceptance.xlt.report.util.rework.IntTimeSeriesEntryTest]/[nested-class:DistinctValuesTest]/[method:scalingTriggered()]
IntTimeSeriesEntry.java,com.xceptance.xlt.report.util.rework.IntTimeSeriesEntry,org.pitest.mutationtest.engine.gregor.mutators.MathMutator,getValues,220,KILLED,com.xceptance.xlt.report.util.rework.IntTimeSeriesEntryTest.[engine:junit-jupiter]/[class:com.xceptance.xlt.report.util.rework.IntTimeSeriesEntryTest]/[nested-class:DistinctValuesTest]/[method:scalingTriggered()]
IntTimeSeriesEntry.java,com.xceptance.xlt.report.util.rework.IntTimeSeriesEntry,org.pitest.mutationtest.engine.gregor.mutators.MathMutator,getValues,220,KILLED,com.xceptance.xlt.report.util.rework.IntTimeSeriesEntryTest.[engine:junit-jupiter]/[class:com.xceptance.xlt.report.util.rework.IntTimeSeriesEntryTest]/[nested-class:DistinctValuesTest]/[method:highRangeValues()]
IntTimeSeriesEntry.java,com.xceptance.xlt.report.util.rework.IntTimeSeriesEntry,org.pitest.mutationtest.engine.gregor.mutators.MathMutator,getValues,221,SURVIVED,none
IntTimeSeriesEntry.java,com.xceptance.xlt.report.util.rework.IntTimeSeriesEntry,org.pitest.mutationtest.engine.gregor.mutators.MathMutator,getValues,221,KILLED,com.xceptance.xlt.report.util.rework.IntTimeSeriesEntryTest.[engine:junit-jupiter]/[class:com.xceptance.xlt.report.util.rework.IntTimeSeriesEntryTest]/[nested-class:DistinctValuesTest]/[method:highRangeValues()]
IntTimeSeriesEntry.java,com.xceptance.xlt.report.util.rework.IntTimeSeriesEntry,org.pitest.mutationtest.engine.gregor.mutators.MathMutator,getValues,221,KILLED,com.xceptance.xlt.report.util.rework.IntTimeSeriesEntryTest.[engine:junit-jupiter]/[class:com.xceptance.xlt.report.util.rework.IntTimeSeriesEntryTest]/[nested-class:DistinctValuesTest]/[method:highRangeValues()]
IntTimeSeriesEntry.java,com.xceptance.xlt.report.util.rework.IntTimeSeriesEntry,org.pitest.mutationtest.engine.gregor.mutators.MathMutator,getValues,222,KILLED,com.xceptance.xlt.report.util.rework.IntTimeSeriesEntryTest.[engine:junit-jupiter]/[class:com.xceptance.xlt.report.util.rework.IntTimeSeriesEntryTest]/[nested-class:DistinctValuesTest]/[method:scalingTriggered()]
IntTimeSeriesEntry.java,com.xceptance.xlt.report.util.rework.IntTimeSeriesEntry,org.pitest.mutationtest.engine.gregor.mutators.MathMutator,getValues,222,KILLED,com.xceptance.xlt.report.util.rework.IntTimeSeriesEntryTest.[engine:junit-jupiter]/[class:com.xceptance.xlt.report.util.rework.IntTimeSeriesEntryTest]/[nested-class:DistinctValuesTest]/[method:scalingTriggered()]
IntTimeSeriesEntry.java,com.xceptance.xlt.report.util.rework.IntTimeSeriesEntry,org.pitest.mutationtest.engine.gregor.mutators.NegateConditionalsMutator,getValues,218,KILLED,com.xceptance.xlt.report.util.rework.IntTimeSeriesEntryTest.[engine:junit-jupiter]/[class:com.xceptance.xlt.report.util.rework.IntTimeSeriesEntryTest]/[nested-class:DistinctValuesTest]/[method:scalingTriggered()]
IntTimeSeriesEntry.java,com.xceptance.xlt.report.util.rework.IntTimeSeriesEntry,org.pitest.mutationtest.engine.gregor.mutators.NegateConditionalsMutator,getValues,220,KILLED,com.xceptance.xlt.report.util.rework.IntTimeSeriesEntryTest.[engine:junit-jupiter]/[class:com.xceptance.xlt.report.util.rework.IntTimeSeriesEntryTest]/[nested-class:DistinctValuesTest]/[method:scalingTriggered()]
IntTimeSeriesEntry.java,com.xceptance.xlt.report.util.rework.IntTimeSeriesEntry,org.pitest.mutationtest.engine.gregor.mutators.NegateConditionalsMutator,getValues,220,KILLED,com.xceptance.xlt.report.util.rework.IntTimeSeriesEntryTest.[engine:junit-jupiter]/[class:com.xceptance.xlt.report.util.rework.IntTimeSeriesEntryTest]/[nested-class:DistinctValuesTest]/[method:scalingTriggered()]
IntTimeSeriesEntry.java,com.xceptance.xlt.report.util.rework.IntTimeSeriesEntry,org.pitest.mutationtest.engine.gregor.mutators.NegateConditionalsMutator,getValues,221,KILLED,com.xceptance.xlt.report.util.rework.IntTimeSeriesEntryTest.[engine:junit-jupiter]/[class:com.xceptance.xlt.report.util.rework.IntTimeSeriesEntryTest]/[nested-class:DistinctValuesTest]/[method:scalingTriggered()]
IntTimeSeriesEntry.java,com.xceptance.xlt.report.util.rework.IntTimeSeriesEntry,org.pitest.mutationtest.engine.gregor.mutators.NegateConditionalsMutator,getValues,223,KILLED,com.xceptance.xlt.report.util.rework.IntTimeSeriesEntryTest.[engine:junit-jupiter]/[class:com.xceptance.xlt.report.util.rework.IntTimeSeriesEntryTest]/[nested-class:DistinctValuesTest]/[method:scalingTriggered()]
IntTimeSeriesEntry.java,com.xceptance.xlt.report.util.rework.IntTimeSeriesEntry,org.pitest.mutationtest.engine.gregor.mutators.returns.NullReturnValsMutator,getValues,229,KILLED,com.xceptance.xlt.report.util.rework.IntTimeSeriesEntryTest.[engine:junit-jupiter]/[class:com.xceptance.xlt.report.util.rework.IntTimeSeriesEntryTest]/[nested-class:DistinctValuesTest]/[method:scalingTriggered()]
IntTimeSeriesEntry.java,com.xceptance.xlt.report.util.rework.IntTimeSeriesEntry,org.pitest.mutationtest.engine.gregor.mutators.ConditionalsBoundaryMutator,merge,262,SURVIVED,none
IntTimeSeriesEntry.java,com.xceptance.xlt.report.util.rework.IntTimeSeriesEntry,org.pitest.mutationtest.engine.gregor.mutators.ConditionalsBoundaryMutator,merge,265,KILLED,com.xceptance.xlt.report.util.rework.IntTimeSeriesEntryTest.[engine:junit-jupiter]/[class:com.xceptance.xlt.report.util.rework.IntTimeSeriesEntryTest]/[nested-class:MergeTest]/[method:mergeSmallerScale()]
IntTimeSeriesEntry.java,com.xceptance.xlt.report.util.rework.IntTimeSeriesEntry,org.pitest.mutationtest.engine.gregor.mutators.ConditionalsBoundaryMutator,merge,277,SURVIVED,none
IntTimeSeriesEntry.java,com.xceptance.xlt.report.util.rework.IntTimeSeriesEntry,org.pitest.mutationtest.engine.gregor.mutators.ConditionalsBoundaryMutator,merge,280,KILLED,com.xceptance.xlt.report.util.rework.IntTimeSeriesEntryTest.[engine:junit-jupiter]/[class:com.xceptance.xlt.report.util.rework.IntTimeSeriesEntryTest]/[nested-class:MergeTest]/[method:mergeLargerScale()]
IntTimeSeriesEntry.java,com.xceptance.xlt.report.util.rework.IntTimeSeriesEntry,org.pitest.mutationtest.engine.gregor.mutators.MathMutator,merge,274,TIMED_OUT,none
IntTimeSeriesEntry.java,com.xceptance.xlt.report.util.rework.IntTimeSeriesEntry,org.pitest.mutationtest.engine.gregor.mutators.MathMutator,merge,289,TIMED_OUT,none
IntTimeSeriesEntry.java,com.xceptance.xlt.report.util.rework.IntTimeSeriesEntry,org.pitest.mutationtest.engine.gregor.mutators.MathMutator,merge,296,KILLED,com.xceptance.xlt.report.util.rework.IntTimeSeriesEntryTest.[engine:junit-jupiter]/[class:com.xceptance.xlt.report.util.rework.IntTimeSeriesEntryTest]/[nested-class:MergeTest]/[method:mergeLargerScale()]
IntTimeSeriesEntry.java,com.xceptance.xlt.report.util.rework.IntTimeSeriesEntry,org.pitest.mutationtest.engine.gregor.mutators.MathMutator,merge,297,KILLED,com.xceptance.xlt.report.util.rework.IntTimeSeriesEntryTest.[engine:junit-jupiter]/[class:com.xceptance.xlt.report.util.rework.IntTimeSeriesEntryTest]/[nested-class:MergeTest]/[method:mergeLargerScale()]
IntTimeSeriesEntry.java,com.xceptance.xlt.report.util.rework.IntTimeSeriesEntry,org.pitest.mutationtest.engine.gregor.mutators.MathMutator,merge,301,KILLED,com.xceptance.xlt.report.util.rework.IntTimeSeriesEntryTest.[engine:junit-jupiter]/[class:com.xceptance.xlt.report.util.rework.IntTimeSeriesEntryTest]/[nested-class:MergeTest]/[method:mergeSameScaleOddNumbers()]
IntTimeSeriesEntry.java,com.xceptance.xlt.report.util.rework.IntTimeSeriesEntry,org.pitest.mutationtest.engine.gregor.mutators.MathMutator,merge,303,KILLED,com.xceptance.xlt.report.util.rework.IntTimeSeriesEntryTest.[engine:junit-jupiter]/[class:com.xceptance.xlt.report.util.rework.IntTimeSeriesEntryTest]/[nested-class:MergeTest]/[method:mergeSameScaleOddNumbers()]
IntTimeSeriesEntry.java,com.xceptance.xlt.report.util.rework.IntTimeSeriesEntry,org.pitest.mutationtest.engine.gregor.mutators.MathMutator,merge,304,KILLED,com.xceptance.xlt.report.util.rework.IntTimeSeriesEntryTest.[engine:junit-jupiter]/[class:com.xceptance.xlt.report.util.rework.IntTimeSeriesEntryTest]/[nested-class:MergeTest]/[method:mergeSameScaleOddNumbers()]
IntTimeSeriesEntry.java,com.xceptance.xlt.report.util.rework.IntTimeSeriesEntry,org.pitest.mutationtest.engine.gregor.mutators.NegateConditionalsMutator,merge,262,KILLED,com.xceptance.xlt.report.util.rework.IntTimeSeriesEntryTest.[engine:junit-jupiter]/[class:com.xceptance.xlt.report.util.rework.IntTimeSeriesEntryTest]/[nested-class:MergeTest]/[method:mergeLargerScale()]
IntTimeSeriesEntry.java,com.xceptance.xlt.report.util.rework.IntTimeSeriesEntry,org.pitest.mutationtest.engine.gregor.mutators.NegateConditionalsMutator,merge,265,KILLED,com.xceptance.xlt.report.util.rework.IntTimeSeriesEntryTest.[engine:junit-jupiter]/[class:com.xceptance.xlt.report.util.rework.IntTimeSeriesEntryTest]/[nested-class:MergeTest]/[method:mergeSmallerScale()]
IntTimeSeriesEntry.java,com.xceptance.xlt.report.util.rework.IntTimeSeriesEntry,org.pitest.mutationtest.engine.gregor.mutators.NegateConditionalsMutator,merge,277,KILLED,com.xceptance.xlt.report.util.rework.IntTimeSeriesEntryTest.[engine:junit-jupiter]/[class:com.xceptance.xlt.report.util.rework.IntTimeSeriesEntryTest]/[nested-class:MergeTest]/[method:mergeLargerScale()]
IntTimeSeriesEntry.java,com.xceptance.xlt.report.util.rework.IntTimeSeriesEntry,org.pitest.mutationtest.engine.gregor.mutators.NegateConditionalsMutator,merge,280,KILLED,com.xceptance.xlt.report.util.rework.IntTimeSeriesEntryTest.[engine:junit-jupiter]/[class:com.xceptance.xlt.report.util.rework.IntTimeSeriesEntryTest]/[nested-class:MergeTest]/[method:mergeLargerScale()]
IntTimeSeriesEntry.java,com.xceptance.xlt.report.util.rework.IntTimeSeriesEntry,org.pitest.mutationtest.engine.gregor.mutators.returns.NullReturnValsMutator,merge,306,KILLED,com.xceptance.xlt.report.util.rework.IntTimeSeriesTest.[engine:junit-jupiter]/[class:com.xceptance.xlt.report.util.rework.IntTimeSeriesTest]/[nested-class:ToHistogramTest]/[method:condenseRepeatsAtBoundary()]
IntTimeSeriesEntry.java,com.xceptance.xlt.report.util.rework.IntTimeSeriesEntry,org.pitest.mutationtest.engine.gregor.mutators.ConditionalsBoundaryMutator,scaleIfNeeded,138,KILLED,com.xceptance.xlt.report.util.rework.IntTimeSeriesEntryTest.[engine:junit-jupiter]/[class:com.xceptance.xlt.report.util.rework.IntTimeSeriesEntryTest]/[nested-class:DistinctValuesTest]/[method:scalingTriggered()]
IntTimeSeriesEntry.java,com.xceptance.xlt.report.util.rework.IntTimeSeriesEntry,org.pitest.mutationtest.engine.gregor.mutators.MathMutator,scaleIfNeeded,135,KILLED,com.xceptance.xlt.report.util.rework.IntTimeSeriesEntryTest.[engine:junit-jupiter]/[class:com.xceptance.xlt.report.util.rework.IntTimeSeriesEntryTest]/[nested-class:MergeTest]/[method:scaleIfNeededPreservesHighBits()]
IntTimeSeriesEntry.java,com.xceptance.xlt.report.util.rework.IntTimeSeriesEntry,org.pitest.mutationtest.engine.gregor.mutators.MathMutator,scaleIfNeeded,149,KILLED,com.xceptance.xlt.report.util.rework.IntTimeSeriesEntryTest.[engine:junit-jupiter]/[class:com.xceptance.xlt.report.util.rework.IntTimeSeriesEntryTest]/[nested-class:MergeTest]/[method:scaleIfNeededPreservesHighBits()]
IntTimeSeriesEntry.java,com.xceptance.xlt.report.util.rework.IntTimeSeriesEntry,org.pitest.mutationtest.engine.gregor.mutators.MathMutator,scaleIfNeeded,149,KILLED,com.xceptance.xlt.report.util.rework.IntTimeSeriesEntryTest.[engine:junit-jupiter]/[class:com.xceptance.xlt.report.util.rework.IntTimeSeriesEntryTest]/[nested-class:DistinctValuesTest]/[method:scalingTriggered()]
IntTimeSeriesEntry.java,com.xceptance.xlt.report.util.rework.IntTimeSeriesEntry,org.pitest.mutationtest.engine.gregor.mutators.MathMutator,scaleIfNeeded,154,KILLED,com.xceptance.xlt.report.util.rework.IntTimeSeriesEntryTest.[engine:junit-jupiter]/[class:com.xceptance.xlt.report.util.rework.IntTimeSeriesEntryTest]/[nested-class:DistinctValuesTest]/[method:scalingTriggered()]
IntTimeSeriesEntry.java,com.xceptance.xlt.report.util.rework.IntTimeSeriesEntry,org.pitest.mutationtest.engine.gregor.mutators.MathMutator,scaleIfNeeded,154,KILLED,com.xceptance.xlt.report.util.rework.IntTimeSeriesEntryTest.[engine:junit-jupiter]/[class:com.xceptance.xlt.report.util.rework.IntTimeSeriesEntryTest]/[nested-class:DistinctValuesTest]/[method:scalingTriggered()]
IntTimeSeriesEntry.java,com.xceptance.xlt.report.util.rework.IntTimeSeriesEntry,org.pitest.mutationtest.engine.gregor.mutators.NegateConditionalsMutator,scaleIfNeeded,138,TIMED_OUT,none
IntTimeSeriesEntry.java,com.xceptance.xlt.report.util.rework.IntTimeSeriesEntry,org.pitest.mutationtest.engine.gregor.mutators.returns.PrimitiveReturnsMutator,scaleIfNeeded,157,KILLED,com.xceptance.xlt.report.util.rework.IntTimeSeriesEntryTest.[engine:junit-jupiter]/[class:com.xceptance.xlt.report.util.rework.IntTimeSeriesEntryTest]/[nested-class:DistinctValuesTest]/[method:scalingTriggered()]
IntTimeSeriesEntry.java,com.xceptance.xlt.report.util.rework.IntTimeSeriesEntry,org.pitest.mutationtest.engine.gregor.mutators.returns.EmptyObjectReturnValsMutator,toString,316,KILLED,com.xceptance.xlt.report.util.rework.IntTimeSeriesEntryTest.[engine:junit-jupiter]/[class:com.xceptance.xlt.report.util.rework.IntTimeSeriesEntryTest]/[nested-class:ConstructionTest]/[method:defaultConstructor()]
IntTimeSeriesEntry.java,com.xceptance.xlt.report.util.rework.IntTimeSeriesEntry,org.pitest.mutationtest.engine.gregor.mutators.MathMutator,updateConcurrency,122,KILLED,com.xceptance.xlt.report.util.rework.IntTimeSeriesEntryTest.[engine:junit-jupiter]/[class:com.xceptance.xlt.report.util.rework.IntTimeSeriesEntryTest]/[nested-class:UpdateTest]/[method:updateConcurrency()]
IntTimeSeriesEntry.java,com.xceptance.xlt.report.util.rework.IntTimeSeriesEntry,org.pitest.mutationtest.engine.gregor.mutators.ConditionalsBoundaryMutator,updateValue,86,SURVIVED,none
IntTimeSeriesEntry.java,com.xceptance.xlt.report.util.rework.IntTimeSeriesEntry,org.pitest.mutationtest.engine.gregor.mutators.ConditionalsBoundaryMutator,updateValue,95,SURVIVED,none
IntTimeSeriesEntry.java,com.xceptance.xlt.report.util.rework.IntTimeSeriesEntry,org.pitest.mutationtest.engine.gregor.mutators.ConditionalsBoundaryMutator,updateValue,99,SURVIVED,none
IntTimeSeriesEntry.java,com.xceptance.xlt.report.util.rework.IntTimeSeriesEntry,org.pitest.mutationtest.engine.gregor.mutators.ConditionalsBoundaryMutator,updateValue,107,KILLED,com.xceptance.xlt.report.util.rework.IntTimeSeriesEntryTest.[engine:junit-jupiter]/[class:com.xceptance.xlt.report.util.rework.IntTimeSeriesEntryTest]/[nested-class:DistinctValuesTest]/[method:scalingTriggered()]
IntTimeSeriesEntry.java,com.xceptance.xlt.report.util.rework.IntTimeSeriesEntry,org.pitest.mutationtest.engine.gregor.mutators.MathMutator,updateValue,88,KILLED,com.xceptance.xlt.report.util.rework.IntTimeSeriesEntryTest.[engine:junit-jupiter]/[class:com.xceptance.xlt.report.util.rework.IntTimeSeriesEntryTest]/[nested-class:MergeTest]/[method:mergeLargerScale()]
IntTimeSeriesEntry.java,com.xceptance.xlt.report.util.rework.IntTimeSeriesEntry,org.pitest.mutationtest.engine.gregor.mutators.MathMutator,updateValue,89,KILLED,com.xceptance.xlt.report.util.rework.IntTimeSeriesEntryTest.[engine:junit-jupiter]/[class:com.xceptance.xlt.report.util.rework.IntTimeSeriesEntryTest]/[nested-class:MergeTest]/[method:mergeSameScaleOddNumbers()]
IntTimeSeriesEntry.java,com.xceptance.xlt.report.util.rework.IntTimeSeriesEntry,org.pitest.mutationtest.engine.gregor.mutators.MathMutator,updateValue,90,KILLED,com.xceptance.xlt.report.util.rework.IntTimeSeriesEntryTest.[engine:junit-jupiter]/[class:com.xceptance.xlt.report.util.rework.IntTimeSeriesEntryTest]/[nested-class:MergeTest]/[method:mergeLargerScale()]
IntTimeSeriesEntry.java,com.xceptance.xlt.report.util.rework.IntTimeSeriesEntry,org.pitest.mutationtest.engine.gregor.mutators.MathMutator,updateValue,91,KILLED,com.xceptance.xlt.report.util.rework.IntTimeSeriesEntryTest.[engine:junit-jupiter]/[class:com.xceptance.xlt.report.util.rework.IntTimeSeriesEntryTest]/[nested-class:UpdateTest]/[method:updateConcurrency()]
IntTimeSeriesEntry.java,com.xceptance.xlt.report.util.rework.IntTimeSeriesEntry,org.pitest.mutationtest.engine.gregor.mutators.MathMutator,updateValue,109,KILLED,com.xceptance.xlt.report.util.rework.IntTimeSeriesEntryTest.[engine:junit-jupiter]/[class:com.xceptance.xlt.report.util.rework.IntTimeSeriesEntryTest]/[nested-class:DistinctValuesTest]/[method:scalingTriggered()]
IntTimeSeriesEntry.java,com.xceptance.xlt.report.util.rework.IntTimeSeriesEntry,org.pitest.mutationtest.engine.gregor.mutators.MathMutator,updateValue,109,KILLED,com.xceptance.xlt.report.util.rework.IntTimeSeriesEntryTest.[engine:junit-jupiter]/[class:com.xceptance.xlt.report.util.rework.IntTimeSeriesEntryTest]/[nested-class:DistinctValuesTest]/[method:scalingTriggered()]
IntTimeSeriesEntry.java,com.xceptance.xlt.report.util.rework.IntTimeSeriesEntry,org.pitest.mutationtest.engine.gregor.mutators.MathMutator,updateValue,113,SURVIVED,none
IntTimeSeriesEntry.java,com.xceptance.xlt.report.util.rework.IntTimeSeriesEntry,org.pitest.mutationtest.engine.gregor.mutators.MathMutator,updateValue,113,KILLED,com.xceptance.xlt.report.util.rework.IntTimeSeriesEntryTest.[engine:junit-jupiter]/[class:com.xceptance.xlt.report.util.rework.IntTimeSeriesEntryTest]/[nested-class:DistinctValuesTest]/[method:highRangeValues()]
IntTimeSeriesEntry.java,com.xceptance.xlt.report.util.rework.IntTimeSeriesEntry,org.pitest.mutationtest.engine.gregor.mutators.MathMutator,updateValue,113,KILLED,com.xceptance.xlt.report.util.rework.IntTimeSeriesEntryTest.[engine:junit-jupiter]/[class:com.xceptance.xlt.report.util.rework.IntTimeSeriesEntryTest]/[nested-class:DistinctValuesTest]/[method:scalingTriggered()]
IntTimeSeriesEntry.java,com.xceptance.xlt.report.util.rework.IntTimeSeriesEntry,org.pitest.mutationtest.engine.gregor.mutators.NegateConditionalsMutator,updateValue,86,KILLED,com.xceptance.xlt.report.util.rework.IntTimeSeriesEntryTest.[engine:junit-jupiter]/[class:com.xceptance.xlt.report.util.rework.IntTimeSeriesEntryTest]/[nested-class:DistinctValuesTest]/[method:scalingTriggered()]
IntTimeSeriesEntry.java,com.xceptance.xlt.report.util.rework.IntTimeSeriesEntry,org.pitest.mutationtest.engine.gregor.mutators.NegateConditionalsMutator,updateValue,89,KILLED,com.xceptance.xlt.report.util.rework.IntTimeSeriesEntryTest.[engine:junit-jupiter]/[class:com.xceptance.xlt.report.util.rework.IntTimeSeriesEntryTest]/[nested-class:ConstructionTest]/[method:parameterizedConstructor()]
IntTimeSeriesEntry.java,com.xceptance.xlt.report.util.rework.IntTimeSeriesEntry,org.pitest.mutationtest.engine.gregor.mutators.NegateConditionalsMutator,updateValue,95,KILLED,com.xceptance.xlt.report.util.rework.IntTimeSeriesEntryTest.[engine:junit-jupiter]/[class:com.xceptance.xlt.report.util.rework.IntTimeSeriesEntryTest]/[nested-class:MergeTest]/[method:mergeLargerScale()]
IntTimeSeriesEntry.java,com.xceptance.xlt.report.util.rework.IntTimeSeriesEntry,org.pitest.mutationtest.engine.gregor.mutators.NegateConditionalsMutator,updateValue,99,KILLED,com.xceptance.xlt.report.util.rework.IntTimeSeriesEntryTest.[engine:junit-jupiter]/[class:com.xceptance.xlt.report.util.rework.IntTimeSeriesEntryTest]/[nested-class:MergeTest]/[method:mergeLargerScale()]
IntTimeSeriesEntry.java,com.xceptance.xlt.report.util.rework.IntTimeSeriesEntry,org.pitest.mutationtest.engine.gregor.mutators.NegateConditionalsMutator,updateValue,107,KILLED,com.xceptance.xlt.report.util.rework.IntTimeSeriesEntryTest.[engine:junit-jupiter]/[class:com.xceptance.xlt.report.util.rework.IntTimeSeriesEntryTest]/[nested-class:DistinctValuesTest]/[method:scalingTriggered()]
FastHashMap.java,org.jugsaxony.demo12.FastHashMap,org.pitest.mutationtest.engine.gregor.mutators.ConditionalsBoundaryMutator,<init>,63,KILLED,org.jugsaxony.demo12.FastHashMapTest.[engine:junit-jupiter]/[class:org.jugsaxony.demo12.FastHashMapTest]/[nested-class:MutationCoverageTest]/[method:testConstructorCapacityZero()]
FastHashMap.java,org.jugsaxony.demo12.FastHashMap,org.pitest.mutationtest.engine.gregor.mutators.ConditionalsBoundaryMutator,<init>,66,KILLED,org.jugsaxony.demo12.FastHashMapTest.[engine:junit-jupiter]/[class:org.jugsaxony.demo12.FastHashMapTest]/[nested-class:ConstructorAndValidationTest]/[method:testInvalidConstructorArgs()]
FastHashMap.java,org.jugsaxony.demo12.FastHashMap,org.pitest.mutationtest.engine.gregor.mutators.ConditionalsBoundaryMutator,<init>,66,KILLED,org.jugsaxony.demo12.FastHashMapTest.[engine:junit-jupiter]/[class:org.jugsaxony.demo12.FastHashMapTest]/[nested-class:ConstructorAndValidationTest]/[method:testInvalidConstructorArgs()]
FastHashMap.java,org.jugsaxony.demo12.FastHashMap,org.pitest.mutationtest.engine.gregor.mutators.MathMutator,<init>,74,KILLED,org.jugsaxony.demo12.FastHashMapTest.[engine:junit-jupiter]/[class:org.jugsaxony.demo12.FastHashMapTest]/[nested-class:BasicOperationsTest]/[method:testPutAndGetSingle()]
FastHashMap.java,org.jugsaxony.demo12.FastHashMap,org.pitest.mutationtest.engine.gregor.mutators.MathMutator,<init>,75,KILLED,org.jugsaxony.demo12.FastHashMapTest.[engine:junit-jupiter]/[class:org.jugsaxony.demo12.FastHashMapTest]/[nested-class:MutationCoverageTest]/[method:testExactThresholdResize()]
FastHashMap.java,org.jugsaxony.demo12.FastHashMap,org.pitest.mutationtest.engine.gregor.mutators.NegateConditionalsMutator,<init>,63,KILLED,org.jugsaxony.demo12.FastHashMapTest.[engine:junit-jupiter]/[class:org.jugsaxony.demo12.FastHashMapTest]/[nested-class:MutationCoverageTest]/[method:testConstructorCapacityZero()]
FastHashMap.java,org.jugsaxony.demo12.FastHashMap,org.pitest.mutationtest.engine.gregor.mutators.NegateConditionalsMutator,<init>,66,KILLED,org.jugsaxony.demo12.FastHashMapTest.[engine:junit-jupiter]/[class:org.jugsaxony.demo12.FastHashMapTest]/[nested-class:MutationCoverageTest]/[method:testConstructorCapacityZero()]
FastHashMap.java,org.jugsaxony.demo12.FastHashMap,org.pitest.mutationtest.engine.gregor.mutators.NegateConditionalsMutator,<init>,66,KILLED,org.jugsaxony.demo12.FastHashMapTest.[engine:junit-jupiter]/[class:org.jugsaxony.demo12.FastHashMapTest]/[nested-class:MutationCoverageTest]/[method:testConstructorCapacityZero()]
FastHashMap.java,org.jugsaxony.demo12.FastHashMap,org.pitest.mutationtest.engine.gregor.mutators.NegateConditionalsMutator,<init>,66,KILLED,org.jugsaxony.demo12.FastHashMapTest.[engine:junit-jupiter]/[class:org.jugsaxony.demo12.FastHashMapTest]/[nested-class:MutationCoverageTest]/[method:testConstructorCapacityZero()]
FastHashMap.java,org.jugsaxony.demo12.FastHashMap,org.pitest.mutationtest.engine.gregor.mutators.ConditionalsBoundaryMutator,clear,237,KILLED,org.jugsaxony.demo12.FastHashMapTest.[engine:junit-jupiter]/[class:org.jugsaxony.demo12.FastHashMapTest]/[nested-class:MutationCoverageTest]/[method:testClearWhenEmptyPreservesArray()]
FastHashMap.java,org.jugsaxony.demo12.FastHashMap,org.pitest.mutationtest.engine.gregor.mutators.NegateConditionalsMutator,clear,237,KILLED,org.jugsaxony.demo12.FastHashMapTest.[engine:junit-jupiter]/[class:org.jugsaxony.demo12.FastHashMapTest]/[nested-class:MutationCoverageTest]/[method:testClearWhenEmptyPreservesArray()]
FastHashMap.java,org.jugsaxony.demo12.FastHashMap,org.pitest.mutationtest.engine.gregor.mutators.VoidMethodCallMutator,clear,238,KILLED,org.jugsaxony.demo12.FastHashMapTest.[engine:junit-jupiter]/[class:org.jugsaxony.demo12.FastHashMapTest]/[nested-class:MutationCoverageTest]/[method:testClearWhenEmptyPreservesArray()]
FastHashMap.java,org.jugsaxony.demo12.FastHashMap,org.pitest.mutationtest.engine.gregor.mutators.VoidMethodCallMutator,clear,239,KILLED,org.jugsaxony.demo12.FastHashMapTest.[engine:junit-jupiter]/[class:org.jugsaxony.demo12.FastHashMapTest]/[nested-class:MutationCoverageTest]/[method:testClearWhenEmptyPreservesArray()]
FastHashMap.java,org.jugsaxony.demo12.FastHashMap,org.pitest.mutationtest.engine.gregor.mutators.MathMutator,get,91,KILLED,org.jugsaxony.demo12.FastHashMapTest.[engine:junit-jupiter]/[class:org.jugsaxony.demo12.FastHashMapTest]/[nested-class:ConstructorAndValidationTest]/[method:testSingleArgConstructor()]
FastHashMap.java,org.jugsaxony.demo12.FastHashMap,org.pitest.mutationtest.engine.gregor.mutators.MathMutator,get,97,KILLED,org.jugsaxony.demo12.FastHashMapTest.[engine:junit-jupiter]/[class:org.jugsaxony.demo12.FastHashMapTest]/[nested-class:CollisionAndProbingTest]/[method:testCollisionChainRetrieval()]
FastHashMap.java,org.jugsaxony.demo12.FastHashMap,org.pitest.mutationtest.engine.gregor.mutators.MathMutator,get,97,KILLED,org.jugsaxony.demo12.FastHashMapTest.[engine:junit-jupiter]/[class:org.jugsaxony.demo12.FastHashMapTest]/[nested-class:CollisionAndProbingTest]/[method:testCollisionChainRetrieval()]
FastHashMap.java,org.jugsaxony.demo12.FastHashMap,org.pitest.mutationtest.engine.gregor.mutators.NegateConditionalsMutator,get,93,KILLED,org.jugsaxony.demo12.FastHashMapTest.[engine:junit-jupiter]/[class:org.jugsaxony.demo12.FastHashMapTest]/[nested-class:ConstructorAndValidationTest]/[method:testSingleArgConstructor()]
FastHashMap.java,org.jugsaxony.demo12.FastHashMap,org.pitest.mutationtest.engine.gregor.mutators.NegateConditionalsMutator,get,94,KILLED,org.jugsaxony.demo12.FastHashMapTest.[engine:junit-jupiter]/[class:org.jugsaxony.demo12.FastHashMapTest]/[nested-class:CollisionAndProbingTest]/[method:testCollisionChainRetrieval()]
FastHashMap.java,org.jugsaxony.demo12.FastHashMap,org.pitest.mutationtest.engine.gregor.mutators.NegateConditionalsMutator,get,94,KILLED,org.jugsaxony.demo12.FastHashMapTest.[engine:junit-jupiter]/[class:org.jugsaxony.demo12.FastHashMapTest]/[nested-class:CollisionAndProbingTest]/[method:testCollisionChainRetrieval()]
FastHashMap.java,org.jugsaxony.demo12.FastHashMap,org.pitest.mutationtest.engine.gregor.mutators.returns.NullReturnValsMutator,get,95,KILLED,org.jugsaxony.demo12.FastHashMapTest.[engine:junit-jupiter]/[class:org.jugsaxony.demo12.FastHashMapTest]/[nested-class:ConstructorAndValidationTest]/[method:testSingleArgConstructor()]
FastHashMap.java,org.jugsaxony.demo12.FastHashMap,org.pitest.mutationtest.engine.gregor.mutators.returns.PrimitiveReturnsMutator,hash,286,TIMED_OUT,none
FastHashMap.java,org.jugsaxony.demo12.FastHashMap,org.pitest.mutationtest.engine.gregor.mutators.ConditionalsBoundaryMutator,keys,208,KILLED,org.jugsaxony.demo12.FastHashMapTest.[engine:junit-jupiter]/[class:org.jugsaxony.demo12.FastHashMapTest]/[nested-class:BasicOperationsTest]/[method:testEmptyMap()]
FastHashMap.java,org.jugsaxony.demo12.FastHashMap,org.pitest.mutationtest.engine.gregor.mutators.NegateConditionalsMutator,keys,208,KILLED,org.jugsaxony.demo12.FastHashMapTest.[engine:junit-jupiter]/[class:org.jugsaxony.demo12.FastHashMapTest]/[nested-class:NullHandlingTest]/[method:testNullValuesSupported()]
FastHashMap.java,org.jugsaxony.demo12.FastHashMap,org.pitest.mutationtest.engine.gregor.mutators.NegateConditionalsMutator,keys,210,KILLED,org.jugsaxony.demo12.FastHashMapTest.[engine:junit-jupiter]/[class:org.jugsaxony.demo12.FastHashMapTest]/[nested-class:BasicOperationsTest]/[method:testEmptyMap()]
FastHashMap.java,org.jugsaxony.demo12.FastHashMap,org.pitest.mutationtest.engine.gregor.mutators.returns.EmptyObjectReturnValsMutator,keys,214,KILLED,org.jugsaxony.demo12.FastHashMapTest.[engine:junit-jupiter]/[class:org.jugsaxony.demo12.FastHashMapTest]/[nested-class:NullHandlingTest]/[method:testNullValuesSupported()]
FastHashMap.java,org.jugsaxony.demo12.FastHashMap,org.pitest.mutationtest.engine.gregor.mutators.MathMutator,mixHash,277,KILLED,org.jugsaxony.demo12.FastHashMapTest.[engine:junit-jupiter]/[class:org.jugsaxony.demo12.FastHashMapTest]/[nested-class:MutationCoverageTest]/[method:testMixHash()]
FastHashMap.java,org.jugsaxony.demo12.FastHashMap,org.pitest.mutationtest.engine.gregor.mutators.MathMutator,mixHash,277,KILLED,org.jugsaxony.demo12.FastHashMapTest.[engine:junit-jupiter]/[class:org.jugsaxony.demo12.FastHashMapTest]/[nested-class:MutationCoverageTest]/[method:testMixHash()]
FastHashMap.java,org.jugsaxony.demo12.FastHashMap,org.pitest.mutationtest.engine.gregor.mutators.MathMutator,mixHash,278,KILLED,org.jugsaxony.demo12.FastHashMapTest.[engine:junit-jupiter]/[class:org.jugsaxony.demo12.FastHashMapTest]/[nested-class:MutationCoverageTest]/[method:testMixHash()]
FastHashMap.java,org.jugsaxony.demo12.FastHashMap,org.pitest.mutationtest.engine.gregor.mutators.MathMutator,mixHash,279,KILLED,org.jugsaxony.demo12.FastHashMapTest.[engine:junit-jupiter]/[class:org.jugsaxony.demo12.FastHashMapTest]/[nested-class:MutationCoverageTest]/[method:testMixHash()]
FastHashMap.java,org.jugsaxony.demo12.FastHashMap,org.pitest.mutationtest.engine.gregor.mutators.MathMutator,mixHash,279,KILLED,org.jugsaxony.demo12.FastHashMapTest.[engine:junit-jupiter]/[class:org.jugsaxony.demo12.FastHashMapTest]/[nested-class:MutationCoverageTest]/[method:testMixHash()]
FastHashMap.java,org.jugsaxony.demo12.FastHashMap,org.pitest.mutationtest.engine.gregor.mutators.MathMutator,mixHash,280,KILLED,org.jugsaxony.demo12.FastHashMapTest.[engine:junit-jupiter]/[class:org.jugsaxony.demo12.FastHashMapTest]/[nested-class:MutationCoverageTest]/[method:testMixHash()]
FastHashMap.java,org.jugsaxony.demo12.FastHashMap,org.pitest.mutationtest.engine.gregor.mutators.MathMutator,mixHash,281,KILLED,org.jugsaxony.demo12.FastHashMapTest.[engine:junit-jupiter]/[class:org.jugsaxony.demo12.FastHashMapTest]/[nested-class:MutationCoverageTest]/[method:testMixHash()]
FastHashMap.java,org.jugsaxony.demo12.FastHashMap,org.pitest.mutationtest.engine.gregor.mutators.MathMutator,mixHash,281,KILLED,org.jugsaxony.demo12.FastHashMapTest.[engine:junit-jupiter]/[class:org.jugsaxony.demo12.FastHashMapTest]/[nested-class:MutationCoverageTest]/[method:testMixHash()]
FastHashMap.java,org.jugsaxony.demo12.FastHashMap,org.pitest.mutationtest.engine.gregor.mutators.returns.PrimitiveReturnsMutator,mixHash,282,KILLED,org.jugsaxony.demo12.FastHashMapTest.[engine:junit-jupiter]/[class:org.jugsaxony.demo12.FastHashMapTest]/[nested-class:MutationCoverageTest]/[method:testMixHash()]
FastHashMap.java,org.jugsaxony.demo12.FastHashMap,org.pitest.mutationtest.engine.gregor.mutators.ConditionalsBoundaryMutator,put,129,KILLED,org.jugsaxony.demo12.FastHashMapTest.[engine:junit-jupiter]/[class:org.jugsaxony.demo12.FastHashMapTest]/[nested-class:MutationCoverageTest]/[method:testExactThresholdResize()]
FastHashMap.java,org.jugsaxony.demo12.FastHashMap,org.pitest.mutationtest.engine.gregor.mutators.MathMutator,put,115,KILLED,org.jugsaxony.demo12.FastHashMapTest.[engine:junit-jupiter]/[class:org.jugsaxony.demo12.FastHashMapTest]/[nested-class:ConstructorAndValidationTest]/[method:testSingleArgConstructor()]
FastHashMap.java,org.jugsaxony.demo12.FastHashMap,org.pitest.mutationtest.engine.gregor.mutators.MathMutator,put,125,KILLED,org.jugsaxony.demo12.FastHashMapTest.[engine:junit-jupiter]/[class:org.jugsaxony.demo12.FastHashMapTest]/[nested-class:CollisionAndProbingTest]/[method:testCollisionChainRetrieval()]
FastHashMap.java,org.jugsaxony.demo12.FastHashMap,org.pitest.mutationtest.engine.gregor.mutators.MathMutator,put,125,KILLED,org.jugsaxony.demo12.FastHashMapTest.[engine:junit-jupiter]/[class:org.jugsaxony.demo12.FastHashMapTest]/[nested-class:CollisionAndProbingTest]/[method:testCollisionChainRetrieval()]
FastHashMap.java,org.jugsaxony.demo12.FastHashMap,org.pitest.mutationtest.engine.gregor.mutators.MathMutator,put,132,KILLED,org.jugsaxony.demo12.FastHashMapTest.[engine:junit-jupiter]/[class:org.jugsaxony.demo12.FastHashMapTest]/[nested-class:MutationCoverageTest]/[method:testExactThresholdResize()]
FastHashMap.java,org.jugsaxony.demo12.FastHashMap,org.pitest.mutationtest.engine.gregor.mutators.MathMutator,put,134,KILLED,org.jugsaxony.demo12.FastHashMapTest.[engine:junit-jupiter]/[class:org.jugsaxony.demo12.FastHashMapTest]/[nested-class:ResizingAndScaleTest]/[test-template:testLargeInsertAndRetrieval(int)]/[test-template-invocation:#1]
FastHashMap.java,org.jugsaxony.demo12.FastHashMap,org.pitest.mutationtest.engine.gregor.mutators.MathMutator,put,134,KILLED,org.jugsaxony.demo12.FastHashMapTest.[engine:junit-jupiter]/[class:org.jugsaxony.demo12.FastHashMapTest]/[nested-class:ResizingAndScaleTest]/[test-template:testLargeInsertAndRetrieval(int)]/[test-template-invocation:#1]
FastHashMap.java,org.jugsaxony.demo12.FastHashMap,org.pitest.mutationtest.engine.gregor.mutators.MathMutator,put,140,KILLED,org.jugsaxony.demo12.FastHashMapTest.[engine:junit-jupiter]/[class:org.jugsaxony.demo12.FastHashMapTest]/[nested-class:BasicOperationsTest]/[method:testPutAndGetSingle()]
FastHashMap.java,org.jugsaxony.demo12.FastHashMap,org.pitest.mutationtest.engine.gregor.mutators.NegateConditionalsMutator,put,119,KILLED,org.jugsaxony.demo12.FastHashMapTest.[engine:junit-jupiter]/[class:org.jugsaxony.demo12.FastHashMapTest]/[nested-class:ConstructorAndValidationTest]/[method:testSingleArgConstructor()]
FastHashMap.java,org.jugsaxony.demo12.FastHashMap,org.pitest.mutationtest.engine.gregor.mutators.NegateConditionalsMutator,put,120,KILLED,org.jugsaxony.demo12.FastHashMapTest.[engine:junit-jupiter]/[class:org.jugsaxony.demo12.FastHashMapTest]/[nested-class:MutationCoverageTest]/[method:testExactThresholdResize()]
FastHashMap.java,org.jugsaxony.demo12.FastHashMap,org.pitest.mutationtest.engine.gregor.mutators.NegateConditionalsMutator,put,120,KILLED,org.jugsaxony.demo12.FastHashMapTest.[engine:junit-jupiter]/[class:org.jugsaxony.demo12.FastHashMapTest]/[nested-class:MutationCoverageTest]/[method:testExactThresholdResize()]
FastHashMap.java,org.jugsaxony.demo12.FastHashMap,org.pitest.mutationtest.engine.gregor.mutators.NegateConditionalsMutator,put,129,KILLED,org.jugsaxony.demo12.FastHashMapTest.[engine:junit-jupiter]/[class:org.jugsaxony.demo12.FastHashMapTest]/[nested-class:MutationCoverageTest]/[method:testExactThresholdResize()]
FastHashMap.java,org.jugsaxony.demo12.FastHashMap,org.pitest.mutationtest.engine.gregor.mutators.NegateConditionalsMutator,put,133,KILLED,org.jugsaxony.demo12.FastHashMapTest.[engine:junit-jupiter]/[class:org.jugsaxony.demo12.FastHashMapTest]/[nested-class:ResizingAndScaleTest]/[test-template:testLargeInsertAndRetrieval(int)]/[test-template-invocation:#1]
FastHashMap.java,org.jugsaxony.demo12.FastHashMap,org.pitest.mutationtest.engine.gregor.mutators.VoidMethodCallMutator,put,130,KILLED,org.jugsaxony.demo12.FastHashMapTest.[engine:junit-jupiter]/[class:org.jugsaxony.demo12.FastHashMapTest]/[nested-class:MutationCoverageTest]/[method:testExactThresholdResize()]
FastHashMap.java,org.jugsaxony.demo12.FastHashMap,org.pitest.mutationtest.engine.gregor.mutators.returns.NullReturnValsMutator,put,123,KILLED,org.jugsaxony.demo12.FastHashMapTest.[engine:junit-jupiter]/[class:org.jugsaxony.demo12.FastHashMapTest]/[nested-class:BasicOperationsTest]/[method:testPutOverwrite()]
FastHashMap.java,org.jugsaxony.demo12.FastHashMap,org.pitest.mutationtest.engine.gregor.mutators.ConditionalsBoundaryMutator,remove,176,SURVIVED,none
FastHashMap.java,org.jugsaxony.demo12.FastHashMap,org.pitest.mutationtest.engine.gregor.mutators.MathMutator,remove,155,KILLED,org.jugsaxony.demo12.FastHashMapTest.[engine:junit-jupiter]/[class:org.jugsaxony.demo12.FastHashMapTest]/[nested-class:BasicOperationsTest]/[method:testRemoveExisting()]
FastHashMap.java,org.jugsaxony.demo12.FastHashMap,org.pitest.mutationtest.engine.gregor.mutators.MathMutator,remove,161,KILLED,org.jugsaxony.demo12.FastHashMapTest.[engine:junit-jupiter]/[class:org.jugsaxony.demo12.FastHashMapTest]/[nested-class:BasicOperationsTest]/[method:testRemoveExisting()]
FastHashMap.java,org.jugsaxony.demo12.FastHashMap,org.pitest.mutationtest.engine.gregor.mutators.MathMutator,remove,170,KILLED,org.jugsaxony.demo12.FastHashMapTest.[engine:junit-jupiter]/[class:org.jugsaxony.demo12.FastHashMapTest]/[nested-class:CollisionAndProbingTest]/[method:testRemoveHeadOfCollisionChain()]
FastHashMap.java,org.jugsaxony.demo12.FastHashMap,org.pitest.mutationtest.engine.gregor.mutators.MathMutator,remove,170,KILLED,org.jugsaxony.demo12.FastHashMapTest.[engine:junit-jupiter]/[class:org.jugsaxony.demo12.FastHashMapTest]/[nested-class:CollisionAndProbingTest]/[method:testRemoveHeadOfCollisionChain()]
FastHashMap.java,org.jugsaxony.demo12.FastHashMap,org.pitest.mutationtest.engine.gregor.mutators.MathMutator,remove,175,KILLED,org.jugsaxony.demo12.FastHashMapTest.[engine:junit-jupiter]/[class:org.jugsaxony.demo12.FastHashMapTest]/[nested-class:CollisionAndProbingTest]/[method:testRemoveAllCollisionItems()]
FastHashMap.java,org.jugsaxony.demo12.FastHashMap,org.pitest.mutationtest.engine.gregor.mutators.MathMutator,remove,176,KILLED,org.jugsaxony.demo12.FastHashMapTest.[engine:junit-jupiter]/[class:org.jugsaxony.demo12.FastHashMapTest]/[nested-class:CollisionAndProbingTest]/[method:testRemoveAllCollisionItems()]
FastHashMap.java,org.jugsaxony.demo12.FastHashMap,org.pitest.mutationtest.engine.gregor.mutators.MathMutator,remove,176,KILLED,org.jugsaxony.demo12.FastHashMapTest.[engine:junit-jupiter]/[class:org.jugsaxony.demo12.FastHashMapTest]/[nested-class:CollisionAndProbingTest]/[method:testRemoveHeadOfCollisionChain()]
FastHashMap.java,org.jugsaxony.demo12.FastHashMap,org.pitest.mutationtest.engine.gregor.mutators.MathMutator,remove,176,KILLED,org.jugsaxony.demo12.FastHashMapTest.[engine:junit-jupiter]/[class:org.jugsaxony.demo12.FastHashMapTest]/[nested-class:CollisionAndProbingTest]/[method:testRemoveAllCollisionItems()]
FastHashMap.java,org.jugsaxony.demo12.FastHashMap,org.pitest.mutationtest.engine.gregor.mutators.MathMutator,remove,176,KILLED,org.jugsaxony.demo12.FastHashMapTest.[engine:junit-jupiter]/[class:org.jugsaxony.demo12.FastHashMapTest]/[nested-class:CollisionAndProbingTest]/[method:testRemoveAllCollisionItems()]
FastHashMap.java,org.jugsaxony.demo12.FastHashMap,org.pitest.mutationtest.engine.gregor.mutators.MathMutator,remove,186,KILLED,org.jugsaxony.demo12.FastHashMapTest.[engine:junit-jupiter]/[class:org.jugsaxony.demo12.FastHashMapTest]/[nested-class:CollisionAndProbingTest]/[method:testRemoveTailOfCollisionChain()]
FastHashMap.java,org.jugsaxony.demo12.FastHashMap,org.pitest.mutationtest.engine.gregor.mutators.MathMutator,remove,186,KILLED,org.jugsaxony.demo12.FastHashMapTest.[engine:junit-jupiter]/[class:org.jugsaxony.demo12.FastHashMapTest]/[nested-class:CollisionAndProbingTest]/[method:testRemoveTailOfCollisionChain()]
FastHashMap.java,org.jugsaxony.demo12.FastHashMap,org.pitest.mutationtest.engine.gregor.mutators.NegateConditionalsMutator,remove,158,KILLED,org.jugsaxony.demo12.FastHashMapTest.[engine:junit-jupiter]/[class:org.jugsaxony.demo12.FastHashMapTest]/[nested-class:BasicOperationsTest]/[method:testRemoveExisting()]
FastHashMap.java,org.jugsaxony.demo12.FastHashMap,org.pitest.mutationtest.engine.gregor.mutators.NegateConditionalsMutator,remove,159,KILLED,org.jugsaxony.demo12.FastHashMapTest.[engine:junit-jupiter]/[class:org.jugsaxony.demo12.FastHashMapTest]/[nested-class:CollisionAndProbingTest]/[method:testRemoveTailOfCollisionChain()]
FastHashMap.java,org.jugsaxony.demo12.FastHashMap,org.pitest.mutationtest.engine.gregor.mutators.NegateConditionalsMutator,remove,159,KILLED,org.jugsaxony.demo12.FastHashMapTest.[engine:junit-jupiter]/[class:org.jugsaxony.demo12.FastHashMapTest]/[nested-class:CollisionAndProbingTest]/[method:testRemoveTailOfCollisionChain()]
FastHashMap.java,org.jugsaxony.demo12.FastHashMap,org.pitest.mutationtest.engine.gregor.mutators.NegateConditionalsMutator,remove,172,KILLED,org.jugsaxony.demo12.FastHashMapTest.[engine:junit-jupiter]/[class:org.jugsaxony.demo12.FastHashMapTest]/[nested-class:BasicOperationsTest]/[method:testRemoveExisting()]
FastHashMap.java,org.jugsaxony.demo12.FastHashMap,org.pitest.mutationtest.engine.gregor.mutators.NegateConditionalsMutator,remove,176,KILLED,org.jugsaxony.demo12.FastHashMapTest.[engine:junit-jupiter]/[class:org.jugsaxony.demo12.FastHashMapTest]/[nested-class:CollisionAndProbingTest]/[method:testRemoveHeadOfCollisionChain()]
FastHashMap.java,org.jugsaxony.demo12.FastHashMap,org.pitest.mutationtest.engine.gregor.mutators.returns.NullReturnValsMutator,remove,173,KILLED,org.jugsaxony.demo12.FastHashMapTest.[engine:junit-jupiter]/[class:org.jugsaxony.demo12.FastHashMapTest]/[nested-class:BasicOperationsTest]/[method:testRemoveExisting()]
FastHashMap.java,org.jugsaxony.demo12.FastHashMap,org.pitest.mutationtest.engine.gregor.mutators.ConditionalsBoundaryMutator,resize,248,KILLED,org.jugsaxony.demo12.FastHashMapTest.[engine:junit-jupiter]/[class:org.jugsaxony.demo12.FastHashMapTest]/[nested-class:MutationCoverageTest]/[method:testResizeBoundaryCapacities()]
FastHashMap.java,org.jugsaxony.demo12.FastHashMap,org.pitest.mutationtest.engine.gregor.mutators.ConditionalsBoundaryMutator,resize,248,SURVIVED,none
FastHashMap.java,org.jugsaxony.demo12.FastHashMap,org.pitest.mutationtest.engine.gregor.mutators.ConditionalsBoundaryMutator,resize,258,KILLED,org.jugsaxony.demo12.FastHashMapTest.[engine:junit-jupiter]/[class:org.jugsaxony.demo12.FastHashMapTest]/[nested-class:MutationCoverageTest]/[method:testExactThresholdResize()]
FastHashMap.java,org.jugsaxony.demo12.FastHashMap,org.pitest.mutationtest.engine.gregor.mutators.MathMutator,resize,247,TIMED_OUT,none
FastHashMap.java,org.jugsaxony.demo12.FastHashMap,org.pitest.mutationtest.engine.gregor.mutators.MathMutator,resize,256,TIMED_OUT,none
FastHashMap.java,org.jugsaxony.demo12.FastHashMap,org.pitest.mutationtest.engine.gregor.mutators.MathMutator,resize,261,KILLED,org.jugsaxony.demo12.FastHashMapTest.[engine:junit-jupiter]/[class:org.jugsaxony.demo12.FastHashMapTest]/[nested-class:MutationCoverageTest]/[method:testExactThresholdResize()]
FastHashMap.java,org.jugsaxony.demo12.FastHashMap,org.pitest.mutationtest.engine.gregor.mutators.MathMutator,resize,263,KILLED,org.jugsaxony.demo12.FastHashMapTest.[engine:junit-jupiter]/[class:org.jugsaxony.demo12.FastHashMapTest]/[nested-class:ResizingAndScaleTest]/[test-template:testLargeInsertAndRetrieval(int)]/[test-template-invocation:#1]
FastHashMap.java,org.jugsaxony.demo12.FastHashMap,org.pitest.mutationtest.engine.gregor.mutators.MathMutator,resize,263,KILLED,org.jugsaxony.demo12.FastHashMapTest.[engine:junit-jupiter]/[class:org.jugsaxony.demo12.FastHashMapTest]/[nested-class:ResizingAndScaleTest]/[test-template:testLargeInsertAndRetrieval(int)]/[test-template-invocation:#1]
FastHashMap.java,org.jugsaxony.demo12.FastHashMap,org.pitest.mutationtest.engine.gregor.mutators.MathMutator,resize,273,TIMED_OUT,none
FastHashMap.java,org.jugsaxony.demo12.FastHashMap,org.pitest.mutationtest.engine.gregor.mutators.NegateConditionalsMutator,resize,248,KILLED,org.jugsaxony.demo12.FastHashMapTest.[engine:junit-jupiter]/[class:org.jugsaxony.demo12.FastHashMapTest]/[nested-class:MutationCoverageTest]/[method:testExactThresholdResize()]
FastHashMap.java,org.jugsaxony.demo12.FastHashMap,org.pitest.mutationtest.engine.gregor.mutators.NegateConditionalsMutator,resize,248,KILLED,org.jugsaxony.demo12.FastHashMapTest.[engine:junit-jupiter]/[class:org.jugsaxony.demo12.FastHashMapTest]/[nested-class:MutationCoverageTest]/[method:testExactThresholdResize()]
FastHashMap.java,org.jugsaxony.demo12.FastHashMap,org.pitest.mutationtest.engine.gregor.mutators.NegateConditionalsMutator,resize,258,KILLED,org.jugsaxony.demo12.FastHashMapTest.[engine:junit-jupiter]/[class:org.jugsaxony.demo12.FastHashMapTest]/[nested-class:ResizingAndScaleTest]/[test-template:testLargeInsertAndRetrieval(int)]/[test-template-invocation:#1]
FastHashMap.java,org.jugsaxony.demo12.FastHashMap,org.pitest.mutationtest.engine.gregor.mutators.NegateConditionalsMutator,resize,260,KILLED,org.jugsaxony.demo12.FastHashMapTest.[engine:junit-jupiter]/[class:org.jugsaxony.demo12.FastHashMapTest]/[nested-class:MutationCoverageTest]/[method:testExactThresholdResize()]
FastHashMap.java,org.jugsaxony.demo12.FastHashMap,org.pitest.mutationtest.engine.gregor.mutators.NegateConditionalsMutator,resize,262,TIMED_OUT,none
FastHashMap.java,org.jugsaxony.demo12.FastHashMap,org.pitest.mutationtest.engine.gregor.mutators.returns.PrimitiveReturnsMutator,size,198,KILLED,org.jugsaxony.demo12.FastHashMapTest.[engine:junit-jupiter]/[class:org.jugsaxony.demo12.FastHashMapTest]/[nested-class:BasicOperationsTest]/[method:testPutAndGetSingle()]
FastHashMap.java,org.jugsaxony.demo12.FastHashMap,org.pitest.mutationtest.engine.gregor.mutators.ConditionalsBoundaryMutator,tableSizeFor,291,SURVIVED,none
FastHashMap.java,org.jugsaxony.demo12.FastHashMap,org.pitest.mutationtest.engine.gregor.mutators.ConditionalsBoundaryMutator,tableSizeFor,291,SURVIVED,none
FastHashMap.java,org.jugsaxony.demo12.FastHashMap,org.pitest.mutationtest.engine.gregor.mutators.MathMutator,tableSizeFor,290,KILLED,org.jugsaxony.demo12.FastHashMapTest.[engine:junit-jupiter]/[class:org.jugsaxony.demo12.FastHashMapTest]/[nested-class:MutationCoverageTest]/[method:testExactThresholdResize()]
FastHashMap.java,org.jugsaxony.demo12.FastHashMap,org.pitest.mutationtest.engine.gregor.mutators.MathMutator,tableSizeFor,290,KILLED,org.jugsaxony.demo12.FastHashMapTest.[engine:junit-jupiter]/[class:org.jugsaxony.demo12.FastHashMapTest]/[nested-class:MutationCoverageTest]/[method:testTableSizeFor()]
FastHashMap.java,org.jugsaxony.demo12.FastHashMap,org.pitest.mutationtest.engine.gregor.mutators.MathMutator,tableSizeFor,291,TIMED_OUT,none
FastHashMap.java,org.jugsaxony.demo12.FastHashMap,org.pitest.mutationtest.engine.gregor.mutators.NegateConditionalsMutator,tableSizeFor,291,KILLED,org.jugsaxony.demo12.FastHashMapTest.[engine:junit-jupiter]/[class:org.jugsaxony.demo12.FastHashMapTest]/[nested-class:MutationCoverageTest]/[method:testTableSizeFor()]
FastHashMap.java,org.jugsaxony.demo12.FastHashMap,org.pitest.mutationtest.engine.gregor.mutators.NegateConditionalsMutator,tableSizeFor,291,TIMED_OUT,none
FastHashMap.java,org.jugsaxony.demo12.FastHashMap,org.pitest.mutationtest.engine.gregor.mutators.returns.PrimitiveReturnsMutator,tableSizeFor,291,KILLED,org.jugsaxony.demo12.FastHashMapTest.[engine:junit-jupiter]/[class:org.jugsaxony.demo12.FastHashMapTest]/[nested-class:ConstructorAndValidationTest]/[method:testSingleArgConstructor()]
FastHashMap.java,org.jugsaxony.demo12.FastHashMap,org.pitest.mutationtest.engine.gregor.mutators.ConditionalsBoundaryMutator,values,224,KILLED,org.jugsaxony.demo12.FastHashMapTest.[engine:junit-jupiter]/[class:org.jugsaxony.demo12.FastHashMapTest]/[nested-class:BasicOperationsTest]/[method:testEmptyMap()]
FastHashMap.java,org.jugsaxony.demo12.FastHashMap,org.pitest.mutationtest.engine.gregor.mutators.NegateConditionalsMutator,values,224,KILLED,org.jugsaxony.demo12.FastHashMapTest.[engine:junit-jupiter]/[class:org.jugsaxony.demo12.FastHashMapTest]/[nested-class:NullHandlingTest]/[method:testNullValuesSupported()]
FastHashMap.java,org.jugsaxony.demo12.FastHashMap,org.pitest.mutationtest.engine.gregor.mutators.NegateConditionalsMutator,values,225,KILLED,org.jugsaxony.demo12.FastHashMapTest.[engine:junit-jupiter]/[class:org.jugsaxony.demo12.FastHashMapTest]/[nested-class:BasicOperationsTest]/[method:testEmptyMap()]
FastHashMap.java,org.jugsaxony.demo12.FastHashMap,org.pitest.mutationtest.engine.gregor.mutators.returns.EmptyObjectReturnValsMutator,values,229,KILLED,org.jugsaxony.demo12.FastHashMapTest.[engine:junit-jupiter]/[class:org.jugsaxony.demo12.FastHashMapTest]/[nested-class:NullHandlingTest]/[method:testNullValuesSupported()]
RuntimeHistogram.java,com.xceptance.xlt.report.util.RuntimeHistogram,org.pitest.mutationtest.engine.gregor.mutators.ConditionalsBoundaryMutator,addValue,94,KILLED,com.xceptance.xlt.report.util.RuntimeHistogramTest.[engine:junit-jupiter]/[class:com.xceptance.xlt.report.util.RuntimeHistogramTest]/[nested-class:PrecisionTest]/[method:precision8()]
RuntimeHistogram.java,com.xceptance.xlt.report.util.RuntimeHistogram,org.pitest.mutationtest.engine.gregor.mutators.ConditionalsBoundaryMutator,addValue,98,KILLED,com.xceptance.xlt.report.util.RuntimeHistogramTest.[engine:junit-jupiter]/[class:com.xceptance.xlt.report.util.RuntimeHistogramTest]/[nested-class:PrecisionTest]/[method:precision8()]
RuntimeHistogram.java,com.xceptance.xlt.report.util.RuntimeHistogram,org.pitest.mutationtest.engine.gregor.mutators.MathMutator,addValue,90,KILLED,com.xceptance.xlt.report.util.RuntimeHistogramTest.[engine:junit-jupiter]/[class:com.xceptance.xlt.report.util.RuntimeHistogramTest]/[nested-class:PrecisionTest]/[method:precision8()]
RuntimeHistogram.java,com.xceptance.xlt.report.util.RuntimeHistogram,org.pitest.mutationtest.engine.gregor.mutators.MathMutator,addValue,91,KILLED,com.xceptance.xlt.report.util.RuntimeHistogramTest.[engine:junit-jupiter]/[class:com.xceptance.xlt.report.util.RuntimeHistogramTest]/[nested-class:AddValueTest]/[method:middleIncrement()]
RuntimeHistogram.java,com.xceptance.xlt.report.util.RuntimeHistogram,org.pitest.mutationtest.engine.gregor.mutators.MathMutator,addValue,104,KILLED,com.xceptance.xlt.report.util.RuntimeHistogramTest.[engine:junit-jupiter]/[class:com.xceptance.xlt.report.util.RuntimeHistogramTest]/[nested-class:AddValueTest]/[method:middleIncrement()]
RuntimeHistogram.java,com.xceptance.xlt.report.util.RuntimeHistogram,org.pitest.mutationtest.engine.gregor.mutators.MathMutator,addValue,104,KILLED,com.xceptance.xlt.report.util.RuntimeHistogramTest.[engine:junit-jupiter]/[class:com.xceptance.xlt.report.util.RuntimeHistogramTest]/[nested-class:AddValueTest]/[method:middleIncrement()]
RuntimeHistogram.java,com.xceptance.xlt.report.util.RuntimeHistogram,org.pitest.mutationtest.engine.gregor.mutators.NegateConditionalsMutator,addValue,94,KILLED,com.xceptance.xlt.report.util.RuntimeHistogramTest.[engine:junit-jupiter]/[class:com.xceptance.xlt.report.util.RuntimeHistogramTest]/[nested-class:AddValueTest]/[method:middleIncrement()]
RuntimeHistogram.java,com.xceptance.xlt.report.util.RuntimeHistogram,org.pitest.mutationtest.engine.gregor.mutators.NegateConditionalsMutator,addValue,98,KILLED,com.xceptance.xlt.report.util.RuntimeHistogramTest.[engine:junit-jupiter]/[class:com.xceptance.xlt.report.util.RuntimeHistogramTest]/[nested-class:RangeCountTest]/[method:partialOverlap()]
RuntimeHistogram.java,com.xceptance.xlt.report.util.RuntimeHistogram,org.pitest.mutationtest.engine.gregor.mutators.VoidMethodCallMutator,addValue,96,KILLED,com.xceptance.xlt.report.util.RuntimeHistogramTest.[engine:junit-jupiter]/[class:com.xceptance.xlt.report.util.RuntimeHistogramTest]/[nested-class:RangeCountTest]/[method:partialOverlap()]
RuntimeHistogram.java,com.xceptance.xlt.report.util.RuntimeHistogram,org.pitest.mutationtest.engine.gregor.mutators.VoidMethodCallMutator,addValue,100,KILLED,com.xceptance.xlt.report.util.RuntimeHistogramTest.[engine:junit-jupiter]/[class:com.xceptance.xlt.report.util.RuntimeHistogramTest]/[nested-class:RangeCountTest]/[method:partialOverlap()]
RuntimeHistogram.java,com.xceptance.xlt.report.util.RuntimeHistogram,org.pitest.mutationtest.engine.gregor.mutators.ConditionalsBoundaryMutator,getCountForValue,258,KILLED,com.xceptance.xlt.report.util.RuntimeHistogramTest.[engine:junit-jupiter]/[class:com.xceptance.xlt.report.util.RuntimeHistogramTest]/[nested-class:AddValueTest]/[method:middleIncrement()]
RuntimeHistogram.java,com.xceptance.xlt.report.util.RuntimeHistogram,org.pitest.mutationtest.engine.gregor.mutators.ConditionalsBoundaryMutator,getCountForValue,274,KILLED,com.xceptance.xlt.report.util.RuntimeHistogramTest.[engine:junit-jupiter]/[class:com.xceptance.xlt.report.util.RuntimeHistogramTest]/[nested-class:PrecisionTest]/[method:precision8()]
RuntimeHistogram.java,com.xceptance.xlt.report.util.RuntimeHistogram,org.pitest.mutationtest.engine.gregor.mutators.ConditionalsBoundaryMutator,getCountForValue,274,KILLED,com.xceptance.xlt.report.util.RuntimeHistogramTest.[engine:junit-jupiter]/[class:com.xceptance.xlt.report.util.RuntimeHistogramTest]/[nested-class:PrecisionTest]/[method:precision8()]
RuntimeHistogram.java,com.xceptance.xlt.report.util.RuntimeHistogram,org.pitest.mutationtest.engine.gregor.mutators.ConditionalsBoundaryMutator,getCountForValue,287,KILLED,com.xceptance.xlt.report.util.RuntimeHistogramTest.[engine:junit-jupiter]/[class:com.xceptance.xlt.report.util.RuntimeHistogramTest]/[nested-class:RangeCountTest]/[method:partialOverlap()]
RuntimeHistogram.java,com.xceptance.xlt.report.util.RuntimeHistogram,org.pitest.mutationtest.engine.gregor.mutators.MathMutator,getCountForValue,270,KILLED,com.xceptance.xlt.report.util.RuntimeHistogramTest.[engine:junit-jupiter]/[class:com.xceptance.xlt.report.util.RuntimeHistogramTest]/[nested-class:PrecisionTest]/[method:precision8()]
RuntimeHistogram.java,com.xceptance.xlt.report.util.RuntimeHistogram,org.pitest.mutationtest.engine.gregor.mutators.MathMutator,getCountForValue,271,KILLED,com.xceptance.xlt.report.util.RuntimeHistogramTest.[engine:junit-jupiter]/[class:com.xceptance.xlt.report.util.RuntimeHistogramTest]/[nested-class:MutationCoverageTest]/[method:percentileWithPrecision()]
RuntimeHistogram.java,com.xceptance.xlt.report.util.RuntimeHistogram,org.pitest.mutationtest.engine.gregor.mutators.MathMutator,getCountForValue,282,KILLED,com.xceptance.xlt.report.util.RuntimeHistogramTest.[engine:junit-jupiter]/[class:com.xceptance.xlt.report.util.RuntimeHistogramTest]/[nested-class:RangeCountTest]/[method:partialOverlap()]
RuntimeHistogram.java,com.xceptance.xlt.report.util.RuntimeHistogram,org.pitest.mutationtest.engine.gregor.mutators.MathMutator,getCountForValue,283,KILLED,com.xceptance.xlt.report.util.RuntimeHistogramTest.[engine:junit-jupiter]/[class:com.xceptance.xlt.report.util.RuntimeHistogramTest]/[nested-class:RangeCountTest]/[method:partialOverlap()]
RuntimeHistogram.java,com.xceptance.xlt.report.util.RuntimeHistogram,org.pitest.mutationtest.engine.gregor.mutators.MathMutator,getCountForValue,283,KILLED,com.xceptance.xlt.report.util.RuntimeHistogramTest.[engine:junit-jupiter]/[class:com.xceptance.xlt.report.util.RuntimeHistogramTest]/[nested-class:RangeCountTest]/[method:partialOverlap()]
RuntimeHistogram.java,com.xceptance.xlt.report.util.RuntimeHistogram,org.pitest.mutationtest.engine.gregor.mutators.MathMutator,getCountForValue,289,KILLED,com.xceptance.xlt.report.util.RuntimeHistogramTest.[engine:junit-jupiter]/[class:com.xceptance.xlt.report.util.RuntimeHistogramTest]/[nested-class:RangeCountTest]/[method:partialOverlap()]
RuntimeHistogram.java,com.xceptance.xlt.report.util.RuntimeHistogram,org.pitest.mutationtest.engine.gregor.mutators.NegateConditionalsMutator,getCountForValue,258,KILLED,com.xceptance.xlt.report.util.RuntimeHistogramTest.[engine:junit-jupiter]/[class:com.xceptance.xlt.report.util.RuntimeHistogramTest]/[nested-class:RangeCountTest]/[method:outsideRange()]
RuntimeHistogram.java,com.xceptance.xlt.report.util.RuntimeHistogram,org.pitest.mutationtest.engine.gregor.mutators.NegateConditionalsMutator,getCountForValue,263,KILLED,com.xceptance.xlt.report.util.RuntimeHistogramTest.[engine:junit-jupiter]/[class:com.xceptance.xlt.report.util.RuntimeHistogramTest]/[nested-class:RangeCountTest]/[method:partialOverlap()]
RuntimeHistogram.java,com.xceptance.xlt.report.util.RuntimeHistogram,org.pitest.mutationtest.engine.gregor.mutators.NegateConditionalsMutator,getCountForValue,274,KILLED,com.xceptance.xlt.report.util.RuntimeHistogramTest.[engine:junit-jupiter]/[class:com.xceptance.xlt.report.util.RuntimeHistogramTest]/[nested-class:RangeCountTest]/[method:partialOverlap()]
RuntimeHistogram.java,com.xceptance.xlt.report.util.RuntimeHistogram,org.pitest.mutationtest.engine.gregor.mutators.NegateConditionalsMutator,getCountForValue,274,KILLED,com.xceptance.xlt.report.util.RuntimeHistogramTest.[engine:junit-jupiter]/[class:com.xceptance.xlt.report.util.RuntimeHistogramTest]/[nested-class:RangeCountTest]/[method:partialOverlap()]
RuntimeHistogram.java,com.xceptance.xlt.report.util.RuntimeHistogram,org.pitest.mutationtest.engine.gregor.mutators.NegateConditionalsMutator,getCountForValue,287,KILLED,com.xceptance.xlt.report.util.RuntimeHistogramTest.[engine:junit-jupiter]/[class:com.xceptance.xlt.report.util.RuntimeHistogramTest]/[nested-class:RangeCountTest]/[method:partialOverlap()]
RuntimeHistogram.java,com.xceptance.xlt.report.util.RuntimeHistogram,org.pitest.mutationtest.engine.gregor.mutators.returns.PrimitiveReturnsMutator,getCountForValue,292,KILLED,com.xceptance.xlt.report.util.RuntimeHistogramTest.[engine:junit-jupiter]/[class:com.xceptance.xlt.report.util.RuntimeHistogramTest]/[nested-class:RangeCountTest]/[method:partialOverlap()]
RuntimeHistogram.java,com.xceptance.xlt.report.util.RuntimeHistogram,org.pitest.mutationtest.engine.gregor.mutators.returns.PrimitiveReturnsMutator,getMedianValue,168,KILLED,com.xceptance.xlt.report.util.RuntimeHistogramTest.[engine:junit-jupiter]/[class:com.xceptance.xlt.report.util.RuntimeHistogramTest]/[nested-class:PercentileTest]/[method:evenNumberOfElements()]
RuntimeHistogram.java,com.xceptance.xlt.report.util.RuntimeHistogram,org.pitest.mutationtest.engine.gregor.mutators.NegateConditionalsMutator,getNumberOfBuckets,324,KILLED,com.xceptance.xlt.report.util.RuntimeHistogramTest.[engine:junit-jupiter]/[class:com.xceptance.xlt.report.util.RuntimeHistogramTest]/[nested-class:InitialStateTest]/[method:defaultConstructor()]
RuntimeHistogram.java,com.xceptance.xlt.report.util.RuntimeHistogram,org.pitest.mutationtest.engine.gregor.mutators.ConditionalsBoundaryMutator,getPercentile,194,KILLED,com.xceptance.xlt.report.util.RuntimeHistogramTest.[engine:junit-jupiter]/[class:com.xceptance.xlt.report.util.RuntimeHistogramTest]/[nested-class:PercentileTest]/[method:oddNumberOfElements()]
RuntimeHistogram.java,com.xceptance.xlt.report.util.RuntimeHistogram,org.pitest.mutationtest.engine.gregor.mutators.ConditionalsBoundaryMutator,getPercentile,194,KILLED,com.xceptance.xlt.report.util.RuntimeHistogramTest.[engine:junit-jupiter]/[class:com.xceptance.xlt.report.util.RuntimeHistogramTest]/[nested-class:PercentileTest]/[method:oddNumberOfElements()]
RuntimeHistogram.java,com.xceptance.xlt.report.util.RuntimeHistogram,org.pitest.mutationtest.engine.gregor.mutators.MathMutator,getPercentile,209,KILLED,com.xceptance.xlt.report.util.RuntimeHistogramTest.[engine:junit-jupiter]/[class:com.xceptance.xlt.report.util.RuntimeHistogramTest]/[nested-class:MutationCoverageTest]/[method:percentileWithPrecision()]
RuntimeHistogram.java,com.xceptance.xlt.report.util.RuntimeHistogram,org.pitest.mutationtest.engine.gregor.mutators.MathMutator,getPercentile,213,KILLED,com.xceptance.xlt.report.util.RuntimeHistogramTest.[engine:junit-jupiter]/[class:com.xceptance.xlt.report.util.RuntimeHistogramTest]/[nested-class:MutationCoverageTest]/[method:percentileWithPrecision()]
RuntimeHistogram.java,com.xceptance.xlt.report.util.RuntimeHistogram,org.pitest.mutationtest.engine.gregor.mutators.MathMutator,getPercentile,217,KILLED,com.xceptance.xlt.report.util.RuntimeHistogramTest.[engine:junit-jupiter]/[class:com.xceptance.xlt.report.util.RuntimeHistogramTest]/[nested-class:PercentileTest]/[method:evenNumberOfElements()]
RuntimeHistogram.java,com.xceptance.xlt.report.util.RuntimeHistogram,org.pitest.mutationtest.engine.gregor.mutators.MathMutator,getPercentile,217,KILLED,com.xceptance.xlt.report.util.RuntimeHistogramTest.[engine:junit-jupiter]/[class:com.xceptance.xlt.report.util.RuntimeHistogramTest]/[nested-class:PercentileTest]/[method:evenNumberOfElements()]
RuntimeHistogram.java,com.xceptance.xlt.report.util.RuntimeHistogram,org.pitest.mutationtest.engine.gregor.mutators.MathMutator,getPercentile,220,KILLED,com.xceptance.xlt.report.util.RuntimeHistogramTest.[engine:junit-jupiter]/[class:com.xceptance.xlt.report.util.RuntimeHistogramTest]/[nested-class:PercentileTest]/[method:evenNumberOfElements()]
RuntimeHistogram.java,com.xceptance.xlt.report.util.RuntimeHistogram,org.pitest.mutationtest.engine.gregor.mutators.MathMutator,getPercentile,224,KILLED,com.xceptance.xlt.report.util.RuntimeHistogramTest.[engine:junit-jupiter]/[class:com.xceptance.xlt.report.util.RuntimeHistogramTest]/[nested-class:PercentileTest]/[method:evenNumberOfElements()]
RuntimeHistogram.java,com.xceptance.xlt.report.util.RuntimeHistogram,org.pitest.mutationtest.engine.gregor.mutators.MathMutator,getPercentile,226,KILLED,com.xceptance.xlt.report.util.RuntimeHistogramTest.[engine:junit-jupiter]/[class:com.xceptance.xlt.report.util.RuntimeHistogramTest]/[nested-class:PercentileTest]/[method:evenNumberOfElements()]
RuntimeHistogram.java,com.xceptance.xlt.report.util.RuntimeHistogram,org.pitest.mutationtest.engine.gregor.mutators.MathMutator,getPercentile,226,KILLED,com.xceptance.xlt.report.util.RuntimeHistogramTest.[engine:junit-jupiter]/[class:com.xceptance.xlt.report.util.RuntimeHistogramTest]/[nested-class:PercentileTest]/[method:evenNumberOfElements()]
RuntimeHistogram.java,com.xceptance.xlt.report.util.RuntimeHistogram,org.pitest.mutationtest.engine.gregor.mutators.NegateConditionalsMutator,getPercentile,194,KILLED,com.xceptance.xlt.report.util.RuntimeHistogramTest.[engine:junit-jupiter]/[class:com.xceptance.xlt.report.util.RuntimeHistogramTest]/[nested-class:InitialStateTest]/[method:defaultConstructor()]
RuntimeHistogram.java,com.xceptance.xlt.report.util.RuntimeHistogram,org.pitest.mutationtest.engine.gregor.mutators.NegateConditionalsMutator,getPercentile,194,KILLED,com.xceptance.xlt.report.util.RuntimeHistogramTest.[engine:junit-jupiter]/[class:com.xceptance.xlt.report.util.RuntimeHistogramTest]/[nested-class:InitialStateTest]/[method:defaultConstructor()]
RuntimeHistogram.java,com.xceptance.xlt.report.util.RuntimeHistogram,org.pitest.mutationtest.engine.gregor.mutators.NegateConditionalsMutator,getPercentile,203,KILLED,com.xceptance.xlt.report.util.RuntimeHistogramTest.[engine:junit-jupiter]/[class:com.xceptance.xlt.report.util.RuntimeHistogramTest]/[nested-class:InitialStateTest]/[method:defaultConstructor()]
RuntimeHistogram.java,com.xceptance.xlt.report.util.RuntimeHistogram,org.pitest.mutationtest.engine.gregor.mutators.NegateConditionalsMutator,getPercentile,207,KILLED,com.xceptance.xlt.report.util.RuntimeHistogramTest.[engine:junit-jupiter]/[class:com.xceptance.xlt.report.util.RuntimeHistogramTest]/[nested-class:PercentileTest]/[method:evenNumberOfElements()]
RuntimeHistogram.java,com.xceptance.xlt.report.util.RuntimeHistogram,org.pitest.mutationtest.engine.gregor.mutators.NegateConditionalsMutator,getPercentile,211,KILLED,com.xceptance.xlt.report.util.RuntimeHistogramTest.[engine:junit-jupiter]/[class:com.xceptance.xlt.report.util.RuntimeHistogramTest]/[nested-class:PercentileTest]/[method:evenNumberOfElements()]
RuntimeHistogram.java,com.xceptance.xlt.report.util.RuntimeHistogram,org.pitest.mutationtest.engine.gregor.mutators.NegateConditionalsMutator,getPercentile,220,KILLED,com.xceptance.xlt.report.util.RuntimeHistogramTest.[engine:junit-jupiter]/[class:com.xceptance.xlt.report.util.RuntimeHistogramTest]/[nested-class:PercentileTest]/[method:evenNumberOfElements()]
RuntimeHistogram.java,com.xceptance.xlt.report.util.RuntimeHistogram,org.pitest.mutationtest.engine.gregor.mutators.returns.PrimitiveReturnsMutator,getPercentile,235,KILLED,com.xceptance.xlt.report.util.RuntimeHistogramTest.[engine:junit-jupiter]/[class:com.xceptance.xlt.report.util.RuntimeHistogramTest]/[nested-class:PercentileTest]/[method:evenNumberOfElements()]
RuntimeHistogram.java,com.xceptance.xlt.report.util.RuntimeHistogram,org.pitest.mutationtest.engine.gregor.mutators.MathMutator,getPrecision,335,KILLED,com.xceptance.xlt.report.util.RuntimeHistogramTest.[engine:junit-jupiter]/[class:com.xceptance.xlt.report.util.RuntimeHistogramTest]/[nested-class:InitialStateTest]/[method:customPrecision()]
RuntimeHistogram.java,com.xceptance.xlt.report.util.RuntimeHistogram,org.pitest.mutationtest.engine.gregor.mutators.returns.PrimitiveReturnsMutator,getPrecision,335,KILLED,com.xceptance.xlt.report.util.RuntimeHistogramTest.[engine:junit-jupiter]/[class:com.xceptance.xlt.report.util.RuntimeHistogramTest]/[nested-class:InitialStateTest]/[method:customPrecision()]
RuntimeHistogram.java,com.xceptance.xlt.report.util.RuntimeHistogram,org.pitest.mutationtest.engine.gregor.mutators.MathMutator,getQuantile,180,KILLED,com.xceptance.xlt.report.util.RuntimeHistogramTest.[engine:junit-jupiter]/[class:com.xceptance.xlt.report.util.RuntimeHistogramTest]/[nested-class:PercentileTest]/[method:oddNumberOfElements()]
RuntimeHistogram.java,com.xceptance.xlt.report.util.RuntimeHistogram,org.pitest.mutationtest.engine.gregor.mutators.returns.PrimitiveReturnsMutator,getQuantile,180,KILLED,com.xceptance.xlt.report.util.RuntimeHistogramTest.[engine:junit-jupiter]/[class:com.xceptance.xlt.report.util.RuntimeHistogramTest]/[nested-class:PercentileTest]/[method:oddNumberOfElements()]
RuntimeHistogram.java,com.xceptance.xlt.report.util.RuntimeHistogram,org.pitest.mutationtest.engine.gregor.mutators.ConditionalsBoundaryMutator,getValueByCount,308,KILLED,com.xceptance.xlt.report.util.RuntimeHistogramTest.[engine:junit-jupiter]/[class:com.xceptance.xlt.report.util.RuntimeHistogramTest]/[nested-class:PercentileTest]/[method:evenNumberOfElements()]
RuntimeHistogram.java,com.xceptance.xlt.report.util.RuntimeHistogram,org.pitest.mutationtest.engine.gregor.mutators.IncrementsMutator,getValueByCount,310,KILLED,com.xceptance.xlt.report.util.RuntimeHistogramTest.[engine:junit-jupiter]/[class:com.xceptance.xlt.report.util.RuntimeHistogramTest]/[nested-class:PercentileTest]/[method:evenNumberOfElements()]
RuntimeHistogram.java,com.xceptance.xlt.report.util.RuntimeHistogram,org.pitest.mutationtest.engine.gregor.mutators.MathMutator,getValueByCount,310,KILLED,com.xceptance.xlt.report.util.RuntimeHistogramTest.[engine:junit-jupiter]/[class:com.xceptance.xlt.report.util.RuntimeHistogramTest]/[nested-class:PercentileTest]/[method:evenNumberOfElements()]
RuntimeHistogram.java,com.xceptance.xlt.report.util.RuntimeHistogram,org.pitest.mutationtest.engine.gregor.mutators.MathMutator,getValueByCount,314,KILLED,com.xceptance.xlt.report.util.RuntimeHistogramTest.[engine:junit-jupiter]/[class:com.xceptance.xlt.report.util.RuntimeHistogramTest]/[nested-class:PercentileTest]/[method:evenNumberOfElements()]
RuntimeHistogram.java,com.xceptance.xlt.report.util.RuntimeHistogram,org.pitest.mutationtest.engine.gregor.mutators.MathMutator,getValueByCount,314,KILLED,com.xceptance.xlt.report.util.rework.IntTimeSeriesTest.[engine:junit-jupiter]/[class:com.xceptance.xlt.report.util.rework.IntTimeSeriesTest]/[nested-class:AddValueTest]/[method:singleValue()]
RuntimeHistogram.java,com.xceptance.xlt.report.util.RuntimeHistogram,org.pitest.mutationtest.engine.gregor.mutators.NegateConditionalsMutator,getValueByCount,308,KILLED,com.xceptance.xlt.report.util.RuntimeHistogramTest.[engine:junit-jupiter]/[class:com.xceptance.xlt.report.util.RuntimeHistogramTest]/[nested-class:PercentileTest]/[method:evenNumberOfElements()]
RuntimeHistogram.java,com.xceptance.xlt.report.util.RuntimeHistogram,org.pitest.mutationtest.engine.gregor.mutators.returns.PrimitiveReturnsMutator,getValueByCount,314,KILLED,com.xceptance.xlt.report.util.RuntimeHistogramTest.[engine:junit-jupiter]/[class:com.xceptance.xlt.report.util.RuntimeHistogramTest]/[nested-class:PercentileTest]/[method:evenNumberOfElements()]
RuntimeHistogram.java,com.xceptance.xlt.report.util.RuntimeHistogram,org.pitest.mutationtest.engine.gregor.mutators.returns.PrimitiveReturnsMutator,getValueCount,158,KILLED,com.xceptance.xlt.report.util.RuntimeHistogramTest.[engine:junit-jupiter]/[class:com.xceptance.xlt.report.util.RuntimeHistogramTest]/[nested-class:AddValueTest]/[method:middleIncrement()]
RuntimeHistogram.java,com.xceptance.xlt.report.util.RuntimeHistogram,org.pitest.mutationtest.engine.gregor.mutators.ConditionalsBoundaryMutator,grow,126,KILLED,com.xceptance.xlt.report.util.RuntimeHistogramTest.[engine:junit-jupiter]/[class:com.xceptance.xlt.report.util.RuntimeHistogramTest]/[nested-class:MutationCoverageTest]/[method:growBoundary()]
RuntimeHistogram.java,com.xceptance.xlt.report.util.RuntimeHistogram,org.pitest.mutationtest.engine.gregor.mutators.MathMutator,grow,129,KILLED,com.xceptance.xlt.report.util.RuntimeHistogramTest.[engine:junit-jupiter]/[class:com.xceptance.xlt.report.util.RuntimeHistogramTest]/[nested-class:AddValueTest]/[method:descendingGrowth()]
RuntimeHistogram.java,com.xceptance.xlt.report.util.RuntimeHistogram,org.pitest.mutationtest.engine.gregor.mutators.MathMutator,grow,132,KILLED,com.xceptance.xlt.report.util.RuntimeHistogramTest.[engine:junit-jupiter]/[class:com.xceptance.xlt.report.util.RuntimeHistogramTest]/[nested-class:AddValueTest]/[method:descendingGrowth()]
RuntimeHistogram.java,com.xceptance.xlt.report.util.RuntimeHistogram,org.pitest.mutationtest.engine.gregor.mutators.MathMutator,grow,142,KILLED,com.xceptance.xlt.report.util.RuntimeHistogramTest.[engine:junit-jupiter]/[class:com.xceptance.xlt.report.util.RuntimeHistogramTest]/[nested-class:AddValueTest]/[method:middleIncrement()]
RuntimeHistogram.java,com.xceptance.xlt.report.util.RuntimeHistogram,org.pitest.mutationtest.engine.gregor.mutators.MathMutator,grow,143,KILLED,com.xceptance.xlt.report.util.RuntimeHistogramTest.[engine:junit-jupiter]/[class:com.xceptance.xlt.report.util.RuntimeHistogramTest]/[nested-class:RangeCountTest]/[method:partialOverlap()]
RuntimeHistogram.java,com.xceptance.xlt.report.util.RuntimeHistogram,org.pitest.mutationtest.engine.gregor.mutators.MathMutator,grow,146,KILLED,com.xceptance.xlt.report.util.RuntimeHistogramTest.[engine:junit-jupiter]/[class:com.xceptance.xlt.report.util.RuntimeHistogramTest]/[nested-class:RangeCountTest]/[method:partialOverlap()]
RuntimeHistogram.java,com.xceptance.xlt.report.util.RuntimeHistogram,org.pitest.mutationtest.engine.gregor.mutators.NegateConditionalsMutator,grow,117,KILLED,com.xceptance.xlt.report.util.RuntimeHistogramTest.[engine:junit-jupiter]/[class:com.xceptance.xlt.report.util.RuntimeHistogramTest]/[nested-class:RangeCountTest]/[method:partialOverlap()]
RuntimeHistogram.java,com.xceptance.xlt.report.util.RuntimeHistogram,org.pitest.mutationtest.engine.gregor.mutators.NegateConditionalsMutator,grow,126,KILLED,com.xceptance.xlt.report.util.RuntimeHistogramTest.[engine:junit-jupiter]/[class:com.xceptance.xlt.report.util.RuntimeHistogramTest]/[nested-class:RangeCountTest]/[method:partialOverlap()]
RuntimeHistogram.java,com.xceptance.xlt.report.util.RuntimeHistogram,org.pitest.mutationtest.engine.gregor.mutators.VoidMethodCallMutator,grow,134,KILLED,com.xceptance.xlt.report.util.RuntimeHistogramTest.[engine:junit-jupiter]/[class:com.xceptance.xlt.report.util.RuntimeHistogramTest]/[nested-class:AddValueTest]/[method:descendingGrowth()]
RuntimeHistogram.java,com.xceptance.xlt.report.util.RuntimeHistogram,org.pitest.mutationtest.engine.gregor.mutators.NegateConditionalsMutator,isEmpty,245,KILLED,com.xceptance.xlt.report.util.RuntimeHistogramTest.[engine:junit-jupiter]/[class:com.xceptance.xlt.report.util.RuntimeHistogramTest]/[nested-class:InitialStateTest]/[method:defaultConstructor()]
RuntimeHistogram.java,com.xceptance.xlt.report.util.RuntimeHistogram,org.pitest.mutationtest.engine.gregor.mutators.returns.BooleanTrueReturnValsMutator,isEmpty,245,KILLED,com.xceptance.xlt.report.util.RuntimeHistogramTest.[engine:junit-jupiter]/[class:com.xceptance.xlt.report.util.RuntimeHistogramTest]/[nested-class:AddValueTest]/[method:singleValue()]
BitCompression.java,com.xceptance.xlt.report.util.misc.BitCompression,org.pitest.mutationtest.engine.gregor.mutators.MathMutator,combineAdjacentBits,37,KILLED,com.xceptance.xlt.report.util.misc.BitCompressionTest.[engine:junit-jupiter]/[class:com.xceptance.xlt.report.util.misc.BitCompressionTest]/[method:singleBits()]
BitCompression.java,com.xceptance.xlt.report.util.misc.BitCompression,org.pitest.mutationtest.engine.gregor.mutators.MathMutator,combineAdjacentBits,37,KILLED,com.xceptance.xlt.report.util.misc.BitCompressionTest.[engine:junit-jupiter]/[class:com.xceptance.xlt.report.util.misc.BitCompressionTest]/[method:singleBits()]
BitCompression.java,com.xceptance.xlt.report.util.misc.BitCompression,org.pitest.mutationtest.engine.gregor.mutators.returns.PrimitiveReturnsMutator,combineAdjacentBits,37,KILLED,com.xceptance.xlt.report.util.misc.BitCompressionTest.[engine:junit-jupiter]/[class:com.xceptance.xlt.report.util.misc.BitCompressionTest]/[method:allBitsSet()]
BitCompression.java,com.xceptance.xlt.report.util.misc.BitCompression,org.pitest.mutationtest.engine.gregor.mutators.MathMutator,compressAndShiftOddBits,49,KILLED,com.xceptance.xlt.report.util.misc.BitCompressionTest.[engine:junit-jupiter]/[class:com.xceptance.xlt.report.util.misc.BitCompressionTest]/[method:allBitsSet()]
BitCompression.java,com.xceptance.xlt.report.util.misc.BitCompression,org.pitest.mutationtest.engine.gregor.mutators.MathMutator,compressAndShiftOddBits,49,KILLED,com.xceptance.xlt.report.util.misc.BitCompressionTest.[engine:junit-jupiter]/[class:com.xceptance.xlt.report.util.misc.BitCompressionTest]/[method:zeroInput()]
BitCompression.java,com.xceptance.xlt.report.util.misc.BitCompression,org.pitest.mutationtest.engine.gregor.mutators.MathMutator,compressAndShiftOddBits,50,KILLED,com.xceptance.xlt.report.util.misc.BitCompressionTest.[engine:junit-jupiter]/[class:com.xceptance.xlt.report.util.misc.BitCompressionTest]/[method:singleBits()]
BitCompression.java,com.xceptance.xlt.report.util.misc.BitCompression,org.pitest.mutationtest.engine.gregor.mutators.MathMutator,compressAndShiftOddBits,50,KILLED,com.xceptance.xlt.report.util.misc.BitCompressionTest.[engine:junit-jupiter]/[class:com.xceptance.xlt.report.util.misc.BitCompressionTest]/[method:allBitsSet()]
BitCompression.java,com.xceptance.xlt.report.util.misc.BitCompression,org.pitest.mutationtest.engine.gregor.mutators.MathMutator,compressAndShiftOddBits,50,KILLED,com.xceptance.xlt.report.util.misc.BitCompressionTest.[engine:junit-jupiter]/[class:com.xceptance.xlt.report.util.misc.BitCompressionTest]/[method:zeroInput()]
BitCompression.java,com.xceptance.xlt.report.util.misc.BitCompression,org.pitest.mutationtest.engine.gregor.mutators.MathMutator,compressAndShiftOddBits,51,KILLED,com.xceptance.xlt.report.util.misc.BitCompressionTest.[engine:junit-jupiter]/[class:com.xceptance.xlt.report.util.misc.BitCompressionTest]/[method:singleBits()]
BitCompression.java,com.xceptance.xlt.report.util.misc.BitCompression,org.pitest.mutationtest.engine.gregor.mutators.MathMutator,compressAndShiftOddBits,51,KILLED,com.xceptance.xlt.report.util.misc.BitCompressionTest.[engine:junit-jupiter]/[class:com.xceptance.xlt.report.util.misc.BitCompressionTest]/[method:allBitsSet()]
BitCompression.java,com.xceptance.xlt.report.util.misc.BitCompression,org.pitest.mutationtest.engine.gregor.mutators.MathMutator,compressAndShiftOddBits,51,KILLED,com.xceptance.xlt.report.util.misc.BitCompressionTest.[engine:junit-jupiter]/[class:com.xceptance.xlt.report.util.misc.BitCompressionTest]/[method:zeroInput()]
BitCompression.java,com.xceptance.xlt.report.util.misc.BitCompression,org.pitest.mutationtest.engine.gregor.mutators.MathMutator,compressAndShiftOddBits,52,KILLED,com.xceptance.xlt.report.util.misc.BitCompressionTest.[engine:junit-jupiter]/[class:com.xceptance.xlt.report.util.misc.BitCompressionTest]/[method:singleBits()]
BitCompression.java,com.xceptance.xlt.report.util.misc.BitCompression,org.pitest.mutationtest.engine.gregor.mutators.MathMutator,compressAndShiftOddBits,52,KILLED,com.xceptance.xlt.report.util.misc.BitCompressionTest.[engine:junit-jupiter]/[class:com.xceptance.xlt.report.util.misc.BitCompressionTest]/[method:allBitsSet()]
BitCompression.java,com.xceptance.xlt.report.util.misc.BitCompression,org.pitest.mutationtest.engine.gregor.mutators.MathMutator,compressAndShiftOddBits,52,KILLED,com.xceptance.xlt.report.util.misc.BitCompressionTest.[engine:junit-jupiter]/[class:com.xceptance.xlt.report.util.misc.BitCompressionTest]/[method:zeroInput()]
BitCompression.java,com.xceptance.xlt.report.util.misc.BitCompression,org.pitest.mutationtest.engine.gregor.mutators.MathMutator,compressAndShiftOddBits,53,KILLED,com.xceptance.xlt.report.util.misc.BitCompressionTest.[engine:junit-jupiter]/[class:com.xceptance.xlt.report.util.misc.BitCompressionTest]/[method:singleBits()]
BitCompression.java,com.xceptance.xlt.report.util.misc.BitCompression,org.pitest.mutationtest.engine.gregor.mutators.MathMutator,compressAndShiftOddBits,53,KILLED,com.xceptance.xlt.report.util.misc.BitCompressionTest.[engine:junit-jupiter]/[class:com.xceptance.xlt.report.util.misc.BitCompressionTest]/[method:allBitsSet()]
BitCompression.java,com.xceptance.xlt.report.util.misc.BitCompression,org.pitest.mutationtest.engine.gregor.mutators.MathMutator,compressAndShiftOddBits,53,KILLED,com.xceptance.xlt.report.util.misc.BitCompressionTest.[engine:junit-jupiter]/[class:com.xceptance.xlt.report.util.misc.BitCompressionTest]/[method:zeroInput()]
BitCompression.java,com.xceptance.xlt.report.util.misc.BitCompression,org.pitest.mutationtest.engine.gregor.mutators.MathMutator,compressAndShiftOddBits,54,KILLED,com.xceptance.xlt.report.util.misc.BitCompressionTest.[engine:junit-jupiter]/[class:com.xceptance.xlt.report.util.misc.BitCompressionTest]/[method:singleBits()]
BitCompression.java,com.xceptance.xlt.report.util.misc.BitCompression,org.pitest.mutationtest.engine.gregor.mutators.MathMutator,compressAndShiftOddBits,54,KILLED,com.xceptance.xlt.report.util.misc.BitCompressionTest.[engine:junit-jupiter]/[class:com.xceptance.xlt.report.util.misc.BitCompressionTest]/[method:allBitsSet()]
BitCompression.java,com.xceptance.xlt.report.util.misc.BitCompression,org.pitest.mutationtest.engine.gregor.mutators.MathMutator,compressAndShiftOddBits,54,KILLED,com.xceptance.xlt.report.util.misc.BitCompressionTest.[engine:junit-jupiter]/[class:com.xceptance.xlt.report.util.misc.BitCompressionTest]/[method:allBitsSet()]
BitCompression.java,com.xceptance.xlt.report.util.misc.BitCompression,org.pitest.mutationtest.engine.gregor.mutators.returns.PrimitiveReturnsMutator,compressAndShiftOddBits,55,KILLED,com.xceptance.xlt.report.util.misc.BitCompressionTest.[engine:junit-jupiter]/[class:com.xceptance.xlt.report.util.misc.BitCompressionTest]/[method:allBitsSet()]
LRUClockMap.java,org.jugsaxony.demo12.LRUClockMap$DebugWrapper,org.pitest.mutationtest.engine.gregor.mutators.MathMutator,<init>,610,KILLED,org.jugsaxony.demo12.LRUClockMapTest.[engine:junit-jupiter]/[class:org.jugsaxony.demo12.LRUClockMapTest]/[nested-class:MutationCoverageTest]/[method:testDebugWrapperBitwiseMask()]
LRUClockMap.java,org.jugsaxony.demo12.LRUClockMap$DebugWrapper,org.pitest.mutationtest.engine.gregor.mutators.returns.EmptyObjectReturnValsMutator,toString,616,KILLED,org.jugsaxony.demo12.LRUClockMapTest.[engine:junit-jupiter]/[class:org.jugsaxony.demo12.LRUClockMapTest]/[nested-class:DebugAndToStringTest]/[method:testToStringAndDebugData()]
LRUClockMap.java,org.jugsaxony.demo12.LRUClockMap$Wrapper,org.pitest.mutationtest.engine.gregor.mutators.returns.EmptyObjectReturnValsMutator,toString,95,KILLED,org.jugsaxony.demo12.LRUClockMapTest.[engine:junit-jupiter]/[class:org.jugsaxony.demo12.LRUClockMapTest]/[nested-class:MutationCoverageTest]/[method:testWrapperToString()]
IntTimeSeries.java,com.xceptance.xlt.report.util.rework.IntTimeSeries$HistogramBucket,org.pitest.mutationtest.engine.gregor.mutators.returns.EmptyObjectReturnValsMutator,toString,489,KILLED,com.xceptance.xlt.report.util.rework.IntTimeSeriesTest.[engine:junit-jupiter]/[class:com.xceptance.xlt.report.util.rework.IntTimeSeriesTest]/[nested-class:ToHistogramTest]/[method:toHistogramGeneration()]
