BitUtil.java,com.xceptance.xlt.report.util.lucene.BitUtil,org.pitest.mutationtest.engine.gregor.mutators.MathMutator,isPowerOfTwo,807,NO_COVERAGE,none
BitUtil.java,com.xceptance.xlt.report.util.lucene.BitUtil,org.pitest.mutationtest.engine.gregor.mutators.MathMutator,isPowerOfTwo,807,NO_COVERAGE,none
BitUtil.java,com.xceptance.xlt.report.util.lucene.BitUtil,org.pitest.mutationtest.engine.gregor.mutators.RemoveConditionalMutator_EQUAL_ELSE,isPowerOfTwo,807,NO_COVERAGE,none
BitUtil.java,com.xceptance.xlt.report.util.lucene.BitUtil,org.pitest.mutationtest.engine.gregor.mutators.RemoveConditionalMutator_EQUAL_IF,isPowerOfTwo,807,NO_COVERAGE,none
BitUtil.java,com.xceptance.xlt.report.util.lucene.BitUtil,org.pitest.mutationtest.engine.gregor.mutators.returns.BooleanFalseReturnValsMutator,isPowerOfTwo,807,NO_COVERAGE,none
BitUtil.java,com.xceptance.xlt.report.util.lucene.BitUtil,org.pitest.mutationtest.engine.gregor.mutators.returns.BooleanTrueReturnValsMutator,isPowerOfTwo,807,NO_COVERAGE,none
BitUtil.java,com.xceptance.xlt.report.util.lucene.BitUtil,org.pitest.mutationtest.engine.gregor.mutators.MathMutator,isPowerOfTwo,812,NO_COVERAGE,none
BitUtil.java,com.xceptance.xlt.report.util.lucene.BitUtil,org.pitest.mutationtest.engine.gregor.mutators.MathMutator,isPowerOfTwo,812,NO_COVERAGE,none
BitUtil.java,com.xceptance.xlt.report.util.lucene.BitUtil,org.pitest.mutationtest.engine.gregor.mutators.RemoveConditionalMutator_EQUAL_ELSE,isPowerOfTwo,812,NO_COVERAGE,none
BitUtil.java,com.xceptance.xlt.report.util.lucene.BitUtil,org.pitest.mutationtest.engine.gregor.mutators.RemoveConditionalMutator_EQUAL_IF,isPowerOfTwo,812,NO_COVERAGE,none
BitUtil.java,com.xceptance.xlt.report.util.lucene.BitUtil,org.pitest.mutationtest.engine.gregor.mutators.returns.BooleanFalseReturnValsMutator,isPowerOfTwo,812,NO_COVERAGE,none
BitUtil.java,com.xceptance.xlt.report.util.lucene.BitUtil,org.pitest.mutationtest.engine.gregor.mutators.returns.BooleanTrueReturnValsMutator,isPowerOfTwo,812,NO_COVERAGE,none
BitUtil.java,com.xceptance.xlt.report.util.lucene.BitUtil,org.pitest.mutationtest.engine.gregor.mutators.IncrementsMutator,nextHighestPowerOfTwo,817,KILLED,com.xceptance.xlt.report.util.RuntimeHistogramTest.[engine:junit-jupiter]/[class:com.xceptance.xlt.report.util.RuntimeHistogramTest]/[method:defaultConstructor_usesPrecisionOne()]
BitUtil.java,com.xceptance.xlt.report.util.lucene.BitUtil,org.pitest.mutationtest.engine.gregor.mutators.IncrementsMutator,nextHighestPowerOfTwo,823,KILLED,com.xceptance.xlt.report.util.RuntimeHistogramTest.[engine:junit-jupiter]/[class:com.xceptance.xlt.report.util.RuntimeHistogramTest]/[method:constructor_nonPowerOfTwoRoundsUp()]
BitUtil.java,com.xceptance.xlt.report.util.lucene.BitUtil,org.pitest.mutationtest.engine.gregor.mutators.MathMutator,nextHighestPowerOfTwo,818,KILLED,com.xceptance.xlt.report.util.RuntimeHistogramTest.[engine:junit-jupiter]/[class:com.xceptance.xlt.report.util.RuntimeHistogramTest]/[method:constructor_nonPowerOfTwoRoundsUp()]
BitUtil.java,com.xceptance.xlt.report.util.lucene.BitUtil,org.pitest.mutationtest.engine.gregor.mutators.MathMutator,nextHighestPowerOfTwo,818,KILLED,com.xceptance.xlt.report.util.RuntimeHistogramTest.[engine:junit-jupiter]/[class:com.xceptance.xlt.report.util.RuntimeHistogramTest]/[method:constructor_nonPowerOfTwoRoundsUp()]
BitUtil.java,com.xceptance.xlt.report.util.lucene.BitUtil,org.pitest.mutationtest.engine.gregor.mutators.MathMutator,nextHighestPowerOfTwo,819,KILLED,com.xceptance.xlt.report.util.RuntimeHistogramTest.[engine:junit-jupiter]/[class:com.xceptance.xlt.report.util.RuntimeHistogramTest]/[method:constructor_nonPowerOfTwoRoundsUp()]
BitUtil.java,com.xceptance.xlt.report.util.lucene.BitUtil,org.pitest.mutationtest.engine.gregor.mutators.MathMutator,nextHighestPowerOfTwo,819,KILLED,com.xceptance.xlt.report.util.RuntimeHistogramTest.[engine:junit-jupiter]/[class:com.xceptance.xlt.report.util.RuntimeHistogramTest]/[method:constructor_nonPowerOfTwoRoundsUp()]
BitUtil.java,com.xceptance.xlt.report.util.lucene.BitUtil,org.pitest.mutationtest.engine.gregor.mutators.MathMutator,nextHighestPowerOfTwo,820,KILLED,com.xceptance.xlt.report.util.rework.IntTimeSeriesTest.[engine:junit-jupiter]/[class:com.xceptance.xlt.report.util.rework.IntTimeSeriesTest]/[method:customSize()]
BitUtil.java,com.xceptance.xlt.report.util.lucene.BitUtil,org.pitest.mutationtest.engine.gregor.mutators.MathMutator,nextHighestPowerOfTwo,820,KILLED,com.xceptance.xlt.report.util.RuntimeHistogramTest.[engine:junit-jupiter]/[class:com.xceptance.xlt.report.util.RuntimeHistogramTest]/[method:constructor_nonPowerOfTwoRoundsUp()]
BitUtil.java,com.xceptance.xlt.report.util.lucene.BitUtil,org.pitest.mutationtest.engine.gregor.mutators.MathMutator,nextHighestPowerOfTwo,821,KILLED,com.xceptance.xlt.report.util.rework.IntTimeSeriesTest.[engine:junit-jupiter]/[class:com.xceptance.xlt.report.util.rework.IntTimeSeriesTest]/[method:customSize()]
BitUtil.java,com.xceptance.xlt.report.util.lucene.BitUtil,org.pitest.mutationtest.engine.gregor.mutators.MathMutator,nextHighestPowerOfTwo,821,KILLED,com.xceptance.xlt.report.util.RuntimeHistogramTest.[engine:junit-jupiter]/[class:com.xceptance.xlt.report.util.RuntimeHistogramTest]/[method:constructor_nonPowerOfTwoRoundsUp()]
BitUtil.java,com.xceptance.xlt.report.util.lucene.BitUtil,org.pitest.mutationtest.engine.gregor.mutators.MathMutator,nextHighestPowerOfTwo,822,KILLED,com.xceptance.xlt.report.util.rework.IntTimeSeriesTest.[engine:junit-jupiter]/[class:com.xceptance.xlt.report.util.rework.IntTimeSeriesTest]/[method:customSize()]
BitUtil.java,com.xceptance.xlt.report.util.lucene.BitUtil,org.pitest.mutationtest.engine.gregor.mutators.MathMutator,nextHighestPowerOfTwo,822,KILLED,com.xceptance.xlt.report.util.RuntimeHistogramTest.[engine:junit-jupiter]/[class:com.xceptance.xlt.report.util.RuntimeHistogramTest]/[method:constructor_nonPowerOfTwoRoundsUp()]
BitUtil.java,com.xceptance.xlt.report.util.lucene.BitUtil,org.pitest.mutationtest.engine.gregor.mutators.returns.PrimitiveReturnsMutator,nextHighestPowerOfTwo,824,KILLED,com.xceptance.xlt.report.util.RuntimeHistogramTest.[engine:junit-jupiter]/[class:com.xceptance.xlt.report.util.RuntimeHistogramTest]/[method:constructor_nonPowerOfTwoRoundsUp()]
BitUtil.java,com.xceptance.xlt.report.util.lucene.BitUtil,org.pitest.mutationtest.engine.gregor.mutators.MathMutator,nextHighestPowerOfTwo,829,NO_COVERAGE,none
BitUtil.java,com.xceptance.xlt.report.util.lucene.BitUtil,org.pitest.mutationtest.engine.gregor.mutators.MathMutator,nextHighestPowerOfTwo,830,NO_COVERAGE,none
BitUtil.java,com.xceptance.xlt.report.util.lucene.BitUtil,org.pitest.mutationtest.engine.gregor.mutators.MathMutator,nextHighestPowerOfTwo,830,NO_COVERAGE,none
BitUtil.java,com.xceptance.xlt.report.util.lucene.BitUtil,org.pitest.mutationtest.engine.gregor.mutators.MathMutator,nextHighestPowerOfTwo,831,NO_COVERAGE,none
BitUtil.java,com.xceptance.xlt.report.util.lucene.BitUtil,org.pitest.mutationtest.engine.gregor.mutators.MathMutator,nextHighestPowerOfTwo,831,NO_COVERAGE,none
BitUtil.java,com.xceptance.xlt.report.util.lucene.BitUtil,org.pitest.mutationtest.engine.gregor.mutators.MathMutator,nextHighestPowerOfTwo,832,NO_COVERAGE,none
BitUtil.java,com.xceptance.xlt.report.util.lucene.BitUtil,org.pitest.mutationtest.engine.gregor.mutators.MathMutator,nextHighestPowerOfTwo,832,NO_COVERAGE,none
BitUtil.java,com.xceptance.xlt.report.util.lucene.BitUtil,org.pitest.mutationtest.engine.gregor.mutators.MathMutator,nextHighestPowerOfTwo,833,NO_COVERAGE,none
BitUtil.java,com.xceptance.xlt.report.util.lucene.BitUtil,org.pitest.mutationtest.engine.gregor.mutators.MathMutator,nextHighestPowerOfTwo,833,NO_COVERAGE,none
BitUtil.java,com.xceptance.xlt.report.util.lucene.BitUtil,org.pitest.mutationtest.engine.gregor.mutators.MathMutator,nextHighestPowerOfTwo,834,NO_COVERAGE,none
BitUtil.java,com.xceptance.xlt.report.util.lucene.BitUtil,org.pitest.mutationtest.engine.gregor.mutators.MathMutator,nextHighestPowerOfTwo,834,NO_COVERAGE,none
BitUtil.java,com.xceptance.xlt.report.util.lucene.BitUtil,org.pitest.mutationtest.engine.gregor.mutators.MathMutator,nextHighestPowerOfTwo,835,NO_COVERAGE,none
BitUtil.java,com.xceptance.xlt.report.util.lucene.BitUtil,org.pitest.mutationtest.engine.gregor.mutators.MathMutator,nextHighestPowerOfTwo,835,NO_COVERAGE,none
BitUtil.java,com.xceptance.xlt.report.util.lucene.BitUtil,org.pitest.mutationtest.engine.gregor.mutators.MathMutator,nextHighestPowerOfTwo,836,NO_COVERAGE,none
BitUtil.java,com.xceptance.xlt.report.util.lucene.BitUtil,org.pitest.mutationtest.engine.gregor.mutators.returns.PrimitiveReturnsMutator,nextHighestPowerOfTwo,837,NO_COVERAGE,none
BitUtil.java,com.xceptance.xlt.report.util.lucene.BitUtil,org.pitest.mutationtest.engine.gregor.mutators.IncrementsMutator,nlz,791,NO_COVERAGE,none
BitUtil.java,com.xceptance.xlt.report.util.lucene.BitUtil,org.pitest.mutationtest.engine.gregor.mutators.IncrementsMutator,nlz,792,NO_COVERAGE,none
BitUtil.java,com.xceptance.xlt.report.util.lucene.BitUtil,org.pitest.mutationtest.engine.gregor.mutators.IncrementsMutator,nlz,793,NO_COVERAGE,none
BitUtil.java,com.xceptance.xlt.report.util.lucene.BitUtil,org.pitest.mutationtest.engine.gregor.mutators.MathMutator,nlz,790,NO_COVERAGE,none
BitUtil.java,com.xceptance.xlt.report.util.lucene.BitUtil,org.pitest.mutationtest.engine.gregor.mutators.MathMutator,nlz,792,NO_COVERAGE,none
BitUtil.java,com.xceptance.xlt.report.util.lucene.BitUtil,org.pitest.mutationtest.engine.gregor.mutators.MathMutator,nlz,792,NO_COVERAGE,none
BitUtil.java,com.xceptance.xlt.report.util.lucene.BitUtil,org.pitest.mutationtest.engine.gregor.mutators.MathMutator,nlz,793,NO_COVERAGE,none
BitUtil.java,com.xceptance.xlt.report.util.lucene.BitUtil,org.pitest.mutationtest.engine.gregor.mutators.MathMutator,nlz,793,NO_COVERAGE,none
BitUtil.java,com.xceptance.xlt.report.util.lucene.BitUtil,org.pitest.mutationtest.engine.gregor.mutators.MathMutator,nlz,794,NO_COVERAGE,none
BitUtil.java,com.xceptance.xlt.report.util.lucene.BitUtil,org.pitest.mutationtest.engine.gregor.mutators.MathMutator,nlz,794,NO_COVERAGE,none
BitUtil.java,com.xceptance.xlt.report.util.lucene.BitUtil,org.pitest.mutationtest.engine.gregor.mutators.RemoveConditionalMutator_EQUAL_ELSE,nlz,791,NO_COVERAGE,none
BitUtil.java,com.xceptance.xlt.report.util.lucene.BitUtil,org.pitest.mutationtest.engine.gregor.mutators.RemoveConditionalMutator_EQUAL_ELSE,nlz,792,NO_COVERAGE,none
BitUtil.java,com.xceptance.xlt.report.util.lucene.BitUtil,org.pitest.mutationtest.engine.gregor.mutators.RemoveConditionalMutator_EQUAL_ELSE,nlz,793,NO_COVERAGE,none
BitUtil.java,com.xceptance.xlt.report.util.lucene.BitUtil,org.pitest.mutationtest.engine.gregor.mutators.RemoveConditionalMutator_EQUAL_IF,nlz,791,NO_COVERAGE,none
BitUtil.java,com.xceptance.xlt.report.util.lucene.BitUtil,org.pitest.mutationtest.engine.gregor.mutators.RemoveConditionalMutator_EQUAL_IF,nlz,792,NO_COVERAGE,none
BitUtil.java,com.xceptance.xlt.report.util.lucene.BitUtil,org.pitest.mutationtest.engine.gregor.mutators.RemoveConditionalMutator_EQUAL_IF,nlz,793,NO_COVERAGE,none
BitUtil.java,com.xceptance.xlt.report.util.lucene.BitUtil,org.pitest.mutationtest.engine.gregor.mutators.returns.PrimitiveReturnsMutator,nlz,794,NO_COVERAGE,none
BitUtil.java,com.xceptance.xlt.report.util.lucene.BitUtil,org.pitest.mutationtest.engine.gregor.mutators.MathMutator,ntz,739,NO_COVERAGE,none
BitUtil.java,com.xceptance.xlt.report.util.lucene.BitUtil,org.pitest.mutationtest.engine.gregor.mutators.MathMutator,ntz,741,NO_COVERAGE,none
BitUtil.java,com.xceptance.xlt.report.util.lucene.BitUtil,org.pitest.mutationtest.engine.gregor.mutators.MathMutator,ntz,741,NO_COVERAGE,none
BitUtil.java,com.xceptance.xlt.report.util.lucene.BitUtil,org.pitest.mutationtest.engine.gregor.mutators.MathMutator,ntz,742,NO_COVERAGE,none
BitUtil.java,com.xceptance.xlt.report.util.lucene.BitUtil,org.pitest.mutationtest.engine.gregor.mutators.MathMutator,ntz,743,NO_COVERAGE,none
BitUtil.java,com.xceptance.xlt.report.util.lucene.BitUtil,org.pitest.mutationtest.engine.gregor.mutators.MathMutator,ntz,743,NO_COVERAGE,none
BitUtil.java,com.xceptance.xlt.report.util.lucene.BitUtil,org.pitest.mutationtest.engine.gregor.mutators.MathMutator,ntz,744,NO_COVERAGE,none
BitUtil.java,com.xceptance.xlt.report.util.lucene.BitUtil,org.pitest.mutationtest.engine.gregor.mutators.MathMutator,ntz,747,NO_COVERAGE,none
BitUtil.java,com.xceptance.xlt.report.util.lucene.BitUtil,org.pitest.mutationtest.engine.gregor.mutators.MathMutator,ntz,747,NO_COVERAGE,none
BitUtil.java,com.xceptance.xlt.report.util.lucene.BitUtil,org.pitest.mutationtest.engine.gregor.mutators.RemoveConditionalMutator_EQUAL_ELSE,ntz,740,NO_COVERAGE,none
BitUtil.java,com.xceptance.xlt.report.util.lucene.BitUtil,org.pitest.mutationtest.engine.gregor.mutators.RemoveConditionalMutator_EQUAL_ELSE,ntz,742,NO_COVERAGE,none
BitUtil.java,com.xceptance.xlt.report.util.lucene.BitUtil,org.pitest.mutationtest.engine.gregor.mutators.RemoveConditionalMutator_EQUAL_ELSE,ntz,744,NO_COVERAGE,none
BitUtil.java,com.xceptance.xlt.report.util.lucene.BitUtil,org.pitest.mutationtest.engine.gregor.mutators.RemoveConditionalMutator_EQUAL_IF,ntz,740,NO_COVERAGE,none
BitUtil.java,com.xceptance.xlt.report.util.lucene.BitUtil,org.pitest.mutationtest.engine.gregor.mutators.RemoveConditionalMutator_EQUAL_IF,ntz,742,NO_COVERAGE,none
BitUtil.java,com.xceptance.xlt.report.util.lucene.BitUtil,org.pitest.mutationtest.engine.gregor.mutators.RemoveConditionalMutator_EQUAL_IF,ntz,744,NO_COVERAGE,none
BitUtil.java,com.xceptance.xlt.report.util.lucene.BitUtil,org.pitest.mutationtest.engine.gregor.mutators.returns.PrimitiveReturnsMutator,ntz,740,NO_COVERAGE,none
BitUtil.java,com.xceptance.xlt.report.util.lucene.BitUtil,org.pitest.mutationtest.engine.gregor.mutators.returns.PrimitiveReturnsMutator,ntz,742,NO_COVERAGE,none
BitUtil.java,com.xceptance.xlt.report.util.lucene.BitUtil,org.pitest.mutationtest.engine.gregor.mutators.returns.PrimitiveReturnsMutator,ntz,744,NO_COVERAGE,none
BitUtil.java,com.xceptance.xlt.report.util.lucene.BitUtil,org.pitest.mutationtest.engine.gregor.mutators.returns.PrimitiveReturnsMutator,ntz,747,NO_COVERAGE,none
BitUtil.java,com.xceptance.xlt.report.util.lucene.BitUtil,org.pitest.mutationtest.engine.gregor.mutators.MathMutator,ntz,707,NO_COVERAGE,none
BitUtil.java,com.xceptance.xlt.report.util.lucene.BitUtil,org.pitest.mutationtest.engine.gregor.mutators.MathMutator,ntz,711,NO_COVERAGE,none
BitUtil.java,com.xceptance.xlt.report.util.lucene.BitUtil,org.pitest.mutationtest.engine.gregor.mutators.MathMutator,ntz,711,NO_COVERAGE,none
BitUtil.java,com.xceptance.xlt.report.util.lucene.BitUtil,org.pitest.mutationtest.engine.gregor.mutators.MathMutator,ntz,712,NO_COVERAGE,none
BitUtil.java,com.xceptance.xlt.report.util.lucene.BitUtil,org.pitest.mutationtest.engine.gregor.mutators.MathMutator,ntz,713,NO_COVERAGE,none
BitUtil.java,com.xceptance.xlt.report.util.lucene.BitUtil,org.pitest.mutationtest.engine.gregor.mutators.MathMutator,ntz,713,NO_COVERAGE,none
BitUtil.java,com.xceptance.xlt.report.util.lucene.BitUtil,org.pitest.mutationtest.engine.gregor.mutators.MathMutator,ntz,714,NO_COVERAGE,none
BitUtil.java,com.xceptance.xlt.report.util.lucene.BitUtil,org.pitest.mutationtest.engine.gregor.mutators.MathMutator,ntz,717,NO_COVERAGE,none
BitUtil.java,com.xceptance.xlt.report.util.lucene.BitUtil,org.pitest.mutationtest.engine.gregor.mutators.MathMutator,ntz,717,NO_COVERAGE,none
BitUtil.java,com.xceptance.xlt.report.util.lucene.BitUtil,org.pitest.mutationtest.engine.gregor.mutators.MathMutator,ntz,720,NO_COVERAGE,none
BitUtil.java,com.xceptance.xlt.report.util.lucene.BitUtil,org.pitest.mutationtest.engine.gregor.mutators.MathMutator,ntz,721,NO_COVERAGE,none
BitUtil.java,com.xceptance.xlt.report.util.lucene.BitUtil,org.pitest.mutationtest.engine.gregor.mutators.MathMutator,ntz,722,NO_COVERAGE,none
BitUtil.java,com.xceptance.xlt.report.util.lucene.BitUtil,org.pitest.mutationtest.engine.gregor.mutators.MathMutator,ntz,723,NO_COVERAGE,none
BitUtil.java,com.xceptance.xlt.report.util.lucene.BitUtil,org.pitest.mutationtest.engine.gregor.mutators.MathMutator,ntz,723,NO_COVERAGE,none
BitUtil.java,com.xceptance.xlt.report.util.lucene.BitUtil,org.pitest.mutationtest.engine.gregor.mutators.MathMutator,ntz,724,NO_COVERAGE,none
BitUtil.java,com.xceptance.xlt.report.util.lucene.BitUtil,org.pitest.mutationtest.engine.gregor.mutators.MathMutator,ntz,725,NO_COVERAGE,none
BitUtil.java,com.xceptance.xlt.report.util.lucene.BitUtil,org.pitest.mutationtest.engine.gregor.mutators.MathMutator,ntz,725,NO_COVERAGE,none
BitUtil.java,com.xceptance.xlt.report.util.lucene.BitUtil,org.pitest.mutationtest.engine.gregor.mutators.MathMutator,ntz,726,NO_COVERAGE,none
BitUtil.java,com.xceptance.xlt.report.util.lucene.BitUtil,org.pitest.mutationtest.engine.gregor.mutators.MathMutator,ntz,729,NO_COVERAGE,none
BitUtil.java,com.xceptance.xlt.report.util.lucene.BitUtil,org.pitest.mutationtest.engine.gregor.mutators.MathMutator,ntz,729,NO_COVERAGE,none
BitUtil.java,com.xceptance.xlt.report.util.lucene.BitUtil,org.pitest.mutationtest.engine.gregor.mutators.RemoveConditionalMutator_EQUAL_ELSE,ntz,708,NO_COVERAGE,none
BitUtil.java,com.xceptance.xlt.report.util.lucene.BitUtil,org.pitest.mutationtest.engine.gregor.mutators.RemoveConditionalMutator_EQUAL_ELSE,ntz,710,NO_COVERAGE,none
BitUtil.java,com.xceptance.xlt.report.util.lucene.BitUtil,org.pitest.mutationtest.engine.gregor.mutators.RemoveConditionalMutator_EQUAL_ELSE,ntz,712,NO_COVERAGE,none
BitUtil.java,com.xceptance.xlt.report.util.lucene.BitUtil,org.pitest.mutationtest.engine.gregor.mutators.RemoveConditionalMutator_EQUAL_ELSE,ntz,714,NO_COVERAGE,none
BitUtil.java,com.xceptance.xlt.report.util.lucene.BitUtil,org.pitest.mutationtest.engine.gregor.mutators.RemoveConditionalMutator_EQUAL_ELSE,ntz,722,NO_COVERAGE,none
BitUtil.java,com.xceptance.xlt.report.util.lucene.BitUtil,org.pitest.mutationtest.engine.gregor.mutators.RemoveConditionalMutator_EQUAL_ELSE,ntz,724,NO_COVERAGE,none
BitUtil.java,com.xceptance.xlt.report.util.lucene.BitUtil,org.pitest.mutationtest.engine.gregor.mutators.RemoveConditionalMutator_EQUAL_ELSE,ntz,726,NO_COVERAGE,none
BitUtil.java,com.xceptance.xlt.report.util.lucene.BitUtil,org.pitest.mutationtest.engine.gregor.mutators.RemoveConditionalMutator_EQUAL_IF,ntz,708,NO_COVERAGE,none
BitUtil.java,com.xceptance.xlt.report.util.lucene.BitUtil,org.pitest.mutationtest.engine.gregor.mutators.RemoveConditionalMutator_EQUAL_IF,ntz,710,NO_COVERAGE,none
BitUtil.java,com.xceptance.xlt.report.util.lucene.BitUtil,org.pitest.mutationtest.engine.gregor.mutators.RemoveConditionalMutator_EQUAL_IF,ntz,712,NO_COVERAGE,none
BitUtil.java,com.xceptance.xlt.report.util.lucene.BitUtil,org.pitest.mutationtest.engine.gregor.mutators.RemoveConditionalMutator_EQUAL_IF,ntz,714,NO_COVERAGE,none
BitUtil.java,com.xceptance.xlt.report.util.lucene.BitUtil,org.pitest.mutationtest.engine.gregor.mutators.RemoveConditionalMutator_EQUAL_IF,ntz,722,NO_COVERAGE,none
BitUtil.java,com.xceptance.xlt.report.util.lucene.BitUtil,org.pitest.mutationtest.engine.gregor.mutators.RemoveConditionalMutator_EQUAL_IF,ntz,724,NO_COVERAGE,none
BitUtil.java,com.xceptance.xlt.report.util.lucene.BitUtil,org.pitest.mutationtest.engine.gregor.mutators.RemoveConditionalMutator_EQUAL_IF,ntz,726,NO_COVERAGE,none
BitUtil.java,com.xceptance.xlt.report.util.lucene.BitUtil,org.pitest.mutationtest.engine.gregor.mutators.returns.PrimitiveReturnsMutator,ntz,708,NO_COVERAGE,none
BitUtil.java,com.xceptance.xlt.report.util.lucene.BitUtil,org.pitest.mutationtest.engine.gregor.mutators.returns.PrimitiveReturnsMutator,ntz,712,NO_COVERAGE,none
BitUtil.java,com.xceptance.xlt.report.util.lucene.BitUtil,org.pitest.mutationtest.engine.gregor.mutators.returns.PrimitiveReturnsMutator,ntz,714,NO_COVERAGE,none
BitUtil.java,com.xceptance.xlt.report.util.lucene.BitUtil,org.pitest.mutationtest.engine.gregor.mutators.returns.PrimitiveReturnsMutator,ntz,717,NO_COVERAGE,none
BitUtil.java,com.xceptance.xlt.report.util.lucene.BitUtil,org.pitest.mutationtest.engine.gregor.mutators.returns.PrimitiveReturnsMutator,ntz,722,NO_COVERAGE,none
BitUtil.java,com.xceptance.xlt.report.util.lucene.BitUtil,org.pitest.mutationtest.engine.gregor.mutators.returns.PrimitiveReturnsMutator,ntz,724,NO_COVERAGE,none
BitUtil.java,com.xceptance.xlt.report.util.lucene.BitUtil,org.pitest.mutationtest.engine.gregor.mutators.returns.PrimitiveReturnsMutator,ntz,726,NO_COVERAGE,none
BitUtil.java,com.xceptance.xlt.report.util.lucene.BitUtil,org.pitest.mutationtest.engine.gregor.mutators.returns.PrimitiveReturnsMutator,ntz,729,NO_COVERAGE,none
BitUtil.java,com.xceptance.xlt.report.util.lucene.BitUtil,org.pitest.mutationtest.engine.gregor.mutators.IncrementsMutator,ntz2,757,NO_COVERAGE,none
BitUtil.java,com.xceptance.xlt.report.util.lucene.BitUtil,org.pitest.mutationtest.engine.gregor.mutators.IncrementsMutator,ntz2,758,NO_COVERAGE,none
BitUtil.java,com.xceptance.xlt.report.util.lucene.BitUtil,org.pitest.mutationtest.engine.gregor.mutators.IncrementsMutator,ntz2,759,NO_COVERAGE,none
BitUtil.java,com.xceptance.xlt.report.util.lucene.BitUtil,org.pitest.mutationtest.engine.gregor.mutators.MathMutator,ntz2,757,NO_COVERAGE,none
BitUtil.java,com.xceptance.xlt.report.util.lucene.BitUtil,org.pitest.mutationtest.engine.gregor.mutators.MathMutator,ntz2,758,NO_COVERAGE,none
BitUtil.java,com.xceptance.xlt.report.util.lucene.BitUtil,org.pitest.mutationtest.engine.gregor.mutators.MathMutator,ntz2,758,NO_COVERAGE,none
BitUtil.java,com.xceptance.xlt.report.util.lucene.BitUtil,org.pitest.mutationtest.engine.gregor.mutators.MathMutator,ntz2,759,NO_COVERAGE,none
BitUtil.java,com.xceptance.xlt.report.util.lucene.BitUtil,org.pitest.mutationtest.engine.gregor.mutators.MathMutator,ntz2,759,NO_COVERAGE,none
BitUtil.java,com.xceptance.xlt.report.util.lucene.BitUtil,org.pitest.mutationtest.engine.gregor.mutators.MathMutator,ntz2,760,NO_COVERAGE,none
BitUtil.java,com.xceptance.xlt.report.util.lucene.BitUtil,org.pitest.mutationtest.engine.gregor.mutators.MathMutator,ntz2,760,NO_COVERAGE,none
BitUtil.java,com.xceptance.xlt.report.util.lucene.BitUtil,org.pitest.mutationtest.engine.gregor.mutators.RemoveConditionalMutator_EQUAL_ELSE,ntz2,757,NO_COVERAGE,none
BitUtil.java,com.xceptance.xlt.report.util.lucene.BitUtil,org.pitest.mutationtest.engine.gregor.mutators.RemoveConditionalMutator_EQUAL_ELSE,ntz2,758,NO_COVERAGE,none
BitUtil.java,com.xceptance.xlt.report.util.lucene.BitUtil,org.pitest.mutationtest.engine.gregor.mutators.RemoveConditionalMutator_EQUAL_ELSE,ntz2,759,NO_COVERAGE,none
BitUtil.java,com.xceptance.xlt.report.util.lucene.BitUtil,org.pitest.mutationtest.engine.gregor.mutators.RemoveConditionalMutator_EQUAL_IF,ntz2,757,NO_COVERAGE,none
BitUtil.java,com.xceptance.xlt.report.util.lucene.BitUtil,org.pitest.mutationtest.engine.gregor.mutators.RemoveConditionalMutator_EQUAL_IF,ntz2,758,NO_COVERAGE,none
BitUtil.java,com.xceptance.xlt.report.util.lucene.BitUtil,org.pitest.mutationtest.engine.gregor.mutators.RemoveConditionalMutator_EQUAL_IF,ntz2,759,NO_COVERAGE,none
BitUtil.java,com.xceptance.xlt.report.util.lucene.BitUtil,org.pitest.mutationtest.engine.gregor.mutators.returns.PrimitiveReturnsMutator,ntz2,760,NO_COVERAGE,none
BitUtil.java,com.xceptance.xlt.report.util.lucene.BitUtil,org.pitest.mutationtest.engine.gregor.mutators.IncrementsMutator,ntz3,774,NO_COVERAGE,none
BitUtil.java,com.xceptance.xlt.report.util.lucene.BitUtil,org.pitest.mutationtest.engine.gregor.mutators.IncrementsMutator,ntz3,775,NO_COVERAGE,none
BitUtil.java,com.xceptance.xlt.report.util.lucene.BitUtil,org.pitest.mutationtest.engine.gregor.mutators.IncrementsMutator,ntz3,776,NO_COVERAGE,none
BitUtil.java,com.xceptance.xlt.report.util.lucene.BitUtil,org.pitest.mutationtest.engine.gregor.mutators.IncrementsMutator,ntz3,777,NO_COVERAGE,none
BitUtil.java,com.xceptance.xlt.report.util.lucene.BitUtil,org.pitest.mutationtest.engine.gregor.mutators.IncrementsMutator,ntz3,778,NO_COVERAGE,none
BitUtil.java,com.xceptance.xlt.report.util.lucene.BitUtil,org.pitest.mutationtest.engine.gregor.mutators.MathMutator,ntz3,774,NO_COVERAGE,none
BitUtil.java,com.xceptance.xlt.report.util.lucene.BitUtil,org.pitest.mutationtest.engine.gregor.mutators.MathMutator,ntz3,775,NO_COVERAGE,none
BitUtil.java,com.xceptance.xlt.report.util.lucene.BitUtil,org.pitest.mutationtest.engine.gregor.mutators.MathMutator,ntz3,775,NO_COVERAGE,none
BitUtil.java,com.xceptance.xlt.report.util.lucene.BitUtil,org.pitest.mutationtest.engine.gregor.mutators.MathMutator,ntz3,776,NO_COVERAGE,none
BitUtil.java,com.xceptance.xlt.report.util.lucene.BitUtil,org.pitest.mutationtest.engine.gregor.mutators.MathMutator,ntz3,776,NO_COVERAGE,none
BitUtil.java,com.xceptance.xlt.report.util.lucene.BitUtil,org.pitest.mutationtest.engine.gregor.mutators.MathMutator,ntz3,777,NO_COVERAGE,none
BitUtil.java,com.xceptance.xlt.report.util.lucene.BitUtil,org.pitest.mutationtest.engine.gregor.mutators.MathMutator,ntz3,777,NO_COVERAGE,none
BitUtil.java,com.xceptance.xlt.report.util.lucene.BitUtil,org.pitest.mutationtest.engine.gregor.mutators.MathMutator,ntz3,778,NO_COVERAGE,none
BitUtil.java,com.xceptance.xlt.report.util.lucene.BitUtil,org.pitest.mutationtest.engine.gregor.mutators.MathMutator,ntz3,778,NO_COVERAGE,none
BitUtil.java,com.xceptance.xlt.report.util.lucene.BitUtil,org.pitest.mutationtest.engine.gregor.mutators.MathMutator,ntz3,779,NO_COVERAGE,none
BitUtil.java,com.xceptance.xlt.report.util.lucene.BitUtil,org.pitest.mutationtest.engine.gregor.mutators.MathMutator,ntz3,779,NO_COVERAGE,none
BitUtil.java,com.xceptance.xlt.report.util.lucene.BitUtil,org.pitest.mutationtest.engine.gregor.mutators.RemoveConditionalMutator_EQUAL_ELSE,ntz3,774,NO_COVERAGE,none
BitUtil.java,com.xceptance.xlt.report.util.lucene.BitUtil,org.pitest.mutationtest.engine.gregor.mutators.RemoveConditionalMutator_EQUAL_ELSE,ntz3,775,NO_COVERAGE,none
BitUtil.java,com.xceptance.xlt.report.util.lucene.BitUtil,org.pitest.mutationtest.engine.gregor.mutators.RemoveConditionalMutator_EQUAL_ELSE,ntz3,776,NO_COVERAGE,none
BitUtil.java,com.xceptance.xlt.report.util.lucene.BitUtil,org.pitest.mutationtest.engine.gregor.mutators.RemoveConditionalMutator_EQUAL_ELSE,ntz3,777,NO_COVERAGE,none
BitUtil.java,com.xceptance.xlt.report.util.lucene.BitUtil,org.pitest.mutationtest.engine.gregor.mutators.RemoveConditionalMutator_EQUAL_ELSE,ntz3,778,NO_COVERAGE,none
BitUtil.java,com.xceptance.xlt.report.util.lucene.BitUtil,org.pitest.mutationtest.engine.gregor.mutators.RemoveConditionalMutator_EQUAL_IF,ntz3,774,NO_COVERAGE,none
BitUtil.java,com.xceptance.xlt.report.util.lucene.BitUtil,org.pitest.mutationtest.engine.gregor.mutators.RemoveConditionalMutator_EQUAL_IF,ntz3,775,NO_COVERAGE,none
BitUtil.java,com.xceptance.xlt.report.util.lucene.BitUtil,org.pitest.mutationtest.engine.gregor.mutators.RemoveConditionalMutator_EQUAL_IF,ntz3,776,NO_COVERAGE,none
BitUtil.java,com.xceptance.xlt.report.util.lucene.BitUtil,org.pitest.mutationtest.engine.gregor.mutators.RemoveConditionalMutator_EQUAL_IF,ntz3,777,NO_COVERAGE,none
BitUtil.java,com.xceptance.xlt.report.util.lucene.BitUtil,org.pitest.mutationtest.engine.gregor.mutators.RemoveConditionalMutator_EQUAL_IF,ntz3,778,NO_COVERAGE,none
BitUtil.java,com.xceptance.xlt.report.util.lucene.BitUtil,org.pitest.mutationtest.engine.gregor.mutators.returns.PrimitiveReturnsMutator,ntz3,779,NO_COVERAGE,none
BitUtil.java,com.xceptance.xlt.report.util.lucene.BitUtil,org.pitest.mutationtest.engine.gregor.mutators.MathMutator,pop,44,NO_COVERAGE,none
BitUtil.java,com.xceptance.xlt.report.util.lucene.BitUtil,org.pitest.mutationtest.engine.gregor.mutators.MathMutator,pop,44,NO_COVERAGE,none
BitUtil.java,com.xceptance.xlt.report.util.lucene.BitUtil,org.pitest.mutationtest.engine.gregor.mutators.MathMutator,pop,44,NO_COVERAGE,none
BitUtil.java,com.xceptance.xlt.report.util.lucene.BitUtil,org.pitest.mutationtest.engine.gregor.mutators.MathMutator,pop,45,NO_COVERAGE,none
BitUtil.java,com.xceptance.xlt.report.util.lucene.BitUtil,org.pitest.mutationtest.engine.gregor.mutators.MathMutator,pop,45,NO_COVERAGE,none
BitUtil.java,com.xceptance.xlt.report.util.lucene.BitUtil,org.pitest.mutationtest.engine.gregor.mutators.MathMutator,pop,45,NO_COVERAGE,none
BitUtil.java,com.xceptance.xlt.report.util.lucene.BitUtil,org.pitest.mutationtest.engine.gregor.mutators.MathMutator,pop,45,NO_COVERAGE,none
BitUtil.java,com.xceptance.xlt.report.util.lucene.BitUtil,org.pitest.mutationtest.engine.gregor.mutators.MathMutator,pop,46,NO_COVERAGE,none
BitUtil.java,com.xceptance.xlt.report.util.lucene.BitUtil,org.pitest.mutationtest.engine.gregor.mutators.MathMutator,pop,46,NO_COVERAGE,none
BitUtil.java,com.xceptance.xlt.report.util.lucene.BitUtil,org.pitest.mutationtest.engine.gregor.mutators.MathMutator,pop,46,NO_COVERAGE,none
BitUtil.java,com.xceptance.xlt.report.util.lucene.BitUtil,org.pitest.mutationtest.engine.gregor.mutators.MathMutator,pop,47,NO_COVERAGE,none
BitUtil.java,com.xceptance.xlt.report.util.lucene.BitUtil,org.pitest.mutationtest.engine.gregor.mutators.MathMutator,pop,47,NO_COVERAGE,none
BitUtil.java,com.xceptance.xlt.report.util.lucene.BitUtil,org.pitest.mutationtest.engine.gregor.mutators.MathMutator,pop,48,NO_COVERAGE,none
BitUtil.java,com.xceptance.xlt.report.util.lucene.BitUtil,org.pitest.mutationtest.engine.gregor.mutators.MathMutator,pop,48,NO_COVERAGE,none
BitUtil.java,com.xceptance.xlt.report.util.lucene.BitUtil,org.pitest.mutationtest.engine.gregor.mutators.MathMutator,pop,49,NO_COVERAGE,none
BitUtil.java,com.xceptance.xlt.report.util.lucene.BitUtil,org.pitest.mutationtest.engine.gregor.mutators.MathMutator,pop,49,NO_COVERAGE,none
BitUtil.java,com.xceptance.xlt.report.util.lucene.BitUtil,org.pitest.mutationtest.engine.gregor.mutators.MathMutator,pop,50,NO_COVERAGE,none
BitUtil.java,com.xceptance.xlt.report.util.lucene.BitUtil,org.pitest.mutationtest.engine.gregor.mutators.returns.PrimitiveReturnsMutator,pop,50,NO_COVERAGE,none
BitUtil.java,com.xceptance.xlt.report.util.lucene.BitUtil,org.pitest.mutationtest.engine.gregor.mutators.ConditionalsBoundaryMutator,pop_andnot,445,NO_COVERAGE,none
BitUtil.java,com.xceptance.xlt.report.util.lucene.BitUtil,org.pitest.mutationtest.engine.gregor.mutators.ConditionalsBoundaryMutator,pop_andnot,505,NO_COVERAGE,none
BitUtil.java,com.xceptance.xlt.report.util.lucene.BitUtil,org.pitest.mutationtest.engine.gregor.mutators.ConditionalsBoundaryMutator,pop_andnot,531,NO_COVERAGE,none
BitUtil.java,com.xceptance.xlt.report.util.lucene.BitUtil,org.pitest.mutationtest.engine.gregor.mutators.ConditionalsBoundaryMutator,pop_andnot,547,NO_COVERAGE,none
BitUtil.java,com.xceptance.xlt.report.util.lucene.BitUtil,org.pitest.mutationtest.engine.gregor.mutators.IncrementsMutator,pop_andnot,445,NO_COVERAGE,none
BitUtil.java,com.xceptance.xlt.report.util.lucene.BitUtil,org.pitest.mutationtest.engine.gregor.mutators.IncrementsMutator,pop_andnot,528,NO_COVERAGE,none
BitUtil.java,com.xceptance.xlt.report.util.lucene.BitUtil,org.pitest.mutationtest.engine.gregor.mutators.IncrementsMutator,pop_andnot,544,NO_COVERAGE,none
BitUtil.java,com.xceptance.xlt.report.util.lucene.BitUtil,org.pitest.mutationtest.engine.gregor.mutators.MathMutator,pop_andnot,440,NO_COVERAGE,none
BitUtil.java,com.xceptance.xlt.report.util.lucene.BitUtil,org.pitest.mutationtest.engine.gregor.mutators.MathMutator,pop_andnot,456,NO_COVERAGE,none
BitUtil.java,com.xceptance.xlt.report.util.lucene.BitUtil,org.pitest.mutationtest.engine.gregor.mutators.MathMutator,pop_andnot,456,NO_COVERAGE,none
BitUtil.java,com.xceptance.xlt.report.util.lucene.BitUtil,org.pitest.mutationtest.engine.gregor.mutators.MathMutator,pop_andnot,456,NO_COVERAGE,none
BitUtil.java,com.xceptance.xlt.report.util.lucene.BitUtil,org.pitest.mutationtest.engine.gregor.mutators.MathMutator,pop_andnot,456,NO_COVERAGE,none
BitUtil.java,com.xceptance.xlt.report.util.lucene.BitUtil,org.pitest.mutationtest.engine.gregor.mutators.MathMutator,pop_andnot,456,NO_COVERAGE,none
BitUtil.java,com.xceptance.xlt.report.util.lucene.BitUtil,org.pitest.mutationtest.engine.gregor.mutators.MathMutator,pop_andnot,456,NO_COVERAGE,none
BitUtil.java,com.xceptance.xlt.report.util.lucene.BitUtil,org.pitest.mutationtest.engine.gregor.mutators.MathMutator,pop_andnot,457,NO_COVERAGE,none
BitUtil.java,com.xceptance.xlt.report.util.lucene.BitUtil,org.pitest.mutationtest.engine.gregor.mutators.MathMutator,pop_andnot,458,NO_COVERAGE,none
BitUtil.java,com.xceptance.xlt.report.util.lucene.BitUtil,org.pitest.mutationtest.engine.gregor.mutators.MathMutator,pop_andnot,458,NO_COVERAGE,none
BitUtil.java,com.xceptance.xlt.report.util.lucene.BitUtil,org.pitest.mutationtest.engine.gregor.mutators.MathMutator,pop_andnot,458,NO_COVERAGE,none
BitUtil.java,com.xceptance.xlt.report.util.lucene.BitUtil,org.pitest.mutationtest.engine.gregor.mutators.MathMutator,pop_andnot,459,NO_COVERAGE,none
BitUtil.java,com.xceptance.xlt.report.util.lucene.BitUtil,org.pitest.mutationtest.engine.gregor.mutators.MathMutator,pop_andnot,463,NO_COVERAGE,none
BitUtil.java,com.xceptance.xlt.report.util.lucene.BitUtil,org.pitest.mutationtest.engine.gregor.mutators.MathMutator,pop_andnot,463,NO_COVERAGE,none
BitUtil.java,com.xceptance.xlt.report.util.lucene.BitUtil,org.pitest.mutationtest.engine.gregor.mutators.MathMutator,pop_andnot,463,NO_COVERAGE,none
BitUtil.java,com.xceptance.xlt.report.util.lucene.BitUtil,org.pitest.mutationtest.engine.gregor.mutators.MathMutator,pop_andnot,463,NO_COVERAGE,none
BitUtil.java,com.xceptance.xlt.report.util.lucene.BitUtil,org.pitest.mutationtest.engine.gregor.mutators.MathMutator,pop_andnot,463,NO_COVERAGE,none
BitUtil.java,com.xceptance.xlt.report.util.lucene.BitUtil,org.pitest.mutationtest.engine.gregor.mutators.MathMutator,pop_andnot,463,NO_COVERAGE,none
BitUtil.java,com.xceptance.xlt.report.util.lucene.BitUtil,org.pitest.mutationtest.engine.gregor.mutators.MathMutator,pop_andnot,463,NO_COVERAGE,none
BitUtil.java,com.xceptance.xlt.report.util.lucene.BitUtil,org.pitest.mutationtest.engine.gregor.mutators.MathMutator,pop_andnot,463,NO_COVERAGE,none
BitUtil.java,com.xceptance.xlt.report.util.lucene.BitUtil,org.pitest.mutationtest.engine.gregor.mutators.MathMutator,pop_andnot,464,NO_COVERAGE,none
BitUtil.java,com.xceptance.xlt.report.util.lucene.BitUtil,org.pitest.mutationtest.engine.gregor.mutators.MathMutator,pop_andnot,465,NO_COVERAGE,none
BitUtil.java,com.xceptance.xlt.report.util.lucene.BitUtil,org.pitest.mutationtest.engine.gregor.mutators.MathMutator,pop_andnot,465,NO_COVERAGE,none
BitUtil.java,com.xceptance.xlt.report.util.lucene.BitUtil,org.pitest.mutationtest.engine.gregor.mutators.MathMutator,pop_andnot,465,NO_COVERAGE,none
BitUtil.java,com.xceptance.xlt.report.util.lucene.BitUtil,org.pitest.mutationtest.engine.gregor.mutators.MathMutator,pop_andnot,466,NO_COVERAGE,none
BitUtil.java,com.xceptance.xlt.report.util.lucene.BitUtil,org.pitest.mutationtest.engine.gregor.mutators.MathMutator,pop_andnot,470,NO_COVERAGE,none
BitUtil.java,com.xceptance.xlt.report.util.lucene.BitUtil,org.pitest.mutationtest.engine.gregor.mutators.MathMutator,pop_andnot,471,NO_COVERAGE,none
BitUtil.java,com.xceptance.xlt.report.util.lucene.BitUtil,org.pitest.mutationtest.engine.gregor.mutators.MathMutator,pop_andnot,471,NO_COVERAGE,none
BitUtil.java,com.xceptance.xlt.report.util.lucene.BitUtil,org.pitest.mutationtest.engine.gregor.mutators.MathMutator,pop_andnot,471,NO_COVERAGE,none
BitUtil.java,com.xceptance.xlt.report.util.lucene.BitUtil,org.pitest.mutationtest.engine.gregor.mutators.MathMutator,pop_andnot,472,NO_COVERAGE,none
BitUtil.java,com.xceptance.xlt.report.util.lucene.BitUtil,org.pitest.mutationtest.engine.gregor.mutators.MathMutator,pop_andnot,476,NO_COVERAGE,none
BitUtil.java,com.xceptance.xlt.report.util.lucene.BitUtil,org.pitest.mutationtest.engine.gregor.mutators.MathMutator,pop_andnot,476,NO_COVERAGE,none
BitUtil.java,com.xceptance.xlt.report.util.lucene.BitUtil,org.pitest.mutationtest.engine.gregor.mutators.MathMutator,pop_andnot,476,NO_COVERAGE,none
BitUtil.java,com.xceptance.xlt.report.util.lucene.BitUtil,org.pitest.mutationtest.engine.gregor.mutators.MathMutator,pop_andnot,476,NO_COVERAGE,none
BitUtil.java,com.xceptance.xlt.report.util.lucene.BitUtil,org.pitest.mutationtest.engine.gregor.mutators.MathMutator,pop_andnot,476,NO_COVERAGE,none
BitUtil.java,com.xceptance.xlt.report.util.lucene.BitUtil,org.pitest.mutationtest.engine.gregor.mutators.MathMutator,pop_andnot,476,NO_COVERAGE,none
BitUtil.java,com.xceptance.xlt.report.util.lucene.BitUtil,org.pitest.mutationtest.engine.gregor.mutators.MathMutator,pop_andnot,476,NO_COVERAGE,none
BitUtil.java,com.xceptance.xlt.report.util.lucene.BitUtil,org.pitest.mutationtest.engine.gregor.mutators.MathMutator,pop_andnot,476,NO_COVERAGE,none
BitUtil.java,com.xceptance.xlt.report.util.lucene.BitUtil,org.pitest.mutationtest.engine.gregor.mutators.MathMutator,pop_andnot,477,NO_COVERAGE,none
BitUtil.java,com.xceptance.xlt.report.util.lucene.BitUtil,org.pitest.mutationtest.engine.gregor.mutators.MathMutator,pop_andnot,478,NO_COVERAGE,none
BitUtil.java,com.xceptance.xlt.report.util.lucene.BitUtil,org.pitest.mutationtest.engine.gregor.mutators.MathMutator,pop_andnot,478,NO_COVERAGE,none
BitUtil.java,com.xceptance.xlt.report.util.lucene.BitUtil,org.pitest.mutationtest.engine.gregor.mutators.MathMutator,pop_andnot,478,NO_COVERAGE,none
BitUtil.java,com.xceptance.xlt.report.util.lucene.BitUtil,org.pitest.mutationtest.engine.gregor.mutators.MathMutator,pop_andnot,479,NO_COVERAGE,none
BitUtil.java,com.xceptance.xlt.report.util.lucene.BitUtil,org.pitest.mutationtest.engine.gregor.mutators.MathMutator,pop_andnot,483,NO_COVERAGE,none
BitUtil.java,com.xceptance.xlt.report.util.lucene.BitUtil,org.pitest.mutationtest.engine.gregor.mutators.MathMutator,pop_andnot,483,NO_COVERAGE,none
BitUtil.java,com.xceptance.xlt.report.util.lucene.BitUtil,org.pitest.mutationtest.engine.gregor.mutators.MathMutator,pop_andnot,483,NO_COVERAGE,none
BitUtil.java,com.xceptance.xlt.report.util.lucene.BitUtil,org.pitest.mutationtest.engine.gregor.mutators.MathMutator,pop_andnot,483,NO_COVERAGE,none
BitUtil.java,com.xceptance.xlt.report.util.lucene.BitUtil,org.pitest.mutationtest.engine.gregor.mutators.MathMutator,pop_andnot,483,NO_COVERAGE,none
BitUtil.java,com.xceptance.xlt.report.util.lucene.BitUtil,org.pitest.mutationtest.engine.gregor.mutators.MathMutator,pop_andnot,483,NO_COVERAGE,none
BitUtil.java,com.xceptance.xlt.report.util.lucene.BitUtil,org.pitest.mutationtest.engine.gregor.mutators.MathMutator,pop_andnot,483,NO_COVERAGE,none
BitUtil.java,com.xceptance.xlt.report.util.lucene.BitUtil,org.pitest.mutationtest.engine.gregor.mutators.MathMutator,pop_andnot,483,NO_COVERAGE,none
BitUtil.java,com.xceptance.xlt.report.util.lucene.BitUtil,org.pitest.mutationtest.engine.gregor.mutators.MathMutator,pop_andnot,484,NO_COVERAGE,none
BitUtil.java,com.xceptance.xlt.report.util.lucene.BitUtil,org.pitest.mutationtest.engine.gregor.mutators.MathMutator,pop_andnot,485,NO_COVERAGE,none
BitUtil.java,com.xceptance.xlt.report.util.lucene.BitUtil,org.pitest.mutationtest.engine.gregor.mutators.MathMutator,pop_andnot,485,NO_COVERAGE,none
BitUtil.java,com.xceptance.xlt.report.util.lucene.BitUtil,org.pitest.mutationtest.engine.gregor.mutators.MathMutator,pop_andnot,485,NO_COVERAGE,none
BitUtil.java,com.xceptance.xlt.report.util.lucene.BitUtil,org.pitest.mutationtest.engine.gregor.mutators.MathMutator,pop_andnot,486,NO_COVERAGE,none
BitUtil.java,com.xceptance.xlt.report.util.lucene.BitUtil,org.pitest.mutationtest.engine.gregor.mutators.MathMutator,pop_andnot,490,NO_COVERAGE,none
BitUtil.java,com.xceptance.xlt.report.util.lucene.BitUtil,org.pitest.mutationtest.engine.gregor.mutators.MathMutator,pop_andnot,491,NO_COVERAGE,none
BitUtil.java,com.xceptance.xlt.report.util.lucene.BitUtil,org.pitest.mutationtest.engine.gregor.mutators.MathMutator,pop_andnot,491,NO_COVERAGE,none
BitUtil.java,com.xceptance.xlt.report.util.lucene.BitUtil,org.pitest.mutationtest.engine.gregor.mutators.MathMutator,pop_andnot,491,NO_COVERAGE,none
BitUtil.java,com.xceptance.xlt.report.util.lucene.BitUtil,org.pitest.mutationtest.engine.gregor.mutators.MathMutator,pop_andnot,492,NO_COVERAGE,none
BitUtil.java,com.xceptance.xlt.report.util.lucene.BitUtil,org.pitest.mutationtest.engine.gregor.mutators.MathMutator,pop_andnot,497,NO_COVERAGE,none
BitUtil.java,com.xceptance.xlt.report.util.lucene.BitUtil,org.pitest.mutationtest.engine.gregor.mutators.MathMutator,pop_andnot,498,NO_COVERAGE,none
BitUtil.java,com.xceptance.xlt.report.util.lucene.BitUtil,org.pitest.mutationtest.engine.gregor.mutators.MathMutator,pop_andnot,498,NO_COVERAGE,none
BitUtil.java,com.xceptance.xlt.report.util.lucene.BitUtil,org.pitest.mutationtest.engine.gregor.mutators.MathMutator,pop_andnot,498,NO_COVERAGE,none
BitUtil.java,com.xceptance.xlt.report.util.lucene.BitUtil,org.pitest.mutationtest.engine.gregor.mutators.MathMutator,pop_andnot,499,NO_COVERAGE,none
BitUtil.java,com.xceptance.xlt.report.util.lucene.BitUtil,org.pitest.mutationtest.engine.gregor.mutators.MathMutator,pop_andnot,501,NO_COVERAGE,none
BitUtil.java,com.xceptance.xlt.report.util.lucene.BitUtil,org.pitest.mutationtest.engine.gregor.mutators.MathMutator,pop_andnot,445,NO_COVERAGE,none
BitUtil.java,com.xceptance.xlt.report.util.lucene.BitUtil,org.pitest.mutationtest.engine.gregor.mutators.MathMutator,pop_andnot,505,NO_COVERAGE,none
BitUtil.java,com.xceptance.xlt.report.util.lucene.BitUtil,org.pitest.mutationtest.engine.gregor.mutators.MathMutator,pop_andnot,508,NO_COVERAGE,none
BitUtil.java,com.xceptance.xlt.report.util.lucene.BitUtil,org.pitest.mutationtest.engine.gregor.mutators.MathMutator,pop_andnot,508,NO_COVERAGE,none
BitUtil.java,com.xceptance.xlt.report.util.lucene.BitUtil,org.pitest.mutationtest.engine.gregor.mutators.MathMutator,pop_andnot,508,NO_COVERAGE,none
BitUtil.java,com.xceptance.xlt.report.util.lucene.BitUtil,org.pitest.mutationtest.engine.gregor.mutators.MathMutator,pop_andnot,508,NO_COVERAGE,none
BitUtil.java,com.xceptance.xlt.report.util.lucene.BitUtil,org.pitest.mutationtest.engine.gregor.mutators.MathMutator,pop_andnot,508,NO_COVERAGE,none
BitUtil.java,com.xceptance.xlt.report.util.lucene.BitUtil,org.pitest.mutationtest.engine.gregor.mutators.MathMutator,pop_andnot,508,NO_COVERAGE,none
BitUtil.java,com.xceptance.xlt.report.util.lucene.BitUtil,org.pitest.mutationtest.engine.gregor.mutators.MathMutator,pop_andnot,509,NO_COVERAGE,none
BitUtil.java,com.xceptance.xlt.report.util.lucene.BitUtil,org.pitest.mutationtest.engine.gregor.mutators.MathMutator,pop_andnot,510,NO_COVERAGE,none
BitUtil.java,com.xceptance.xlt.report.util.lucene.BitUtil,org.pitest.mutationtest.engine.gregor.mutators.MathMutator,pop_andnot,510,NO_COVERAGE,none
BitUtil.java,com.xceptance.xlt.report.util.lucene.BitUtil,org.pitest.mutationtest.engine.gregor.mutators.MathMutator,pop_andnot,510,NO_COVERAGE,none
BitUtil.java,com.xceptance.xlt.report.util.lucene.BitUtil,org.pitest.mutationtest.engine.gregor.mutators.MathMutator,pop_andnot,511,NO_COVERAGE,none
BitUtil.java,com.xceptance.xlt.report.util.lucene.BitUtil,org.pitest.mutationtest.engine.gregor.mutators.MathMutator,pop_andnot,514,NO_COVERAGE,none
BitUtil.java,com.xceptance.xlt.report.util.lucene.BitUtil,org.pitest.mutationtest.engine.gregor.mutators.MathMutator,pop_andnot,514,NO_COVERAGE,none
BitUtil.java,com.xceptance.xlt.report.util.lucene.BitUtil,org.pitest.mutationtest.engine.gregor.mutators.MathMutator,pop_andnot,514,NO_COVERAGE,none
BitUtil.java,com.xceptance.xlt.report.util.lucene.BitUtil,org.pitest.mutationtest.engine.gregor.mutators.MathMutator,pop_andnot,514,NO_COVERAGE,none
BitUtil.java,com.xceptance.xlt.report.util.lucene.BitUtil,org.pitest.mutationtest.engine.gregor.mutators.MathMutator,pop_andnot,514,NO_COVERAGE,none
BitUtil.java,com.xceptance.xlt.report.util.lucene.BitUtil,org.pitest.mutationtest.engine.gregor.mutators.MathMutator,pop_andnot,514,NO_COVERAGE,none
BitUtil.java,com.xceptance.xlt.report.util.lucene.BitUtil,org.pitest.mutationtest.engine.gregor.mutators.MathMutator,pop_andnot,514,NO_COVERAGE,none
BitUtil.java,com.xceptance.xlt.report.util.lucene.BitUtil,org.pitest.mutationtest.engine.gregor.mutators.MathMutator,pop_andnot,514,NO_COVERAGE,none
BitUtil.java,com.xceptance.xlt.report.util.lucene.BitUtil,org.pitest.mutationtest.engine.gregor.mutators.MathMutator,pop_andnot,515,NO_COVERAGE,none
BitUtil.java,com.xceptance.xlt.report.util.lucene.BitUtil,org.pitest.mutationtest.engine.gregor.mutators.MathMutator,pop_andnot,516,NO_COVERAGE,none
BitUtil.java,com.xceptance.xlt.report.util.lucene.BitUtil,org.pitest.mutationtest.engine.gregor.mutators.MathMutator,pop_andnot,516,NO_COVERAGE,none
BitUtil.java,com.xceptance.xlt.report.util.lucene.BitUtil,org.pitest.mutationtest.engine.gregor.mutators.MathMutator,pop_andnot,516,NO_COVERAGE,none
BitUtil.java,com.xceptance.xlt.report.util.lucene.BitUtil,org.pitest.mutationtest.engine.gregor.mutators.MathMutator,pop_andnot,517,NO_COVERAGE,none
BitUtil.java,com.xceptance.xlt.report.util.lucene.BitUtil,org.pitest.mutationtest.engine.gregor.mutators.MathMutator,pop_andnot,520,NO_COVERAGE,none
BitUtil.java,com.xceptance.xlt.report.util.lucene.BitUtil,org.pitest.mutationtest.engine.gregor.mutators.MathMutator,pop_andnot,521,NO_COVERAGE,none
BitUtil.java,com.xceptance.xlt.report.util.lucene.BitUtil,org.pitest.mutationtest.engine.gregor.mutators.MathMutator,pop_andnot,521,NO_COVERAGE,none
BitUtil.java,com.xceptance.xlt.report.util.lucene.BitUtil,org.pitest.mutationtest.engine.gregor.mutators.MathMutator,pop_andnot,521,NO_COVERAGE,none
BitUtil.java,com.xceptance.xlt.report.util.lucene.BitUtil,org.pitest.mutationtest.engine.gregor.mutators.MathMutator,pop_andnot,522,NO_COVERAGE,none
BitUtil.java,com.xceptance.xlt.report.util.lucene.BitUtil,org.pitest.mutationtest.engine.gregor.mutators.MathMutator,pop_andnot,524,NO_COVERAGE,none
BitUtil.java,com.xceptance.xlt.report.util.lucene.BitUtil,org.pitest.mutationtest.engine.gregor.mutators.MathMutator,pop_andnot,525,NO_COVERAGE,none
BitUtil.java,com.xceptance.xlt.report.util.lucene.BitUtil,org.pitest.mutationtest.engine.gregor.mutators.MathMutator,pop_andnot,527,NO_COVERAGE,none
BitUtil.java,com.xceptance.xlt.report.util.lucene.BitUtil,org.pitest.mutationtest.engine.gregor.mutators.MathMutator,pop_andnot,531,NO_COVERAGE,none
BitUtil.java,com.xceptance.xlt.report.util.lucene.BitUtil,org.pitest.mutationtest.engine.gregor.mutators.MathMutator,pop_andnot,532,NO_COVERAGE,none
BitUtil.java,com.xceptance.xlt.report.util.lucene.BitUtil,org.pitest.mutationtest.engine.gregor.mutators.MathMutator,pop_andnot,532,NO_COVERAGE,none
BitUtil.java,com.xceptance.xlt.report.util.lucene.BitUtil,org.pitest.mutationtest.engine.gregor.mutators.MathMutator,pop_andnot,532,NO_COVERAGE,none
BitUtil.java,com.xceptance.xlt.report.util.lucene.BitUtil,org.pitest.mutationtest.engine.gregor.mutators.MathMutator,pop_andnot,532,NO_COVERAGE,none
BitUtil.java,com.xceptance.xlt.report.util.lucene.BitUtil,org.pitest.mutationtest.engine.gregor.mutators.MathMutator,pop_andnot,532,NO_COVERAGE,none
BitUtil.java,com.xceptance.xlt.report.util.lucene.BitUtil,org.pitest.mutationtest.engine.gregor.mutators.MathMutator,pop_andnot,532,NO_COVERAGE,none
BitUtil.java,com.xceptance.xlt.report.util.lucene.BitUtil,org.pitest.mutationtest.engine.gregor.mutators.MathMutator,pop_andnot,533,NO_COVERAGE,none
BitUtil.java,com.xceptance.xlt.report.util.lucene.BitUtil,org.pitest.mutationtest.engine.gregor.mutators.MathMutator,pop_andnot,534,NO_COVERAGE,none
BitUtil.java,com.xceptance.xlt.report.util.lucene.BitUtil,org.pitest.mutationtest.engine.gregor.mutators.MathMutator,pop_andnot,534,NO_COVERAGE,none
BitUtil.java,com.xceptance.xlt.report.util.lucene.BitUtil,org.pitest.mutationtest.engine.gregor.mutators.MathMutator,pop_andnot,534,NO_COVERAGE,none
BitUtil.java,com.xceptance.xlt.report.util.lucene.BitUtil,org.pitest.mutationtest.engine.gregor.mutators.MathMutator,pop_andnot,535,NO_COVERAGE,none
BitUtil.java,com.xceptance.xlt.report.util.lucene.BitUtil,org.pitest.mutationtest.engine.gregor.mutators.MathMutator,pop_andnot,537,NO_COVERAGE,none
BitUtil.java,com.xceptance.xlt.report.util.lucene.BitUtil,org.pitest.mutationtest.engine.gregor.mutators.MathMutator,pop_andnot,538,NO_COVERAGE,none
BitUtil.java,com.xceptance.xlt.report.util.lucene.BitUtil,org.pitest.mutationtest.engine.gregor.mutators.MathMutator,pop_andnot,540,NO_COVERAGE,none
BitUtil.java,com.xceptance.xlt.report.util.lucene.BitUtil,org.pitest.mutationtest.engine.gregor.mutators.MathMutator,pop_andnot,541,NO_COVERAGE,none
BitUtil.java,com.xceptance.xlt.report.util.lucene.BitUtil,org.pitest.mutationtest.engine.gregor.mutators.MathMutator,pop_andnot,543,NO_COVERAGE,none
BitUtil.java,com.xceptance.xlt.report.util.lucene.BitUtil,org.pitest.mutationtest.engine.gregor.mutators.MathMutator,pop_andnot,548,NO_COVERAGE,none
BitUtil.java,com.xceptance.xlt.report.util.lucene.BitUtil,org.pitest.mutationtest.engine.gregor.mutators.MathMutator,pop_andnot,548,NO_COVERAGE,none
BitUtil.java,com.xceptance.xlt.report.util.lucene.BitUtil,org.pitest.mutationtest.engine.gregor.mutators.MathMutator,pop_andnot,548,NO_COVERAGE,none
BitUtil.java,com.xceptance.xlt.report.util.lucene.BitUtil,org.pitest.mutationtest.engine.gregor.mutators.MathMutator,pop_andnot,551,NO_COVERAGE,none
BitUtil.java,com.xceptance.xlt.report.util.lucene.BitUtil,org.pitest.mutationtest.engine.gregor.mutators.MathMutator,pop_andnot,552,NO_COVERAGE,none
BitUtil.java,com.xceptance.xlt.report.util.lucene.BitUtil,org.pitest.mutationtest.engine.gregor.mutators.MathMutator,pop_andnot,551,NO_COVERAGE,none
BitUtil.java,com.xceptance.xlt.report.util.lucene.BitUtil,org.pitest.mutationtest.engine.gregor.mutators.MathMutator,pop_andnot,551,NO_COVERAGE,none
BitUtil.java,com.xceptance.xlt.report.util.lucene.BitUtil,org.pitest.mutationtest.engine.gregor.mutators.MathMutator,pop_andnot,554,NO_COVERAGE,none
BitUtil.java,com.xceptance.xlt.report.util.lucene.BitUtil,org.pitest.mutationtest.engine.gregor.mutators.MathMutator,pop_andnot,551,NO_COVERAGE,none
BitUtil.java,com.xceptance.xlt.report.util.lucene.BitUtil,org.pitest.mutationtest.engine.gregor.mutators.MathMutator,pop_andnot,551,NO_COVERAGE,none
BitUtil.java,com.xceptance.xlt.report.util.lucene.BitUtil,org.pitest.mutationtest.engine.gregor.mutators.RemoveConditionalMutator_ORDER_ELSE,pop_andnot,445,NO_COVERAGE,none
BitUtil.java,com.xceptance.xlt.report.util.lucene.BitUtil,org.pitest.mutationtest.engine.gregor.mutators.RemoveConditionalMutator_ORDER_ELSE,pop_andnot,505,NO_COVERAGE,none
BitUtil.java,com.xceptance.xlt.report.util.lucene.BitUtil,org.pitest.mutationtest.engine.gregor.mutators.RemoveConditionalMutator_ORDER_ELSE,pop_andnot,531,NO_COVERAGE,none
BitUtil.java,com.xceptance.xlt.report.util.lucene.BitUtil,org.pitest.mutationtest.engine.gregor.mutators.RemoveConditionalMutator_ORDER_ELSE,pop_andnot,547,NO_COVERAGE,none
BitUtil.java,com.xceptance.xlt.report.util.lucene.BitUtil,org.pitest.mutationtest.engine.gregor.mutators.RemoveConditionalMutator_ORDER_IF,pop_andnot,445,NO_COVERAGE,none
BitUtil.java,com.xceptance.xlt.report.util.lucene.BitUtil,org.pitest.mutationtest.engine.gregor.mutators.RemoveConditionalMutator_ORDER_IF,pop_andnot,505,NO_COVERAGE,none
BitUtil.java,com.xceptance.xlt.report.util.lucene.BitUtil,org.pitest.mutationtest.engine.gregor.mutators.RemoveConditionalMutator_ORDER_IF,pop_andnot,531,NO_COVERAGE,none
BitUtil.java,com.xceptance.xlt.report.util.lucene.BitUtil,org.pitest.mutationtest.engine.gregor.mutators.RemoveConditionalMutator_ORDER_IF,pop_andnot,547,NO_COVERAGE,none
BitUtil.java,com.xceptance.xlt.report.util.lucene.BitUtil,org.pitest.mutationtest.engine.gregor.mutators.returns.PrimitiveReturnsMutator,pop_andnot,556,NO_COVERAGE,none
BitUtil.java,com.xceptance.xlt.report.util.lucene.BitUtil,org.pitest.mutationtest.engine.gregor.mutators.ConditionalsBoundaryMutator,pop_array,74,NO_COVERAGE,none
BitUtil.java,com.xceptance.xlt.report.util.lucene.BitUtil,org.pitest.mutationtest.engine.gregor.mutators.ConditionalsBoundaryMutator,pop_array,139,NO_COVERAGE,none
BitUtil.java,com.xceptance.xlt.report.util.lucene.BitUtil,org.pitest.mutationtest.engine.gregor.mutators.ConditionalsBoundaryMutator,pop_array,165,NO_COVERAGE,none
BitUtil.java,com.xceptance.xlt.report.util.lucene.BitUtil,org.pitest.mutationtest.engine.gregor.mutators.ConditionalsBoundaryMutator,pop_array,181,NO_COVERAGE,none
BitUtil.java,com.xceptance.xlt.report.util.lucene.BitUtil,org.pitest.mutationtest.engine.gregor.mutators.IncrementsMutator,pop_array,74,NO_COVERAGE,none
BitUtil.java,com.xceptance.xlt.report.util.lucene.BitUtil,org.pitest.mutationtest.engine.gregor.mutators.IncrementsMutator,pop_array,162,NO_COVERAGE,none
BitUtil.java,com.xceptance.xlt.report.util.lucene.BitUtil,org.pitest.mutationtest.engine.gregor.mutators.IncrementsMutator,pop_array,178,NO_COVERAGE,none
BitUtil.java,com.xceptance.xlt.report.util.lucene.BitUtil,org.pitest.mutationtest.engine.gregor.mutators.MathMutator,pop_array,69,NO_COVERAGE,none
BitUtil.java,com.xceptance.xlt.report.util.lucene.BitUtil,org.pitest.mutationtest.engine.gregor.mutators.MathMutator,pop_array,85,NO_COVERAGE,none
BitUtil.java,com.xceptance.xlt.report.util.lucene.BitUtil,org.pitest.mutationtest.engine.gregor.mutators.MathMutator,pop_array,86,NO_COVERAGE,none
BitUtil.java,com.xceptance.xlt.report.util.lucene.BitUtil,org.pitest.mutationtest.engine.gregor.mutators.MathMutator,pop_array,87,NO_COVERAGE,none
BitUtil.java,com.xceptance.xlt.report.util.lucene.BitUtil,org.pitest.mutationtest.engine.gregor.mutators.MathMutator,pop_array,87,NO_COVERAGE,none
BitUtil.java,com.xceptance.xlt.report.util.lucene.BitUtil,org.pitest.mutationtest.engine.gregor.mutators.MathMutator,pop_array,87,NO_COVERAGE,none
BitUtil.java,com.xceptance.xlt.report.util.lucene.BitUtil,org.pitest.mutationtest.engine.gregor.mutators.MathMutator,pop_array,88,NO_COVERAGE,none
BitUtil.java,com.xceptance.xlt.report.util.lucene.BitUtil,org.pitest.mutationtest.engine.gregor.mutators.MathMutator,pop_array,92,NO_COVERAGE,none
BitUtil.java,com.xceptance.xlt.report.util.lucene.BitUtil,org.pitest.mutationtest.engine.gregor.mutators.MathMutator,pop_array,92,NO_COVERAGE,none
BitUtil.java,com.xceptance.xlt.report.util.lucene.BitUtil,org.pitest.mutationtest.engine.gregor.mutators.MathMutator,pop_array,93,NO_COVERAGE,none
BitUtil.java,com.xceptance.xlt.report.util.lucene.BitUtil,org.pitest.mutationtest.engine.gregor.mutators.MathMutator,pop_array,94,NO_COVERAGE,none
BitUtil.java,com.xceptance.xlt.report.util.lucene.BitUtil,org.pitest.mutationtest.engine.gregor.mutators.MathMutator,pop_array,94,NO_COVERAGE,none
BitUtil.java,com.xceptance.xlt.report.util.lucene.BitUtil,org.pitest.mutationtest.engine.gregor.mutators.MathMutator,pop_array,94,NO_COVERAGE,none
BitUtil.java,com.xceptance.xlt.report.util.lucene.BitUtil,org.pitest.mutationtest.engine.gregor.mutators.MathMutator,pop_array,95,NO_COVERAGE,none
BitUtil.java,com.xceptance.xlt.report.util.lucene.BitUtil,org.pitest.mutationtest.engine.gregor.mutators.MathMutator,pop_array,99,NO_COVERAGE,none
BitUtil.java,com.xceptance.xlt.report.util.lucene.BitUtil,org.pitest.mutationtest.engine.gregor.mutators.MathMutator,pop_array,100,NO_COVERAGE,none
BitUtil.java,com.xceptance.xlt.report.util.lucene.BitUtil,org.pitest.mutationtest.engine.gregor.mutators.MathMutator,pop_array,100,NO_COVERAGE,none
BitUtil.java,com.xceptance.xlt.report.util.lucene.BitUtil,org.pitest.mutationtest.engine.gregor.mutators.MathMutator,pop_array,100,NO_COVERAGE,none
BitUtil.java,com.xceptance.xlt.report.util.lucene.BitUtil,org.pitest.mutationtest.engine.gregor.mutators.MathMutator,pop_array,101,NO_COVERAGE,none
BitUtil.java,com.xceptance.xlt.report.util.lucene.BitUtil,org.pitest.mutationtest.engine.gregor.mutators.MathMutator,pop_array,105,NO_COVERAGE,none
BitUtil.java,com.xceptance.xlt.report.util.lucene.BitUtil,org.pitest.mutationtest.engine.gregor.mutators.MathMutator,pop_array,105,NO_COVERAGE,none
BitUtil.java,com.xceptance.xlt.report.util.lucene.BitUtil,org.pitest.mutationtest.engine.gregor.mutators.MathMutator,pop_array,106,NO_COVERAGE,none
BitUtil.java,com.xceptance.xlt.report.util.lucene.BitUtil,org.pitest.mutationtest.engine.gregor.mutators.MathMutator,pop_array,107,NO_COVERAGE,none
BitUtil.java,com.xceptance.xlt.report.util.lucene.BitUtil,org.pitest.mutationtest.engine.gregor.mutators.MathMutator,pop_array,107,NO_COVERAGE,none
BitUtil.java,com.xceptance.xlt.report.util.lucene.BitUtil,org.pitest.mutationtest.engine.gregor.mutators.MathMutator,pop_array,107,NO_COVERAGE,none
BitUtil.java,com.xceptance.xlt.report.util.lucene.BitUtil,org.pitest.mutationtest.engine.gregor.mutators.MathMutator,pop_array,108,NO_COVERAGE,none
BitUtil.java,com.xceptance.xlt.report.util.lucene.BitUtil,org.pitest.mutationtest.engine.gregor.mutators.MathMutator,pop_array,112,NO_COVERAGE,none
BitUtil.java,com.xceptance.xlt.report.util.lucene.BitUtil,org.pitest.mutationtest.engine.gregor.mutators.MathMutator,pop_array,112,NO_COVERAGE,none
BitUtil.java,com.xceptance.xlt.report.util.lucene.BitUtil,org.pitest.mutationtest.engine.gregor.mutators.MathMutator,pop_array,113,NO_COVERAGE,none
BitUtil.java,com.xceptance.xlt.report.util.lucene.BitUtil,org.pitest.mutationtest.engine.gregor.mutators.MathMutator,pop_array,114,NO_COVERAGE,none
BitUtil.java,com.xceptance.xlt.report.util.lucene.BitUtil,org.pitest.mutationtest.engine.gregor.mutators.MathMutator,pop_array,114,NO_COVERAGE,none
BitUtil.java,com.xceptance.xlt.report.util.lucene.BitUtil,org.pitest.mutationtest.engine.gregor.mutators.MathMutator,pop_array,114,NO_COVERAGE,none
BitUtil.java,com.xceptance.xlt.report.util.lucene.BitUtil,org.pitest.mutationtest.engine.gregor.mutators.MathMutator,pop_array,115,NO_COVERAGE,none
BitUtil.java,com.xceptance.xlt.report.util.lucene.BitUtil,org.pitest.mutationtest.engine.gregor.mutators.MathMutator,pop_array,119,NO_COVERAGE,none
BitUtil.java,com.xceptance.xlt.report.util.lucene.BitUtil,org.pitest.mutationtest.engine.gregor.mutators.MathMutator,pop_array,120,NO_COVERAGE,none
BitUtil.java,com.xceptance.xlt.report.util.lucene.BitUtil,org.pitest.mutationtest.engine.gregor.mutators.MathMutator,pop_array,120,NO_COVERAGE,none
BitUtil.java,com.xceptance.xlt.report.util.lucene.BitUtil,org.pitest.mutationtest.engine.gregor.mutators.MathMutator,pop_array,120,NO_COVERAGE,none
BitUtil.java,com.xceptance.xlt.report.util.lucene.BitUtil,org.pitest.mutationtest.engine.gregor.mutators.MathMutator,pop_array,121,NO_COVERAGE,none
BitUtil.java,com.xceptance.xlt.report.util.lucene.BitUtil,org.pitest.mutationtest.engine.gregor.mutators.MathMutator,pop_array,126,NO_COVERAGE,none
BitUtil.java,com.xceptance.xlt.report.util.lucene.BitUtil,org.pitest.mutationtest.engine.gregor.mutators.MathMutator,pop_array,127,NO_COVERAGE,none
BitUtil.java,com.xceptance.xlt.report.util.lucene.BitUtil,org.pitest.mutationtest.engine.gregor.mutators.MathMutator,pop_array,127,NO_COVERAGE,none
BitUtil.java,com.xceptance.xlt.report.util.lucene.BitUtil,org.pitest.mutationtest.engine.gregor.mutators.MathMutator,pop_array,127,NO_COVERAGE,none
BitUtil.java,com.xceptance.xlt.report.util.lucene.BitUtil,org.pitest.mutationtest.engine.gregor.mutators.MathMutator,pop_array,128,NO_COVERAGE,none
BitUtil.java,com.xceptance.xlt.report.util.lucene.BitUtil,org.pitest.mutationtest.engine.gregor.mutators.MathMutator,pop_array,130,NO_COVERAGE,none
BitUtil.java,com.xceptance.xlt.report.util.lucene.BitUtil,org.pitest.mutationtest.engine.gregor.mutators.MathMutator,pop_array,74,NO_COVERAGE,none
BitUtil.java,com.xceptance.xlt.report.util.lucene.BitUtil,org.pitest.mutationtest.engine.gregor.mutators.MathMutator,pop_array,139,NO_COVERAGE,none
BitUtil.java,com.xceptance.xlt.report.util.lucene.BitUtil,org.pitest.mutationtest.engine.gregor.mutators.MathMutator,pop_array,142,NO_COVERAGE,none
BitUtil.java,com.xceptance.xlt.report.util.lucene.BitUtil,org.pitest.mutationtest.engine.gregor.mutators.MathMutator,pop_array,143,NO_COVERAGE,none
BitUtil.java,com.xceptance.xlt.report.util.lucene.BitUtil,org.pitest.mutationtest.engine.gregor.mutators.MathMutator,pop_array,144,NO_COVERAGE,none
BitUtil.java,com.xceptance.xlt.report.util.lucene.BitUtil,org.pitest.mutationtest.engine.gregor.mutators.MathMutator,pop_array,144,NO_COVERAGE,none
BitUtil.java,com.xceptance.xlt.report.util.lucene.BitUtil,org.pitest.mutationtest.engine.gregor.mutators.MathMutator,pop_array,144,NO_COVERAGE,none
BitUtil.java,com.xceptance.xlt.report.util.lucene.BitUtil,org.pitest.mutationtest.engine.gregor.mutators.MathMutator,pop_array,145,NO_COVERAGE,none
BitUtil.java,com.xceptance.xlt.report.util.lucene.BitUtil,org.pitest.mutationtest.engine.gregor.mutators.MathMutator,pop_array,148,NO_COVERAGE,none
BitUtil.java,com.xceptance.xlt.report.util.lucene.BitUtil,org.pitest.mutationtest.engine.gregor.mutators.MathMutator,pop_array,148,NO_COVERAGE,none
BitUtil.java,com.xceptance.xlt.report.util.lucene.BitUtil,org.pitest.mutationtest.engine.gregor.mutators.MathMutator,pop_array,149,NO_COVERAGE,none
BitUtil.java,com.xceptance.xlt.report.util.lucene.BitUtil,org.pitest.mutationtest.engine.gregor.mutators.MathMutator,pop_array,150,NO_COVERAGE,none
BitUtil.java,com.xceptance.xlt.report.util.lucene.BitUtil,org.pitest.mutationtest.engine.gregor.mutators.MathMutator,pop_array,150,NO_COVERAGE,none
BitUtil.java,com.xceptance.xlt.report.util.lucene.BitUtil,org.pitest.mutationtest.engine.gregor.mutators.MathMutator,pop_array,150,NO_COVERAGE,none
BitUtil.java,com.xceptance.xlt.report.util.lucene.BitUtil,org.pitest.mutationtest.engine.gregor.mutators.MathMutator,pop_array,151,NO_COVERAGE,none
BitUtil.java,com.xceptance.xlt.report.util.lucene.BitUtil,org.pitest.mutationtest.engine.gregor.mutators.MathMutator,pop_array,154,NO_COVERAGE,none
BitUtil.java,com.xceptance.xlt.report.util.lucene.BitUtil,org.pitest.mutationtest.engine.gregor.mutators.MathMutator,pop_array,155,NO_COVERAGE,none
BitUtil.java,com.xceptance.xlt.report.util.lucene.BitUtil,org.pitest.mutationtest.engine.gregor.mutators.MathMutator,pop_array,155,NO_COVERAGE,none
BitUtil.java,com.xceptance.xlt.report.util.lucene.BitUtil,org.pitest.mutationtest.engine.gregor.mutators.MathMutator,pop_array,155,NO_COVERAGE,none
BitUtil.java,com.xceptance.xlt.report.util.lucene.BitUtil,org.pitest.mutationtest.engine.gregor.mutators.MathMutator,pop_array,156,NO_COVERAGE,none
BitUtil.java,com.xceptance.xlt.report.util.lucene.BitUtil,org.pitest.mutationtest.engine.gregor.mutators.MathMutator,pop_array,158,NO_COVERAGE,none
BitUtil.java,com.xceptance.xlt.report.util.lucene.BitUtil,org.pitest.mutationtest.engine.gregor.mutators.MathMutator,pop_array,159,NO_COVERAGE,none
BitUtil.java,com.xceptance.xlt.report.util.lucene.BitUtil,org.pitest.mutationtest.engine.gregor.mutators.MathMutator,pop_array,161,NO_COVERAGE,none
BitUtil.java,com.xceptance.xlt.report.util.lucene.BitUtil,org.pitest.mutationtest.engine.gregor.mutators.MathMutator,pop_array,165,NO_COVERAGE,none
BitUtil.java,com.xceptance.xlt.report.util.lucene.BitUtil,org.pitest.mutationtest.engine.gregor.mutators.MathMutator,pop_array,166,NO_COVERAGE,none
BitUtil.java,com.xceptance.xlt.report.util.lucene.BitUtil,org.pitest.mutationtest.engine.gregor.mutators.MathMutator,pop_array,167,NO_COVERAGE,none
BitUtil.java,com.xceptance.xlt.report.util.lucene.BitUtil,org.pitest.mutationtest.engine.gregor.mutators.MathMutator,pop_array,168,NO_COVERAGE,none
BitUtil.java,com.xceptance.xlt.report.util.lucene.BitUtil,org.pitest.mutationtest.engine.gregor.mutators.MathMutator,pop_array,168,NO_COVERAGE,none
BitUtil.java,com.xceptance.xlt.report.util.lucene.BitUtil,org.pitest.mutationtest.engine.gregor.mutators.MathMutator,pop_array,168,NO_COVERAGE,none
BitUtil.java,com.xceptance.xlt.report.util.lucene.BitUtil,org.pitest.mutationtest.engine.gregor.mutators.MathMutator,pop_array,169,NO_COVERAGE,none
BitUtil.java,com.xceptance.xlt.report.util.lucene.BitUtil,org.pitest.mutationtest.engine.gregor.mutators.MathMutator,pop_array,171,NO_COVERAGE,none
BitUtil.java,com.xceptance.xlt.report.util.lucene.BitUtil,org.pitest.mutationtest.engine.gregor.mutators.MathMutator,pop_array,172,NO_COVERAGE,none
BitUtil.java,com.xceptance.xlt.report.util.lucene.BitUtil,org.pitest.mutationtest.engine.gregor.mutators.MathMutator,pop_array,174,NO_COVERAGE,none
BitUtil.java,com.xceptance.xlt.report.util.lucene.BitUtil,org.pitest.mutationtest.engine.gregor.mutators.MathMutator,pop_array,175,NO_COVERAGE,none
BitUtil.java,com.xceptance.xlt.report.util.lucene.BitUtil,org.pitest.mutationtest.engine.gregor.mutators.MathMutator,pop_array,177,NO_COVERAGE,none
BitUtil.java,com.xceptance.xlt.report.util.lucene.BitUtil,org.pitest.mutationtest.engine.gregor.mutators.MathMutator,pop_array,182,NO_COVERAGE,none
BitUtil.java,com.xceptance.xlt.report.util.lucene.BitUtil,org.pitest.mutationtest.engine.gregor.mutators.MathMutator,pop_array,185,NO_COVERAGE,none
BitUtil.java,com.xceptance.xlt.report.util.lucene.BitUtil,org.pitest.mutationtest.engine.gregor.mutators.MathMutator,pop_array,186,NO_COVERAGE,none
BitUtil.java,com.xceptance.xlt.report.util.lucene.BitUtil,org.pitest.mutationtest.engine.gregor.mutators.MathMutator,pop_array,185,NO_COVERAGE,none
BitUtil.java,com.xceptance.xlt.report.util.lucene.BitUtil,org.pitest.mutationtest.engine.gregor.mutators.MathMutator,pop_array,185,NO_COVERAGE,none
BitUtil.java,com.xceptance.xlt.report.util.lucene.BitUtil,org.pitest.mutationtest.engine.gregor.mutators.MathMutator,pop_array,188,NO_COVERAGE,none
BitUtil.java,com.xceptance.xlt.report.util.lucene.BitUtil,org.pitest.mutationtest.engine.gregor.mutators.MathMutator,pop_array,185,NO_COVERAGE,none
BitUtil.java,com.xceptance.xlt.report.util.lucene.BitUtil,org.pitest.mutationtest.engine.gregor.mutators.MathMutator,pop_array,185,NO_COVERAGE,none
BitUtil.java,com.xceptance.xlt.report.util.lucene.BitUtil,org.pitest.mutationtest.engine.gregor.mutators.RemoveConditionalMutator_ORDER_ELSE,pop_array,74,NO_COVERAGE,none
BitUtil.java,com.xceptance.xlt.report.util.lucene.BitUtil,org.pitest.mutationtest.engine.gregor.mutators.RemoveConditionalMutator_ORDER_ELSE,pop_array,139,NO_COVERAGE,none
BitUtil.java,com.xceptance.xlt.report.util.lucene.BitUtil,org.pitest.mutationtest.engine.gregor.mutators.RemoveConditionalMutator_ORDER_ELSE,pop_array,165,NO_COVERAGE,none
BitUtil.java,com.xceptance.xlt.report.util.lucene.BitUtil,org.pitest.mutationtest.engine.gregor.mutators.RemoveConditionalMutator_ORDER_ELSE,pop_array,181,NO_COVERAGE,none
BitUtil.java,com.xceptance.xlt.report.util.lucene.BitUtil,org.pitest.mutationtest.engine.gregor.mutators.RemoveConditionalMutator_ORDER_IF,pop_array,74,NO_COVERAGE,none
BitUtil.java,com.xceptance.xlt.report.util.lucene.BitUtil,org.pitest.mutationtest.engine.gregor.mutators.RemoveConditionalMutator_ORDER_IF,pop_array,139,NO_COVERAGE,none
BitUtil.java,com.xceptance.xlt.report.util.lucene.BitUtil,org.pitest.mutationtest.engine.gregor.mutators.RemoveConditionalMutator_ORDER_IF,pop_array,165,NO_COVERAGE,none
BitUtil.java,com.xceptance.xlt.report.util.lucene.BitUtil,org.pitest.mutationtest.engine.gregor.mutators.RemoveConditionalMutator_ORDER_IF,pop_array,181,NO_COVERAGE,none
BitUtil.java,com.xceptance.xlt.report.util.lucene.BitUtil,org.pitest.mutationtest.engine.gregor.mutators.returns.PrimitiveReturnsMutator,pop_array,190,NO_COVERAGE,none
BitUtil.java,com.xceptance.xlt.report.util.lucene.BitUtil,org.pitest.mutationtest.engine.gregor.mutators.ConditionalsBoundaryMutator,pop_intersect,203,NO_COVERAGE,none
BitUtil.java,com.xceptance.xlt.report.util.lucene.BitUtil,org.pitest.mutationtest.engine.gregor.mutators.ConditionalsBoundaryMutator,pop_intersect,257,NO_COVERAGE,none
BitUtil.java,com.xceptance.xlt.report.util.lucene.BitUtil,org.pitest.mutationtest.engine.gregor.mutators.ConditionalsBoundaryMutator,pop_intersect,283,NO_COVERAGE,none
BitUtil.java,com.xceptance.xlt.report.util.lucene.BitUtil,org.pitest.mutationtest.engine.gregor.mutators.ConditionalsBoundaryMutator,pop_intersect,299,NO_COVERAGE,none
BitUtil.java,com.xceptance.xlt.report.util.lucene.BitUtil,org.pitest.mutationtest.engine.gregor.mutators.IncrementsMutator,pop_intersect,203,NO_COVERAGE,none
BitUtil.java,com.xceptance.xlt.report.util.lucene.BitUtil,org.pitest.mutationtest.engine.gregor.mutators.IncrementsMutator,pop_intersect,280,NO_COVERAGE,none
BitUtil.java,com.xceptance.xlt.report.util.lucene.BitUtil,org.pitest.mutationtest.engine.gregor.mutators.IncrementsMutator,pop_intersect,296,NO_COVERAGE,none
BitUtil.java,com.xceptance.xlt.report.util.lucene.BitUtil,org.pitest.mutationtest.engine.gregor.mutators.MathMutator,pop_intersect,198,NO_COVERAGE,none
BitUtil.java,com.xceptance.xlt.report.util.lucene.BitUtil,org.pitest.mutationtest.engine.gregor.mutators.MathMutator,pop_intersect,208,NO_COVERAGE,none
BitUtil.java,com.xceptance.xlt.report.util.lucene.BitUtil,org.pitest.mutationtest.engine.gregor.mutators.MathMutator,pop_intersect,208,NO_COVERAGE,none
BitUtil.java,com.xceptance.xlt.report.util.lucene.BitUtil,org.pitest.mutationtest.engine.gregor.mutators.MathMutator,pop_intersect,208,NO_COVERAGE,none
BitUtil.java,com.xceptance.xlt.report.util.lucene.BitUtil,org.pitest.mutationtest.engine.gregor.mutators.MathMutator,pop_intersect,208,NO_COVERAGE,none
BitUtil.java,com.xceptance.xlt.report.util.lucene.BitUtil,org.pitest.mutationtest.engine.gregor.mutators.MathMutator,pop_intersect,209,NO_COVERAGE,none
BitUtil.java,com.xceptance.xlt.report.util.lucene.BitUtil,org.pitest.mutationtest.engine.gregor.mutators.MathMutator,pop_intersect,210,NO_COVERAGE,none
BitUtil.java,com.xceptance.xlt.report.util.lucene.BitUtil,org.pitest.mutationtest.engine.gregor.mutators.MathMutator,pop_intersect,210,NO_COVERAGE,none
BitUtil.java,com.xceptance.xlt.report.util.lucene.BitUtil,org.pitest.mutationtest.engine.gregor.mutators.MathMutator,pop_intersect,210,NO_COVERAGE,none
BitUtil.java,com.xceptance.xlt.report.util.lucene.BitUtil,org.pitest.mutationtest.engine.gregor.mutators.MathMutator,pop_intersect,211,NO_COVERAGE,none
BitUtil.java,com.xceptance.xlt.report.util.lucene.BitUtil,org.pitest.mutationtest.engine.gregor.mutators.MathMutator,pop_intersect,215,NO_COVERAGE,none
BitUtil.java,com.xceptance.xlt.report.util.lucene.BitUtil,org.pitest.mutationtest.engine.gregor.mutators.MathMutator,pop_intersect,215,NO_COVERAGE,none
BitUtil.java,com.xceptance.xlt.report.util.lucene.BitUtil,org.pitest.mutationtest.engine.gregor.mutators.MathMutator,pop_intersect,215,NO_COVERAGE,none
BitUtil.java,com.xceptance.xlt.report.util.lucene.BitUtil,org.pitest.mutationtest.engine.gregor.mutators.MathMutator,pop_intersect,215,NO_COVERAGE,none
BitUtil.java,com.xceptance.xlt.report.util.lucene.BitUtil,org.pitest.mutationtest.engine.gregor.mutators.MathMutator,pop_intersect,215,NO_COVERAGE,none
BitUtil.java,com.xceptance.xlt.report.util.lucene.BitUtil,org.pitest.mutationtest.engine.gregor.mutators.MathMutator,pop_intersect,215,NO_COVERAGE,none
BitUtil.java,com.xceptance.xlt.report.util.lucene.BitUtil,org.pitest.mutationtest.engine.gregor.mutators.MathMutator,pop_intersect,216,NO_COVERAGE,none
BitUtil.java,com.xceptance.xlt.report.util.lucene.BitUtil,org.pitest.mutationtest.engine.gregor.mutators.MathMutator,pop_intersect,217,NO_COVERAGE,none
BitUtil.java,com.xceptance.xlt.report.util.lucene.BitUtil,org.pitest.mutationtest.engine.gregor.mutators.MathMutator,pop_intersect,217,NO_COVERAGE,none
BitUtil.java,com.xceptance.xlt.report.util.lucene.BitUtil,org.pitest.mutationtest.engine.gregor.mutators.MathMutator,pop_intersect,217,NO_COVERAGE,none
BitUtil.java,com.xceptance.xlt.report.util.lucene.BitUtil,org.pitest.mutationtest.engine.gregor.mutators.MathMutator,pop_intersect,218,NO_COVERAGE,none
BitUtil.java,com.xceptance.xlt.report.util.lucene.BitUtil,org.pitest.mutationtest.engine.gregor.mutators.MathMutator,pop_intersect,222,NO_COVERAGE,none
BitUtil.java,com.xceptance.xlt.report.util.lucene.BitUtil,org.pitest.mutationtest.engine.gregor.mutators.MathMutator,pop_intersect,223,NO_COVERAGE,none
BitUtil.java,com.xceptance.xlt.report.util.lucene.BitUtil,org.pitest.mutationtest.engine.gregor.mutators.MathMutator,pop_intersect,223,NO_COVERAGE,none
BitUtil.java,com.xceptance.xlt.report.util.lucene.BitUtil,org.pitest.mutationtest.engine.gregor.mutators.MathMutator,pop_intersect,223,NO_COVERAGE,none
BitUtil.java,com.xceptance.xlt.report.util.lucene.BitUtil,org.pitest.mutationtest.engine.gregor.mutators.MathMutator,pop_intersect,224,NO_COVERAGE,none
BitUtil.java,com.xceptance.xlt.report.util.lucene.BitUtil,org.pitest.mutationtest.engine.gregor.mutators.MathMutator,pop_intersect,228,NO_COVERAGE,none
BitUtil.java,com.xceptance.xlt.report.util.lucene.BitUtil,org.pitest.mutationtest.engine.gregor.mutators.MathMutator,pop_intersect,228,NO_COVERAGE,none
BitUtil.java,com.xceptance.xlt.report.util.lucene.BitUtil,org.pitest.mutationtest.engine.gregor.mutators.MathMutator,pop_intersect,228,NO_COVERAGE,none
BitUtil.java,com.xceptance.xlt.report.util.lucene.BitUtil,org.pitest.mutationtest.engine.gregor.mutators.MathMutator,pop_intersect,228,NO_COVERAGE,none
BitUtil.java,com.xceptance.xlt.report.util.lucene.BitUtil,org.pitest.mutationtest.engine.gregor.mutators.MathMutator,pop_intersect,228,NO_COVERAGE,none
BitUtil.java,com.xceptance.xlt.report.util.lucene.BitUtil,org.pitest.mutationtest.engine.gregor.mutators.MathMutator,pop_intersect,228,NO_COVERAGE,none
BitUtil.java,com.xceptance.xlt.report.util.lucene.BitUtil,org.pitest.mutationtest.engine.gregor.mutators.MathMutator,pop_intersect,229,NO_COVERAGE,none
BitUtil.java,com.xceptance.xlt.report.util.lucene.BitUtil,org.pitest.mutationtest.engine.gregor.mutators.MathMutator,pop_intersect,230,NO_COVERAGE,none
BitUtil.java,com.xceptance.xlt.report.util.lucene.BitUtil,org.pitest.mutationtest.engine.gregor.mutators.MathMutator,pop_intersect,230,NO_COVERAGE,none
BitUtil.java,com.xceptance.xlt.report.util.lucene.BitUtil,org.pitest.mutationtest.engine.gregor.mutators.MathMutator,pop_intersect,230,NO_COVERAGE,none
BitUtil.java,com.xceptance.xlt.report.util.lucene.BitUtil,org.pitest.mutationtest.engine.gregor.mutators.MathMutator,pop_intersect,231,NO_COVERAGE,none
BitUtil.java,com.xceptance.xlt.report.util.lucene.BitUtil,org.pitest.mutationtest.engine.gregor.mutators.MathMutator,pop_intersect,235,NO_COVERAGE,none
BitUtil.java,com.xceptance.xlt.report.util.lucene.BitUtil,org.pitest.mutationtest.engine.gregor.mutators.MathMutator,pop_intersect,235,NO_COVERAGE,none
BitUtil.java,com.xceptance.xlt.report.util.lucene.BitUtil,org.pitest.mutationtest.engine.gregor.mutators.MathMutator,pop_intersect,235,NO_COVERAGE,none
BitUtil.java,com.xceptance.xlt.report.util.lucene.BitUtil,org.pitest.mutationtest.engine.gregor.mutators.MathMutator,pop_intersect,235,NO_COVERAGE,none
BitUtil.java,com.xceptance.xlt.report.util.lucene.BitUtil,org.pitest.mutationtest.engine.gregor.mutators.MathMutator,pop_intersect,235,NO_COVERAGE,none
BitUtil.java,com.xceptance.xlt.report.util.lucene.BitUtil,org.pitest.mutationtest.engine.gregor.mutators.MathMutator,pop_intersect,235,NO_COVERAGE,none
BitUtil.java,com.xceptance.xlt.report.util.lucene.BitUtil,org.pitest.mutationtest.engine.gregor.mutators.MathMutator,pop_intersect,236,NO_COVERAGE,none
BitUtil.java,com.xceptance.xlt.report.util.lucene.BitUtil,org.pitest.mutationtest.engine.gregor.mutators.MathMutator,pop_intersect,237,NO_COVERAGE,none
BitUtil.java,com.xceptance.xlt.report.util.lucene.BitUtil,org.pitest.mutationtest.engine.gregor.mutators.MathMutator,pop_intersect,237,NO_COVERAGE,none
BitUtil.java,com.xceptance.xlt.report.util.lucene.BitUtil,org.pitest.mutationtest.engine.gregor.mutators.MathMutator,pop_intersect,237,NO_COVERAGE,none
BitUtil.java,com.xceptance.xlt.report.util.lucene.BitUtil,org.pitest.mutationtest.engine.gregor.mutators.MathMutator,pop_intersect,238,NO_COVERAGE,none
BitUtil.java,com.xceptance.xlt.report.util.lucene.BitUtil,org.pitest.mutationtest.engine.gregor.mutators.MathMutator,pop_intersect,242,NO_COVERAGE,none
BitUtil.java,com.xceptance.xlt.report.util.lucene.BitUtil,org.pitest.mutationtest.engine.gregor.mutators.MathMutator,pop_intersect,243,NO_COVERAGE,none
BitUtil.java,com.xceptance.xlt.report.util.lucene.BitUtil,org.pitest.mutationtest.engine.gregor.mutators.MathMutator,pop_intersect,243,NO_COVERAGE,none
BitUtil.java,com.xceptance.xlt.report.util.lucene.BitUtil,org.pitest.mutationtest.engine.gregor.mutators.MathMutator,pop_intersect,243,NO_COVERAGE,none
BitUtil.java,com.xceptance.xlt.report.util.lucene.BitUtil,org.pitest.mutationtest.engine.gregor.mutators.MathMutator,pop_intersect,244,NO_COVERAGE,none
BitUtil.java,com.xceptance.xlt.report.util.lucene.BitUtil,org.pitest.mutationtest.engine.gregor.mutators.MathMutator,pop_intersect,249,NO_COVERAGE,none
BitUtil.java,com.xceptance.xlt.report.util.lucene.BitUtil,org.pitest.mutationtest.engine.gregor.mutators.MathMutator,pop_intersect,250,NO_COVERAGE,none
BitUtil.java,com.xceptance.xlt.report.util.lucene.BitUtil,org.pitest.mutationtest.engine.gregor.mutators.MathMutator,pop_intersect,250,NO_COVERAGE,none
BitUtil.java,com.xceptance.xlt.report.util.lucene.BitUtil,org.pitest.mutationtest.engine.gregor.mutators.MathMutator,pop_intersect,250,NO_COVERAGE,none
BitUtil.java,com.xceptance.xlt.report.util.lucene.BitUtil,org.pitest.mutationtest.engine.gregor.mutators.MathMutator,pop_intersect,251,NO_COVERAGE,none
BitUtil.java,com.xceptance.xlt.report.util.lucene.BitUtil,org.pitest.mutationtest.engine.gregor.mutators.MathMutator,pop_intersect,253,NO_COVERAGE,none
BitUtil.java,com.xceptance.xlt.report.util.lucene.BitUtil,org.pitest.mutationtest.engine.gregor.mutators.MathMutator,pop_intersect,203,NO_COVERAGE,none
BitUtil.java,com.xceptance.xlt.report.util.lucene.BitUtil,org.pitest.mutationtest.engine.gregor.mutators.MathMutator,pop_intersect,257,NO_COVERAGE,none
BitUtil.java,com.xceptance.xlt.report.util.lucene.BitUtil,org.pitest.mutationtest.engine.gregor.mutators.MathMutator,pop_intersect,260,NO_COVERAGE,none
BitUtil.java,com.xceptance.xlt.report.util.lucene.BitUtil,org.pitest.mutationtest.engine.gregor.mutators.MathMutator,pop_intersect,260,NO_COVERAGE,none
BitUtil.java,com.xceptance.xlt.report.util.lucene.BitUtil,org.pitest.mutationtest.engine.gregor.mutators.MathMutator,pop_intersect,260,NO_COVERAGE,none
BitUtil.java,com.xceptance.xlt.report.util.lucene.BitUtil,org.pitest.mutationtest.engine.gregor.mutators.MathMutator,pop_intersect,260,NO_COVERAGE,none
BitUtil.java,com.xceptance.xlt.report.util.lucene.BitUtil,org.pitest.mutationtest.engine.gregor.mutators.MathMutator,pop_intersect,261,NO_COVERAGE,none
BitUtil.java,com.xceptance.xlt.report.util.lucene.BitUtil,org.pitest.mutationtest.engine.gregor.mutators.MathMutator,pop_intersect,262,NO_COVERAGE,none
BitUtil.java,com.xceptance.xlt.report.util.lucene.BitUtil,org.pitest.mutationtest.engine.gregor.mutators.MathMutator,pop_intersect,262,NO_COVERAGE,none
BitUtil.java,com.xceptance.xlt.report.util.lucene.BitUtil,org.pitest.mutationtest.engine.gregor.mutators.MathMutator,pop_intersect,262,NO_COVERAGE,none
BitUtil.java,com.xceptance.xlt.report.util.lucene.BitUtil,org.pitest.mutationtest.engine.gregor.mutators.MathMutator,pop_intersect,263,NO_COVERAGE,none
BitUtil.java,com.xceptance.xlt.report.util.lucene.BitUtil,org.pitest.mutationtest.engine.gregor.mutators.MathMutator,pop_intersect,266,NO_COVERAGE,none
BitUtil.java,com.xceptance.xlt.report.util.lucene.BitUtil,org.pitest.mutationtest.engine.gregor.mutators.MathMutator,pop_intersect,266,NO_COVERAGE,none
BitUtil.java,com.xceptance.xlt.report.util.lucene.BitUtil,org.pitest.mutationtest.engine.gregor.mutators.MathMutator,pop_intersect,266,NO_COVERAGE,none
BitUtil.java,com.xceptance.xlt.report.util.lucene.BitUtil,org.pitest.mutationtest.engine.gregor.mutators.MathMutator,pop_intersect,266,NO_COVERAGE,none
BitUtil.java,com.xceptance.xlt.report.util.lucene.BitUtil,org.pitest.mutationtest.engine.gregor.mutators.MathMutator,pop_intersect,266,NO_COVERAGE,none
BitUtil.java,com.xceptance.xlt.report.util.lucene.BitUtil,org.pitest.mutationtest.engine.gregor.mutators.MathMutator,pop_intersect,266,NO_COVERAGE,none
BitUtil.java,com.xceptance.xlt.report.util.lucene.BitUtil,org.pitest.mutationtest.engine.gregor.mutators.MathMutator,pop_intersect,267,NO_COVERAGE,none
BitUtil.java,com.xceptance.xlt.report.util.lucene.BitUtil,org.pitest.mutationtest.engine.gregor.mutators.MathMutator,pop_intersect,268,NO_COVERAGE,none
BitUtil.java,com.xceptance.xlt.report.util.lucene.BitUtil,org.pitest.mutationtest.engine.gregor.mutators.MathMutator,pop_intersect,268,NO_COVERAGE,none
BitUtil.java,com.xceptance.xlt.report.util.lucene.BitUtil,org.pitest.mutationtest.engine.gregor.mutators.MathMutator,pop_intersect,268,NO_COVERAGE,none
BitUtil.java,com.xceptance.xlt.report.util.lucene.BitUtil,org.pitest.mutationtest.engine.gregor.mutators.MathMutator,pop_intersect,269,NO_COVERAGE,none
BitUtil.java,com.xceptance.xlt.report.util.lucene.BitUtil,org.pitest.mutationtest.engine.gregor.mutators.MathMutator,pop_intersect,272,NO_COVERAGE,none
BitUtil.java,com.xceptance.xlt.report.util.lucene.BitUtil,org.pitest.mutationtest.engine.gregor.mutators.MathMutator,pop_intersect,273,NO_COVERAGE,none
BitUtil.java,com.xceptance.xlt.report.util.lucene.BitUtil,org.pitest.mutationtest.engine.gregor.mutators.MathMutator,pop_intersect,273,NO_COVERAGE,none
BitUtil.java,com.xceptance.xlt.report.util.lucene.BitUtil,org.pitest.mutationtest.engine.gregor.mutators.MathMutator,pop_intersect,273,NO_COVERAGE,none
BitUtil.java,com.xceptance.xlt.report.util.lucene.BitUtil,org.pitest.mutationtest.engine.gregor.mutators.MathMutator,pop_intersect,274,NO_COVERAGE,none
BitUtil.java,com.xceptance.xlt.report.util.lucene.BitUtil,org.pitest.mutationtest.engine.gregor.mutators.MathMutator,pop_intersect,276,NO_COVERAGE,none
BitUtil.java,com.xceptance.xlt.report.util.lucene.BitUtil,org.pitest.mutationtest.engine.gregor.mutators.MathMutator,pop_intersect,277,NO_COVERAGE,none
BitUtil.java,com.xceptance.xlt.report.util.lucene.BitUtil,org.pitest.mutationtest.engine.gregor.mutators.MathMutator,pop_intersect,279,NO_COVERAGE,none
BitUtil.java,com.xceptance.xlt.report.util.lucene.BitUtil,org.pitest.mutationtest.engine.gregor.mutators.MathMutator,pop_intersect,283,NO_COVERAGE,none
BitUtil.java,com.xceptance.xlt.report.util.lucene.BitUtil,org.pitest.mutationtest.engine.gregor.mutators.MathMutator,pop_intersect,284,NO_COVERAGE,none
BitUtil.java,com.xceptance.xlt.report.util.lucene.BitUtil,org.pitest.mutationtest.engine.gregor.mutators.MathMutator,pop_intersect,284,NO_COVERAGE,none
BitUtil.java,com.xceptance.xlt.report.util.lucene.BitUtil,org.pitest.mutationtest.engine.gregor.mutators.MathMutator,pop_intersect,284,NO_COVERAGE,none
BitUtil.java,com.xceptance.xlt.report.util.lucene.BitUtil,org.pitest.mutationtest.engine.gregor.mutators.MathMutator,pop_intersect,284,NO_COVERAGE,none
BitUtil.java,com.xceptance.xlt.report.util.lucene.BitUtil,org.pitest.mutationtest.engine.gregor.mutators.MathMutator,pop_intersect,285,NO_COVERAGE,none
BitUtil.java,com.xceptance.xlt.report.util.lucene.BitUtil,org.pitest.mutationtest.engine.gregor.mutators.MathMutator,pop_intersect,286,NO_COVERAGE,none
BitUtil.java,com.xceptance.xlt.report.util.lucene.BitUtil,org.pitest.mutationtest.engine.gregor.mutators.MathMutator,pop_intersect,286,NO_COVERAGE,none
BitUtil.java,com.xceptance.xlt.report.util.lucene.BitUtil,org.pitest.mutationtest.engine.gregor.mutators.MathMutator,pop_intersect,286,NO_COVERAGE,none
BitUtil.java,com.xceptance.xlt.report.util.lucene.BitUtil,org.pitest.mutationtest.engine.gregor.mutators.MathMutator,pop_intersect,287,NO_COVERAGE,none
BitUtil.java,com.xceptance.xlt.report.util.lucene.BitUtil,org.pitest.mutationtest.engine.gregor.mutators.MathMutator,pop_intersect,289,NO_COVERAGE,none
BitUtil.java,com.xceptance.xlt.report.util.lucene.BitUtil,org.pitest.mutationtest.engine.gregor.mutators.MathMutator,pop_intersect,290,NO_COVERAGE,none
BitUtil.java,com.xceptance.xlt.report.util.lucene.BitUtil,org.pitest.mutationtest.engine.gregor.mutators.MathMutator,pop_intersect,292,NO_COVERAGE,none
BitUtil.java,com.xceptance.xlt.report.util.lucene.BitUtil,org.pitest.mutationtest.engine.gregor.mutators.MathMutator,pop_intersect,293,NO_COVERAGE,none
BitUtil.java,com.xceptance.xlt.report.util.lucene.BitUtil,org.pitest.mutationtest.engine.gregor.mutators.MathMutator,pop_intersect,295,NO_COVERAGE,none
BitUtil.java,com.xceptance.xlt.report.util.lucene.BitUtil,org.pitest.mutationtest.engine.gregor.mutators.MathMutator,pop_intersect,300,NO_COVERAGE,none
BitUtil.java,com.xceptance.xlt.report.util.lucene.BitUtil,org.pitest.mutationtest.engine.gregor.mutators.MathMutator,pop_intersect,300,NO_COVERAGE,none
BitUtil.java,com.xceptance.xlt.report.util.lucene.BitUtil,org.pitest.mutationtest.engine.gregor.mutators.MathMutator,pop_intersect,303,NO_COVERAGE,none
BitUtil.java,com.xceptance.xlt.report.util.lucene.BitUtil,org.pitest.mutationtest.engine.gregor.mutators.MathMutator,pop_intersect,304,NO_COVERAGE,none
BitUtil.java,com.xceptance.xlt.report.util.lucene.BitUtil,org.pitest.mutationtest.engine.gregor.mutators.MathMutator,pop_intersect,303,NO_COVERAGE,none
BitUtil.java,com.xceptance.xlt.report.util.lucene.BitUtil,org.pitest.mutationtest.engine.gregor.mutators.MathMutator,pop_intersect,303,NO_COVERAGE,none
BitUtil.java,com.xceptance.xlt.report.util.lucene.BitUtil,org.pitest.mutationtest.engine.gregor.mutators.MathMutator,pop_intersect,306,NO_COVERAGE,none
BitUtil.java,com.xceptance.xlt.report.util.lucene.BitUtil,org.pitest.mutationtest.engine.gregor.mutators.MathMutator,pop_intersect,303,NO_COVERAGE,none
BitUtil.java,com.xceptance.xlt.report.util.lucene.BitUtil,org.pitest.mutationtest.engine.gregor.mutators.MathMutator,pop_intersect,303,NO_COVERAGE,none
BitUtil.java,com.xceptance.xlt.report.util.lucene.BitUtil,org.pitest.mutationtest.engine.gregor.mutators.RemoveConditionalMutator_ORDER_ELSE,pop_intersect,203,NO_COVERAGE,none
BitUtil.java,com.xceptance.xlt.report.util.lucene.BitUtil,org.pitest.mutationtest.engine.gregor.mutators.RemoveConditionalMutator_ORDER_ELSE,pop_intersect,257,NO_COVERAGE,none
BitUtil.java,com.xceptance.xlt.report.util.lucene.BitUtil,org.pitest.mutationtest.engine.gregor.mutators.RemoveConditionalMutator_ORDER_ELSE,pop_intersect,283,NO_COVERAGE,none
BitUtil.java,com.xceptance.xlt.report.util.lucene.BitUtil,org.pitest.mutationtest.engine.gregor.mutators.RemoveConditionalMutator_ORDER_ELSE,pop_intersect,299,NO_COVERAGE,none
BitUtil.java,com.xceptance.xlt.report.util.lucene.BitUtil,org.pitest.mutationtest.engine.gregor.mutators.RemoveConditionalMutator_ORDER_IF,pop_intersect,203,NO_COVERAGE,none
BitUtil.java,com.xceptance.xlt.report.util.lucene.BitUtil,org.pitest.mutationtest.engine.gregor.mutators.RemoveConditionalMutator_ORDER_IF,pop_intersect,257,NO_COVERAGE,none
BitUtil.java,com.xceptance.xlt.report.util.lucene.BitUtil,org.pitest.mutationtest.engine.gregor.mutators.RemoveConditionalMutator_ORDER_IF,pop_intersect,283,NO_COVERAGE,none
BitUtil.java,com.xceptance.xlt.report.util.lucene.BitUtil,org.pitest.mutationtest.engine.gregor.mutators.RemoveConditionalMutator_ORDER_IF,pop_intersect,299,NO_COVERAGE,none
BitUtil.java,com.xceptance.xlt.report.util.lucene.BitUtil,org.pitest.mutationtest.engine.gregor.mutators.returns.PrimitiveReturnsMutator,pop_intersect,308,NO_COVERAGE,none
BitUtil.java,com.xceptance.xlt.report.util.lucene.BitUtil,org.pitest.mutationtest.engine.gregor.mutators.ConditionalsBoundaryMutator,pop_union,321,NO_COVERAGE,none
BitUtil.java,com.xceptance.xlt.report.util.lucene.BitUtil,org.pitest.mutationtest.engine.gregor.mutators.ConditionalsBoundaryMutator,pop_union,381,NO_COVERAGE,none
BitUtil.java,com.xceptance.xlt.report.util.lucene.BitUtil,org.pitest.mutationtest.engine.gregor.mutators.ConditionalsBoundaryMutator,pop_union,407,NO_COVERAGE,none
BitUtil.java,com.xceptance.xlt.report.util.lucene.BitUtil,org.pitest.mutationtest.engine.gregor.mutators.ConditionalsBoundaryMutator,pop_union,423,NO_COVERAGE,none
BitUtil.java,com.xceptance.xlt.report.util.lucene.BitUtil,org.pitest.mutationtest.engine.gregor.mutators.IncrementsMutator,pop_union,321,NO_COVERAGE,none
BitUtil.java,com.xceptance.xlt.report.util.lucene.BitUtil,org.pitest.mutationtest.engine.gregor.mutators.IncrementsMutator,pop_union,404,NO_COVERAGE,none
BitUtil.java,com.xceptance.xlt.report.util.lucene.BitUtil,org.pitest.mutationtest.engine.gregor.mutators.IncrementsMutator,pop_union,420,NO_COVERAGE,none
BitUtil.java,com.xceptance.xlt.report.util.lucene.BitUtil,org.pitest.mutationtest.engine.gregor.mutators.MathMutator,pop_union,316,NO_COVERAGE,none
BitUtil.java,com.xceptance.xlt.report.util.lucene.BitUtil,org.pitest.mutationtest.engine.gregor.mutators.MathMutator,pop_union,332,NO_COVERAGE,none
BitUtil.java,com.xceptance.xlt.report.util.lucene.BitUtil,org.pitest.mutationtest.engine.gregor.mutators.MathMutator,pop_union,332,NO_COVERAGE,none
BitUtil.java,com.xceptance.xlt.report.util.lucene.BitUtil,org.pitest.mutationtest.engine.gregor.mutators.MathMutator,pop_union,332,NO_COVERAGE,none
BitUtil.java,com.xceptance.xlt.report.util.lucene.BitUtil,org.pitest.mutationtest.engine.gregor.mutators.MathMutator,pop_union,332,NO_COVERAGE,none
BitUtil.java,com.xceptance.xlt.report.util.lucene.BitUtil,org.pitest.mutationtest.engine.gregor.mutators.MathMutator,pop_union,333,NO_COVERAGE,none
BitUtil.java,com.xceptance.xlt.report.util.lucene.BitUtil,org.pitest.mutationtest.engine.gregor.mutators.MathMutator,pop_union,334,NO_COVERAGE,none
BitUtil.java,com.xceptance.xlt.report.util.lucene.BitUtil,org.pitest.mutationtest.engine.gregor.mutators.MathMutator,pop_union,334,NO_COVERAGE,none
BitUtil.java,com.xceptance.xlt.report.util.lucene.BitUtil,org.pitest.mutationtest.engine.gregor.mutators.MathMutator,pop_union,334,NO_COVERAGE,none
BitUtil.java,com.xceptance.xlt.report.util.lucene.BitUtil,org.pitest.mutationtest.engine.gregor.mutators.MathMutator,pop_union,335,NO_COVERAGE,none
BitUtil.java,com.xceptance.xlt.report.util.lucene.BitUtil,org.pitest.mutationtest.engine.gregor.mutators.MathMutator,pop_union,339,NO_COVERAGE,none
BitUtil.java,com.xceptance.xlt.report.util.lucene.BitUtil,org.pitest.mutationtest.engine.gregor.mutators.MathMutator,pop_union,339,NO_COVERAGE,none
BitUtil.java,com.xceptance.xlt.report.util.lucene.BitUtil,org.pitest.mutationtest.engine.gregor.mutators.MathMutator,pop_union,339,NO_COVERAGE,none
BitUtil.java,com.xceptance.xlt.report.util.lucene.BitUtil,org.pitest.mutationtest.engine.gregor.mutators.MathMutator,pop_union,339,NO_COVERAGE,none
BitUtil.java,com.xceptance.xlt.report.util.lucene.BitUtil,org.pitest.mutationtest.engine.gregor.mutators.MathMutator,pop_union,339,NO_COVERAGE,none
BitUtil.java,com.xceptance.xlt.report.util.lucene.BitUtil,org.pitest.mutationtest.engine.gregor.mutators.MathMutator,pop_union,339,NO_COVERAGE,none
BitUtil.java,com.xceptance.xlt.report.util.lucene.BitUtil,org.pitest.mutationtest.engine.gregor.mutators.MathMutator,pop_union,340,NO_COVERAGE,none
BitUtil.java,com.xceptance.xlt.report.util.lucene.BitUtil,org.pitest.mutationtest.engine.gregor.mutators.MathMutator,pop_union,341,NO_COVERAGE,none
BitUtil.java,com.xceptance.xlt.report.util.lucene.BitUtil,org.pitest.mutationtest.engine.gregor.mutators.MathMutator,pop_union,341,NO_COVERAGE,none
BitUtil.java,com.xceptance.xlt.report.util.lucene.BitUtil,org.pitest.mutationtest.engine.gregor.mutators.MathMutator,pop_union,341,NO_COVERAGE,none
BitUtil.java,com.xceptance.xlt.report.util.lucene.BitUtil,org.pitest.mutationtest.engine.gregor.mutators.MathMutator,pop_union,342,NO_COVERAGE,none
BitUtil.java,com.xceptance.xlt.report.util.lucene.BitUtil,org.pitest.mutationtest.engine.gregor.mutators.MathMutator,pop_union,346,NO_COVERAGE,none
BitUtil.java,com.xceptance.xlt.report.util.lucene.BitUtil,org.pitest.mutationtest.engine.gregor.mutators.MathMutator,pop_union,347,NO_COVERAGE,none
BitUtil.java,com.xceptance.xlt.report.util.lucene.BitUtil,org.pitest.mutationtest.engine.gregor.mutators.MathMutator,pop_union,347,NO_COVERAGE,none
BitUtil.java,com.xceptance.xlt.report.util.lucene.BitUtil,org.pitest.mutationtest.engine.gregor.mutators.MathMutator,pop_union,347,NO_COVERAGE,none
BitUtil.java,com.xceptance.xlt.report.util.lucene.BitUtil,org.pitest.mutationtest.engine.gregor.mutators.MathMutator,pop_union,348,NO_COVERAGE,none
BitUtil.java,com.xceptance.xlt.report.util.lucene.BitUtil,org.pitest.mutationtest.engine.gregor.mutators.MathMutator,pop_union,352,NO_COVERAGE,none
BitUtil.java,com.xceptance.xlt.report.util.lucene.BitUtil,org.pitest.mutationtest.engine.gregor.mutators.MathMutator,pop_union,352,NO_COVERAGE,none
BitUtil.java,com.xceptance.xlt.report.util.lucene.BitUtil,org.pitest.mutationtest.engine.gregor.mutators.MathMutator,pop_union,352,NO_COVERAGE,none
BitUtil.java,com.xceptance.xlt.report.util.lucene.BitUtil,org.pitest.mutationtest.engine.gregor.mutators.MathMutator,pop_union,352,NO_COVERAGE,none
BitUtil.java,com.xceptance.xlt.report.util.lucene.BitUtil,org.pitest.mutationtest.engine.gregor.mutators.MathMutator,pop_union,352,NO_COVERAGE,none
BitUtil.java,com.xceptance.xlt.report.util.lucene.BitUtil,org.pitest.mutationtest.engine.gregor.mutators.MathMutator,pop_union,352,NO_COVERAGE,none
BitUtil.java,com.xceptance.xlt.report.util.lucene.BitUtil,org.pitest.mutationtest.engine.gregor.mutators.MathMutator,pop_union,353,NO_COVERAGE,none
BitUtil.java,com.xceptance.xlt.report.util.lucene.BitUtil,org.pitest.mutationtest.engine.gregor.mutators.MathMutator,pop_union,354,NO_COVERAGE,none
BitUtil.java,com.xceptance.xlt.report.util.lucene.BitUtil,org.pitest.mutationtest.engine.gregor.mutators.MathMutator,pop_union,354,NO_COVERAGE,none
BitUtil.java,com.xceptance.xlt.report.util.lucene.BitUtil,org.pitest.mutationtest.engine.gregor.mutators.MathMutator,pop_union,354,NO_COVERAGE,none
BitUtil.java,com.xceptance.xlt.report.util.lucene.BitUtil,org.pitest.mutationtest.engine.gregor.mutators.MathMutator,pop_union,355,NO_COVERAGE,none
BitUtil.java,com.xceptance.xlt.report.util.lucene.BitUtil,org.pitest.mutationtest.engine.gregor.mutators.MathMutator,pop_union,359,NO_COVERAGE,none
BitUtil.java,com.xceptance.xlt.report.util.lucene.BitUtil,org.pitest.mutationtest.engine.gregor.mutators.MathMutator,pop_union,359,NO_COVERAGE,none
BitUtil.java,com.xceptance.xlt.report.util.lucene.BitUtil,org.pitest.mutationtest.engine.gregor.mutators.MathMutator,pop_union,359,NO_COVERAGE,none
BitUtil.java,com.xceptance.xlt.report.util.lucene.BitUtil,org.pitest.mutationtest.engine.gregor.mutators.MathMutator,pop_union,359,NO_COVERAGE,none
BitUtil.java,com.xceptance.xlt.report.util.lucene.BitUtil,org.pitest.mutationtest.engine.gregor.mutators.MathMutator,pop_union,359,NO_COVERAGE,none
BitUtil.java,com.xceptance.xlt.report.util.lucene.BitUtil,org.pitest.mutationtest.engine.gregor.mutators.MathMutator,pop_union,359,NO_COVERAGE,none
BitUtil.java,com.xceptance.xlt.report.util.lucene.BitUtil,org.pitest.mutationtest.engine.gregor.mutators.MathMutator,pop_union,360,NO_COVERAGE,none
BitUtil.java,com.xceptance.xlt.report.util.lucene.BitUtil,org.pitest.mutationtest.engine.gregor.mutators.MathMutator,pop_union,361,NO_COVERAGE,none
BitUtil.java,com.xceptance.xlt.report.util.lucene.BitUtil,org.pitest.mutationtest.engine.gregor.mutators.MathMutator,pop_union,361,NO_COVERAGE,none
BitUtil.java,com.xceptance.xlt.report.util.lucene.BitUtil,org.pitest.mutationtest.engine.gregor.mutators.MathMutator,pop_union,361,NO_COVERAGE,none
BitUtil.java,com.xceptance.xlt.report.util.lucene.BitUtil,org.pitest.mutationtest.engine.gregor.mutators.MathMutator,pop_union,362,NO_COVERAGE,none
BitUtil.java,com.xceptance.xlt.report.util.lucene.BitUtil,org.pitest.mutationtest.engine.gregor.mutators.MathMutator,pop_union,366,NO_COVERAGE,none
BitUtil.java,com.xceptance.xlt.report.util.lucene.BitUtil,org.pitest.mutationtest.engine.gregor.mutators.MathMutator,pop_union,367,NO_COVERAGE,none
BitUtil.java,com.xceptance.xlt.report.util.lucene.BitUtil,org.pitest.mutationtest.engine.gregor.mutators.MathMutator,pop_union,367,NO_COVERAGE,none
BitUtil.java,com.xceptance.xlt.report.util.lucene.BitUtil,org.pitest.mutationtest.engine.gregor.mutators.MathMutator,pop_union,367,NO_COVERAGE,none
BitUtil.java,com.xceptance.xlt.report.util.lucene.BitUtil,org.pitest.mutationtest.engine.gregor.mutators.MathMutator,pop_union,368,NO_COVERAGE,none
BitUtil.java,com.xceptance.xlt.report.util.lucene.BitUtil,org.pitest.mutationtest.engine.gregor.mutators.MathMutator,pop_union,373,NO_COVERAGE,none
BitUtil.java,com.xceptance.xlt.report.util.lucene.BitUtil,org.pitest.mutationtest.engine.gregor.mutators.MathMutator,pop_union,374,NO_COVERAGE,none
BitUtil.java,com.xceptance.xlt.report.util.lucene.BitUtil,org.pitest.mutationtest.engine.gregor.mutators.MathMutator,pop_union,374,NO_COVERAGE,none
BitUtil.java,com.xceptance.xlt.report.util.lucene.BitUtil,org.pitest.mutationtest.engine.gregor.mutators.MathMutator,pop_union,374,NO_COVERAGE,none
BitUtil.java,com.xceptance.xlt.report.util.lucene.BitUtil,org.pitest.mutationtest.engine.gregor.mutators.MathMutator,pop_union,375,NO_COVERAGE,none
BitUtil.java,com.xceptance.xlt.report.util.lucene.BitUtil,org.pitest.mutationtest.engine.gregor.mutators.MathMutator,pop_union,377,NO_COVERAGE,none
BitUtil.java,com.xceptance.xlt.report.util.lucene.BitUtil,org.pitest.mutationtest.engine.gregor.mutators.MathMutator,pop_union,321,NO_COVERAGE,none
BitUtil.java,com.xceptance.xlt.report.util.lucene.BitUtil,org.pitest.mutationtest.engine.gregor.mutators.MathMutator,pop_union,381,NO_COVERAGE,none
BitUtil.java,com.xceptance.xlt.report.util.lucene.BitUtil,org.pitest.mutationtest.engine.gregor.mutators.MathMutator,pop_union,384,NO_COVERAGE,none
BitUtil.java,com.xceptance.xlt.report.util.lucene.BitUtil,org.pitest.mutationtest.engine.gregor.mutators.MathMutator,pop_union,384,NO_COVERAGE,none
BitUtil.java,com.xceptance.xlt.report.util.lucene.BitUtil,org.pitest.mutationtest.engine.gregor.mutators.MathMutator,pop_union,384,NO_COVERAGE,none
BitUtil.java,com.xceptance.xlt.report.util.lucene.BitUtil,org.pitest.mutationtest.engine.gregor.mutators.MathMutator,pop_union,384,NO_COVERAGE,none
BitUtil.java,com.xceptance.xlt.report.util.lucene.BitUtil,org.pitest.mutationtest.engine.gregor.mutators.MathMutator,pop_union,385,NO_COVERAGE,none
BitUtil.java,com.xceptance.xlt.report.util.lucene.BitUtil,org.pitest.mutationtest.engine.gregor.mutators.MathMutator,pop_union,386,NO_COVERAGE,none
BitUtil.java,com.xceptance.xlt.report.util.lucene.BitUtil,org.pitest.mutationtest.engine.gregor.mutators.MathMutator,pop_union,386,NO_COVERAGE,none
BitUtil.java,com.xceptance.xlt.report.util.lucene.BitUtil,org.pitest.mutationtest.engine.gregor.mutators.MathMutator,pop_union,386,NO_COVERAGE,none
BitUtil.java,com.xceptance.xlt.report.util.lucene.BitUtil,org.pitest.mutationtest.engine.gregor.mutators.MathMutator,pop_union,387,NO_COVERAGE,none
BitUtil.java,com.xceptance.xlt.report.util.lucene.BitUtil,org.pitest.mutationtest.engine.gregor.mutators.MathMutator,pop_union,390,NO_COVERAGE,none
BitUtil.java,com.xceptance.xlt.report.util.lucene.BitUtil,org.pitest.mutationtest.engine.gregor.mutators.MathMutator,pop_union,390,NO_COVERAGE,none
BitUtil.java,com.xceptance.xlt.report.util.lucene.BitUtil,org.pitest.mutationtest.engine.gregor.mutators.MathMutator,pop_union,390,NO_COVERAGE,none
BitUtil.java,com.xceptance.xlt.report.util.lucene.BitUtil,org.pitest.mutationtest.engine.gregor.mutators.MathMutator,pop_union,390,NO_COVERAGE,none
BitUtil.java,com.xceptance.xlt.report.util.lucene.BitUtil,org.pitest.mutationtest.engine.gregor.mutators.MathMutator,pop_union,390,NO_COVERAGE,none
BitUtil.java,com.xceptance.xlt.report.util.lucene.BitUtil,org.pitest.mutationtest.engine.gregor.mutators.MathMutator,pop_union,390,NO_COVERAGE,none
BitUtil.java,com.xceptance.xlt.report.util.lucene.BitUtil,org.pitest.mutationtest.engine.gregor.mutators.MathMutator,pop_union,391,NO_COVERAGE,none
BitUtil.java,com.xceptance.xlt.report.util.lucene.BitUtil,org.pitest.mutationtest.engine.gregor.mutators.MathMutator,pop_union,392,NO_COVERAGE,none
BitUtil.java,com.xceptance.xlt.report.util.lucene.BitUtil,org.pitest.mutationtest.engine.gregor.mutators.MathMutator,pop_union,392,NO_COVERAGE,none
BitUtil.java,com.xceptance.xlt.report.util.lucene.BitUtil,org.pitest.mutationtest.engine.gregor.mutators.MathMutator,pop_union,392,NO_COVERAGE,none
BitUtil.java,com.xceptance.xlt.report.util.lucene.BitUtil,org.pitest.mutationtest.engine.gregor.mutators.MathMutator,pop_union,393,NO_COVERAGE,none
BitUtil.java,com.xceptance.xlt.report.util.lucene.BitUtil,org.pitest.mutationtest.engine.gregor.mutators.MathMutator,pop_union,396,NO_COVERAGE,none
BitUtil.java,com.xceptance.xlt.report.util.lucene.BitUtil,org.pitest.mutationtest.engine.gregor.mutators.MathMutator,pop_union,397,NO_COVERAGE,none
BitUtil.java,com.xceptance.xlt.report.util.lucene.BitUtil,org.pitest.mutationtest.engine.gregor.mutators.MathMutator,pop_union,397,NO_COVERAGE,none
BitUtil.java,com.xceptance.xlt.report.util.lucene.BitUtil,org.pitest.mutationtest.engine.gregor.mutators.MathMutator,pop_union,397,NO_COVERAGE,none
BitUtil.java,com.xceptance.xlt.report.util.lucene.BitUtil,org.pitest.mutationtest.engine.gregor.mutators.MathMutator,pop_union,398,NO_COVERAGE,none
BitUtil.java,com.xceptance.xlt.report.util.lucene.BitUtil,org.pitest.mutationtest.engine.gregor.mutators.MathMutator,pop_union,400,NO_COVERAGE,none
BitUtil.java,com.xceptance.xlt.report.util.lucene.BitUtil,org.pitest.mutationtest.engine.gregor.mutators.MathMutator,pop_union,401,NO_COVERAGE,none
BitUtil.java,com.xceptance.xlt.report.util.lucene.BitUtil,org.pitest.mutationtest.engine.gregor.mutators.MathMutator,pop_union,403,NO_COVERAGE,none
BitUtil.java,com.xceptance.xlt.report.util.lucene.BitUtil,org.pitest.mutationtest.engine.gregor.mutators.MathMutator,pop_union,407,NO_COVERAGE,none
BitUtil.java,com.xceptance.xlt.report.util.lucene.BitUtil,org.pitest.mutationtest.engine.gregor.mutators.MathMutator,pop_union,408,NO_COVERAGE,none
BitUtil.java,com.xceptance.xlt.report.util.lucene.BitUtil,org.pitest.mutationtest.engine.gregor.mutators.MathMutator,pop_union,408,NO_COVERAGE,none
BitUtil.java,com.xceptance.xlt.report.util.lucene.BitUtil,org.pitest.mutationtest.engine.gregor.mutators.MathMutator,pop_union,408,NO_COVERAGE,none
BitUtil.java,com.xceptance.xlt.report.util.lucene.BitUtil,org.pitest.mutationtest.engine.gregor.mutators.MathMutator,pop_union,408,NO_COVERAGE,none
BitUtil.java,com.xceptance.xlt.report.util.lucene.BitUtil,org.pitest.mutationtest.engine.gregor.mutators.MathMutator,pop_union,409,NO_COVERAGE,none
BitUtil.java,com.xceptance.xlt.report.util.lucene.BitUtil,org.pitest.mutationtest.engine.gregor.mutators.MathMutator,pop_union,410,NO_COVERAGE,none
BitUtil.java,com.xceptance.xlt.report.util.lucene.BitUtil,org.pitest.mutationtest.engine.gregor.mutators.MathMutator,pop_union,410,NO_COVERAGE,none
BitUtil.java,com.xceptance.xlt.report.util.lucene.BitUtil,org.pitest.mutationtest.engine.gregor.mutators.MathMutator,pop_union,410,NO_COVERAGE,none
BitUtil.java,com.xceptance.xlt.report.util.lucene.BitUtil,org.pitest.mutationtest.engine.gregor.mutators.MathMutator,pop_union,411,NO_COVERAGE,none
BitUtil.java,com.xceptance.xlt.report.util.lucene.BitUtil,org.pitest.mutationtest.engine.gregor.mutators.MathMutator,pop_union,413,NO_COVERAGE,none
BitUtil.java,com.xceptance.xlt.report.util.lucene.BitUtil,org.pitest.mutationtest.engine.gregor.mutators.MathMutator,pop_union,414,NO_COVERAGE,none
BitUtil.java,com.xceptance.xlt.report.util.lucene.BitUtil,org.pitest.mutationtest.engine.gregor.mutators.MathMutator,pop_union,416,NO_COVERAGE,none
BitUtil.java,com.xceptance.xlt.report.util.lucene.BitUtil,org.pitest.mutationtest.engine.gregor.mutators.MathMutator,pop_union,417,NO_COVERAGE,none
BitUtil.java,com.xceptance.xlt.report.util.lucene.BitUtil,org.pitest.mutationtest.engine.gregor.mutators.MathMutator,pop_union,419,NO_COVERAGE,none
BitUtil.java,com.xceptance.xlt.report.util.lucene.BitUtil,org.pitest.mutationtest.engine.gregor.mutators.MathMutator,pop_union,424,NO_COVERAGE,none
BitUtil.java,com.xceptance.xlt.report.util.lucene.BitUtil,org.pitest.mutationtest.engine.gregor.mutators.MathMutator,pop_union,424,NO_COVERAGE,none
BitUtil.java,com.xceptance.xlt.report.util.lucene.BitUtil,org.pitest.mutationtest.engine.gregor.mutators.MathMutator,pop_union,427,NO_COVERAGE,none
BitUtil.java,com.xceptance.xlt.report.util.lucene.BitUtil,org.pitest.mutationtest.engine.gregor.mutators.MathMutator,pop_union,428,NO_COVERAGE,none
BitUtil.java,com.xceptance.xlt.report.util.lucene.BitUtil,org.pitest.mutationtest.engine.gregor.mutators.MathMutator,pop_union,427,NO_COVERAGE,none
BitUtil.java,com.xceptance.xlt.report.util.lucene.BitUtil,org.pitest.mutationtest.engine.gregor.mutators.MathMutator,pop_union,427,NO_COVERAGE,none
BitUtil.java,com.xceptance.xlt.report.util.lucene.BitUtil,org.pitest.mutationtest.engine.gregor.mutators.MathMutator,pop_union,430,NO_COVERAGE,none
BitUtil.java,com.xceptance.xlt.report.util.lucene.BitUtil,org.pitest.mutationtest.engine.gregor.mutators.MathMutator,pop_union,427,NO_COVERAGE,none
BitUtil.java,com.xceptance.xlt.report.util.lucene.BitUtil,org.pitest.mutationtest.engine.gregor.mutators.MathMutator,pop_union,427,NO_COVERAGE,none
BitUtil.java,com.xceptance.xlt.report.util.lucene.BitUtil,org.pitest.mutationtest.engine.gregor.mutators.RemoveConditionalMutator_ORDER_ELSE,pop_union,321,NO_COVERAGE,none
BitUtil.java,com.xceptance.xlt.report.util.lucene.BitUtil,org.pitest.mutationtest.engine.gregor.mutators.RemoveConditionalMutator_ORDER_ELSE,pop_union,381,NO_COVERAGE,none
BitUtil.java,com.xceptance.xlt.report.util.lucene.BitUtil,org.pitest.mutationtest.engine.gregor.mutators.RemoveConditionalMutator_ORDER_ELSE,pop_union,407,NO_COVERAGE,none
BitUtil.java,com.xceptance.xlt.report.util.lucene.BitUtil,org.pitest.mutationtest.engine.gregor.mutators.RemoveConditionalMutator_ORDER_ELSE,pop_union,423,NO_COVERAGE,none
BitUtil.java,com.xceptance.xlt.report.util.lucene.BitUtil,org.pitest.mutationtest.engine.gregor.mutators.RemoveConditionalMutator_ORDER_IF,pop_union,321,NO_COVERAGE,none
BitUtil.java,com.xceptance.xlt.report.util.lucene.BitUtil,org.pitest.mutationtest.engine.gregor.mutators.RemoveConditionalMutator_ORDER_IF,pop_union,381,NO_COVERAGE,none
BitUtil.java,com.xceptance.xlt.report.util.lucene.BitUtil,org.pitest.mutationtest.engine.gregor.mutators.RemoveConditionalMutator_ORDER_IF,pop_union,407,NO_COVERAGE,none
BitUtil.java,com.xceptance.xlt.report.util.lucene.BitUtil,org.pitest.mutationtest.engine.gregor.mutators.RemoveConditionalMutator_ORDER_IF,pop_union,423,NO_COVERAGE,none
BitUtil.java,com.xceptance.xlt.report.util.lucene.BitUtil,org.pitest.mutationtest.engine.gregor.mutators.returns.PrimitiveReturnsMutator,pop_union,432,NO_COVERAGE,none
BitUtil.java,com.xceptance.xlt.report.util.lucene.BitUtil,org.pitest.mutationtest.engine.gregor.mutators.ConditionalsBoundaryMutator,pop_xor,565,NO_COVERAGE,none
BitUtil.java,com.xceptance.xlt.report.util.lucene.BitUtil,org.pitest.mutationtest.engine.gregor.mutators.ConditionalsBoundaryMutator,pop_xor,625,NO_COVERAGE,none
BitUtil.java,com.xceptance.xlt.report.util.lucene.BitUtil,org.pitest.mutationtest.engine.gregor.mutators.ConditionalsBoundaryMutator,pop_xor,651,NO_COVERAGE,none
BitUtil.java,com.xceptance.xlt.report.util.lucene.BitUtil,org.pitest.mutationtest.engine.gregor.mutators.ConditionalsBoundaryMutator,pop_xor,667,NO_COVERAGE,none
BitUtil.java,com.xceptance.xlt.report.util.lucene.BitUtil,org.pitest.mutationtest.engine.gregor.mutators.IncrementsMutator,pop_xor,565,NO_COVERAGE,none
BitUtil.java,com.xceptance.xlt.report.util.lucene.BitUtil,org.pitest.mutationtest.engine.gregor.mutators.IncrementsMutator,pop_xor,648,NO_COVERAGE,none
BitUtil.java,com.xceptance.xlt.report.util.lucene.BitUtil,org.pitest.mutationtest.engine.gregor.mutators.IncrementsMutator,pop_xor,664,NO_COVERAGE,none
BitUtil.java,com.xceptance.xlt.report.util.lucene.BitUtil,org.pitest.mutationtest.engine.gregor.mutators.MathMutator,pop_xor,560,NO_COVERAGE,none
BitUtil.java,com.xceptance.xlt.report.util.lucene.BitUtil,org.pitest.mutationtest.engine.gregor.mutators.MathMutator,pop_xor,576,NO_COVERAGE,none
BitUtil.java,com.xceptance.xlt.report.util.lucene.BitUtil,org.pitest.mutationtest.engine.gregor.mutators.MathMutator,pop_xor,576,NO_COVERAGE,none
BitUtil.java,com.xceptance.xlt.report.util.lucene.BitUtil,org.pitest.mutationtest.engine.gregor.mutators.MathMutator,pop_xor,576,NO_COVERAGE,none
BitUtil.java,com.xceptance.xlt.report.util.lucene.BitUtil,org.pitest.mutationtest.engine.gregor.mutators.MathMutator,pop_xor,576,NO_COVERAGE,none
BitUtil.java,com.xceptance.xlt.report.util.lucene.BitUtil,org.pitest.mutationtest.engine.gregor.mutators.MathMutator,pop_xor,577,NO_COVERAGE,none
BitUtil.java,com.xceptance.xlt.report.util.lucene.BitUtil,org.pitest.mutationtest.engine.gregor.mutators.MathMutator,pop_xor,578,NO_COVERAGE,none
BitUtil.java,com.xceptance.xlt.report.util.lucene.BitUtil,org.pitest.mutationtest.engine.gregor.mutators.MathMutator,pop_xor,578,NO_COVERAGE,none
BitUtil.java,com.xceptance.xlt.report.util.lucene.BitUtil,org.pitest.mutationtest.engine.gregor.mutators.MathMutator,pop_xor,578,NO_COVERAGE,none
BitUtil.java,com.xceptance.xlt.report.util.lucene.BitUtil,org.pitest.mutationtest.engine.gregor.mutators.MathMutator,pop_xor,579,NO_COVERAGE,none
BitUtil.java,com.xceptance.xlt.report.util.lucene.BitUtil,org.pitest.mutationtest.engine.gregor.mutators.MathMutator,pop_xor,583,NO_COVERAGE,none
BitUtil.java,com.xceptance.xlt.report.util.lucene.BitUtil,org.pitest.mutationtest.engine.gregor.mutators.MathMutator,pop_xor,583,NO_COVERAGE,none
BitUtil.java,com.xceptance.xlt.report.util.lucene.BitUtil,org.pitest.mutationtest.engine.gregor.mutators.MathMutator,pop_xor,583,NO_COVERAGE,none
BitUtil.java,com.xceptance.xlt.report.util.lucene.BitUtil,org.pitest.mutationtest.engine.gregor.mutators.MathMutator,pop_xor,583,NO_COVERAGE,none
BitUtil.java,com.xceptance.xlt.report.util.lucene.BitUtil,org.pitest.mutationtest.engine.gregor.mutators.MathMutator,pop_xor,583,NO_COVERAGE,none
BitUtil.java,com.xceptance.xlt.report.util.lucene.BitUtil,org.pitest.mutationtest.engine.gregor.mutators.MathMutator,pop_xor,583,NO_COVERAGE,none
BitUtil.java,com.xceptance.xlt.report.util.lucene.BitUtil,org.pitest.mutationtest.engine.gregor.mutators.MathMutator,pop_xor,584,NO_COVERAGE,none
BitUtil.java,com.xceptance.xlt.report.util.lucene.BitUtil,org.pitest.mutationtest.engine.gregor.mutators.MathMutator,pop_xor,585,NO_COVERAGE,none
BitUtil.java,com.xceptance.xlt.report.util.lucene.BitUtil,org.pitest.mutationtest.engine.gregor.mutators.MathMutator,pop_xor,585,NO_COVERAGE,none
BitUtil.java,com.xceptance.xlt.report.util.lucene.BitUtil,org.pitest.mutationtest.engine.gregor.mutators.MathMutator,pop_xor,585,NO_COVERAGE,none
BitUtil.java,com.xceptance.xlt.report.util.lucene.BitUtil,org.pitest.mutationtest.engine.gregor.mutators.MathMutator,pop_xor,586,NO_COVERAGE,none
BitUtil.java,com.xceptance.xlt.report.util.lucene.BitUtil,org.pitest.mutationtest.engine.gregor.mutators.MathMutator,pop_xor,590,NO_COVERAGE,none
BitUtil.java,com.xceptance.xlt.report.util.lucene.BitUtil,org.pitest.mutationtest.engine.gregor.mutators.MathMutator,pop_xor,591,NO_COVERAGE,none
BitUtil.java,com.xceptance.xlt.report.util.lucene.BitUtil,org.pitest.mutationtest.engine.gregor.mutators.MathMutator,pop_xor,591,NO_COVERAGE,none
BitUtil.java,com.xceptance.xlt.report.util.lucene.BitUtil,org.pitest.mutationtest.engine.gregor.mutators.MathMutator,pop_xor,591,NO_COVERAGE,none
BitUtil.java,com.xceptance.xlt.report.util.lucene.BitUtil,org.pitest.mutationtest.engine.gregor.mutators.MathMutator,pop_xor,592,NO_COVERAGE,none
BitUtil.java,com.xceptance.xlt.report.util.lucene.BitUtil,org.pitest.mutationtest.engine.gregor.mutators.MathMutator,pop_xor,596,NO_COVERAGE,none
BitUtil.java,com.xceptance.xlt.report.util.lucene.BitUtil,org.pitest.mutationtest.engine.gregor.mutators.MathMutator,pop_xor,596,NO_COVERAGE,none
BitUtil.java,com.xceptance.xlt.report.util.lucene.BitUtil,org.pitest.mutationtest.engine.gregor.mutators.MathMutator,pop_xor,596,NO_COVERAGE,none
BitUtil.java,com.xceptance.xlt.report.util.lucene.BitUtil,org.pitest.mutationtest.engine.gregor.mutators.MathMutator,pop_xor,596,NO_COVERAGE,none
BitUtil.java,com.xceptance.xlt.report.util.lucene.BitUtil,org.pitest.mutationtest.engine.gregor.mutators.MathMutator,pop_xor,596,NO_COVERAGE,none
BitUtil.java,com.xceptance.xlt.report.util.lucene.BitUtil,org.pitest.mutationtest.engine.gregor.mutators.MathMutator,pop_xor,596,NO_COVERAGE,none
BitUtil.java,com.xceptance.xlt.report.util.lucene.BitUtil,org.pitest.mutationtest.engine.gregor.mutators.MathMutator,pop_xor,597,NO_COVERAGE,none
BitUtil.java,com.xceptance.xlt.report.util.lucene.BitUtil,org.pitest.mutationtest.engine.gregor.mutators.MathMutator,pop_xor,598,NO_COVERAGE,none
BitUtil.java,com.xceptance.xlt.report.util.lucene.BitUtil,org.pitest.mutationtest.engine.gregor.mutators.MathMutator,pop_xor,598,NO_COVERAGE,none
BitUtil.java,com.xceptance.xlt.report.util.lucene.BitUtil,org.pitest.mutationtest.engine.gregor.mutators.MathMutator,pop_xor,598,NO_COVERAGE,none
BitUtil.java,com.xceptance.xlt.report.util.lucene.BitUtil,org.pitest.mutationtest.engine.gregor.mutators.MathMutator,pop_xor,599,NO_COVERAGE,none
BitUtil.java,com.xceptance.xlt.report.util.lucene.BitUtil,org.pitest.mutationtest.engine.gregor.mutators.MathMutator,pop_xor,603,NO_COVERAGE,none
BitUtil.java,com.xceptance.xlt.report.util.lucene.BitUtil,org.pitest.mutationtest.engine.gregor.mutators.MathMutator,pop_xor,603,NO_COVERAGE,none
BitUtil.java,com.xceptance.xlt.report.util.lucene.BitUtil,org.pitest.mutationtest.engine.gregor.mutators.MathMutator,pop_xor,603,NO_COVERAGE,none
BitUtil.java,com.xceptance.xlt.report.util.lucene.BitUtil,org.pitest.mutationtest.engine.gregor.mutators.MathMutator,pop_xor,603,NO_COVERAGE,none
BitUtil.java,com.xceptance.xlt.report.util.lucene.BitUtil,org.pitest.mutationtest.engine.gregor.mutators.MathMutator,pop_xor,603,NO_COVERAGE,none
BitUtil.java,com.xceptance.xlt.report.util.lucene.BitUtil,org.pitest.mutationtest.engine.gregor.mutators.MathMutator,pop_xor,603,NO_COVERAGE,none
BitUtil.java,com.xceptance.xlt.report.util.lucene.BitUtil,org.pitest.mutationtest.engine.gregor.mutators.MathMutator,pop_xor,604,NO_COVERAGE,none
BitUtil.java,com.xceptance.xlt.report.util.lucene.BitUtil,org.pitest.mutationtest.engine.gregor.mutators.MathMutator,pop_xor,605,NO_COVERAGE,none
BitUtil.java,com.xceptance.xlt.report.util.lucene.BitUtil,org.pitest.mutationtest.engine.gregor.mutators.MathMutator,pop_xor,605,NO_COVERAGE,none
BitUtil.java,com.xceptance.xlt.report.util.lucene.BitUtil,org.pitest.mutationtest.engine.gregor.mutators.MathMutator,pop_xor,605,NO_COVERAGE,none
BitUtil.java,com.xceptance.xlt.report.util.lucene.BitUtil,org.pitest.mutationtest.engine.gregor.mutators.MathMutator,pop_xor,606,NO_COVERAGE,none
BitUtil.java,com.xceptance.xlt.report.util.lucene.BitUtil,org.pitest.mutationtest.engine.gregor.mutators.MathMutator,pop_xor,610,NO_COVERAGE,none
BitUtil.java,com.xceptance.xlt.report.util.lucene.BitUtil,org.pitest.mutationtest.engine.gregor.mutators.MathMutator,pop_xor,611,NO_COVERAGE,none
BitUtil.java,com.xceptance.xlt.report.util.lucene.BitUtil,org.pitest.mutationtest.engine.gregor.mutators.MathMutator,pop_xor,611,NO_COVERAGE,none
BitUtil.java,com.xceptance.xlt.report.util.lucene.BitUtil,org.pitest.mutationtest.engine.gregor.mutators.MathMutator,pop_xor,611,NO_COVERAGE,none
BitUtil.java,com.xceptance.xlt.report.util.lucene.BitUtil,org.pitest.mutationtest.engine.gregor.mutators.MathMutator,pop_xor,612,NO_COVERAGE,none
BitUtil.java,com.xceptance.xlt.report.util.lucene.BitUtil,org.pitest.mutationtest.engine.gregor.mutators.MathMutator,pop_xor,617,NO_COVERAGE,none
BitUtil.java,com.xceptance.xlt.report.util.lucene.BitUtil,org.pitest.mutationtest.engine.gregor.mutators.MathMutator,pop_xor,618,NO_COVERAGE,none
BitUtil.java,com.xceptance.xlt.report.util.lucene.BitUtil,org.pitest.mutationtest.engine.gregor.mutators.MathMutator,pop_xor,618,NO_COVERAGE,none
BitUtil.java,com.xceptance.xlt.report.util.lucene.BitUtil,org.pitest.mutationtest.engine.gregor.mutators.MathMutator,pop_xor,618,NO_COVERAGE,none
BitUtil.java,com.xceptance.xlt.report.util.lucene.BitUtil,org.pitest.mutationtest.engine.gregor.mutators.MathMutator,pop_xor,619,NO_COVERAGE,none
BitUtil.java,com.xceptance.xlt.report.util.lucene.BitUtil,org.pitest.mutationtest.engine.gregor.mutators.MathMutator,pop_xor,621,NO_COVERAGE,none
BitUtil.java,com.xceptance.xlt.report.util.lucene.BitUtil,org.pitest.mutationtest.engine.gregor.mutators.MathMutator,pop_xor,565,NO_COVERAGE,none
BitUtil.java,com.xceptance.xlt.report.util.lucene.BitUtil,org.pitest.mutationtest.engine.gregor.mutators.MathMutator,pop_xor,625,NO_COVERAGE,none
BitUtil.java,com.xceptance.xlt.report.util.lucene.BitUtil,org.pitest.mutationtest.engine.gregor.mutators.MathMutator,pop_xor,628,NO_COVERAGE,none
BitUtil.java,com.xceptance.xlt.report.util.lucene.BitUtil,org.pitest.mutationtest.engine.gregor.mutators.MathMutator,pop_xor,628,NO_COVERAGE,none
BitUtil.java,com.xceptance.xlt.report.util.lucene.BitUtil,org.pitest.mutationtest.engine.gregor.mutators.MathMutator,pop_xor,628,NO_COVERAGE,none
BitUtil.java,com.xceptance.xlt.report.util.lucene.BitUtil,org.pitest.mutationtest.engine.gregor.mutators.MathMutator,pop_xor,628,NO_COVERAGE,none
BitUtil.java,com.xceptance.xlt.report.util.lucene.BitUtil,org.pitest.mutationtest.engine.gregor.mutators.MathMutator,pop_xor,629,NO_COVERAGE,none
BitUtil.java,com.xceptance.xlt.report.util.lucene.BitUtil,org.pitest.mutationtest.engine.gregor.mutators.MathMutator,pop_xor,630,NO_COVERAGE,none
BitUtil.java,com.xceptance.xlt.report.util.lucene.BitUtil,org.pitest.mutationtest.engine.gregor.mutators.MathMutator,pop_xor,630,NO_COVERAGE,none
BitUtil.java,com.xceptance.xlt.report.util.lucene.BitUtil,org.pitest.mutationtest.engine.gregor.mutators.MathMutator,pop_xor,630,NO_COVERAGE,none
BitUtil.java,com.xceptance.xlt.report.util.lucene.BitUtil,org.pitest.mutationtest.engine.gregor.mutators.MathMutator,pop_xor,631,NO_COVERAGE,none
BitUtil.java,com.xceptance.xlt.report.util.lucene.BitUtil,org.pitest.mutationtest.engine.gregor.mutators.MathMutator,pop_xor,634,NO_COVERAGE,none
BitUtil.java,com.xceptance.xlt.report.util.lucene.BitUtil,org.pitest.mutationtest.engine.gregor.mutators.MathMutator,pop_xor,634,NO_COVERAGE,none
BitUtil.java,com.xceptance.xlt.report.util.lucene.BitUtil,org.pitest.mutationtest.engine.gregor.mutators.MathMutator,pop_xor,634,NO_COVERAGE,none
BitUtil.java,com.xceptance.xlt.report.util.lucene.BitUtil,org.pitest.mutationtest.engine.gregor.mutators.MathMutator,pop_xor,634,NO_COVERAGE,none
BitUtil.java,com.xceptance.xlt.report.util.lucene.BitUtil,org.pitest.mutationtest.engine.gregor.mutators.MathMutator,pop_xor,634,NO_COVERAGE,none
BitUtil.java,com.xceptance.xlt.report.util.lucene.BitUtil,org.pitest.mutationtest.engine.gregor.mutators.MathMutator,pop_xor,634,NO_COVERAGE,none
BitUtil.java,com.xceptance.xlt.report.util.lucene.BitUtil,org.pitest.mutationtest.engine.gregor.mutators.MathMutator,pop_xor,635,NO_COVERAGE,none
BitUtil.java,com.xceptance.xlt.report.util.lucene.BitUtil,org.pitest.mutationtest.engine.gregor.mutators.MathMutator,pop_xor,636,NO_COVERAGE,none
BitUtil.java,com.xceptance.xlt.report.util.lucene.BitUtil,org.pitest.mutationtest.engine.gregor.mutators.MathMutator,pop_xor,636,NO_COVERAGE,none
BitUtil.java,com.xceptance.xlt.report.util.lucene.BitUtil,org.pitest.mutationtest.engine.gregor.mutators.MathMutator,pop_xor,636,NO_COVERAGE,none
BitUtil.java,com.xceptance.xlt.report.util.lucene.BitUtil,org.pitest.mutationtest.engine.gregor.mutators.MathMutator,pop_xor,637,NO_COVERAGE,none
BitUtil.java,com.xceptance.xlt.report.util.lucene.BitUtil,org.pitest.mutationtest.engine.gregor.mutators.MathMutator,pop_xor,640,NO_COVERAGE,none
BitUtil.java,com.xceptance.xlt.report.util.lucene.BitUtil,org.pitest.mutationtest.engine.gregor.mutators.MathMutator,pop_xor,641,NO_COVERAGE,none
BitUtil.java,com.xceptance.xlt.report.util.lucene.BitUtil,org.pitest.mutationtest.engine.gregor.mutators.MathMutator,pop_xor,641,NO_COVERAGE,none
BitUtil.java,com.xceptance.xlt.report.util.lucene.BitUtil,org.pitest.mutationtest.engine.gregor.mutators.MathMutator,pop_xor,641,NO_COVERAGE,none
BitUtil.java,com.xceptance.xlt.report.util.lucene.BitUtil,org.pitest.mutationtest.engine.gregor.mutators.MathMutator,pop_xor,642,NO_COVERAGE,none
BitUtil.java,com.xceptance.xlt.report.util.lucene.BitUtil,org.pitest.mutationtest.engine.gregor.mutators.MathMutator,pop_xor,644,NO_COVERAGE,none
BitUtil.java,com.xceptance.xlt.report.util.lucene.BitUtil,org.pitest.mutationtest.engine.gregor.mutators.MathMutator,pop_xor,645,NO_COVERAGE,none
BitUtil.java,com.xceptance.xlt.report.util.lucene.BitUtil,org.pitest.mutationtest.engine.gregor.mutators.MathMutator,pop_xor,647,NO_COVERAGE,none
BitUtil.java,com.xceptance.xlt.report.util.lucene.BitUtil,org.pitest.mutationtest.engine.gregor.mutators.MathMutator,pop_xor,651,NO_COVERAGE,none
BitUtil.java,com.xceptance.xlt.report.util.lucene.BitUtil,org.pitest.mutationtest.engine.gregor.mutators.MathMutator,pop_xor,652,NO_COVERAGE,none
BitUtil.java,com.xceptance.xlt.report.util.lucene.BitUtil,org.pitest.mutationtest.engine.gregor.mutators.MathMutator,pop_xor,652,NO_COVERAGE,none
BitUtil.java,com.xceptance.xlt.report.util.lucene.BitUtil,org.pitest.mutationtest.engine.gregor.mutators.MathMutator,pop_xor,652,NO_COVERAGE,none
BitUtil.java,com.xceptance.xlt.report.util.lucene.BitUtil,org.pitest.mutationtest.engine.gregor.mutators.MathMutator,pop_xor,652,NO_COVERAGE,none
BitUtil.java,com.xceptance.xlt.report.util.lucene.BitUtil,org.pitest.mutationtest.engine.gregor.mutators.MathMutator,pop_xor,653,NO_COVERAGE,none
BitUtil.java,com.xceptance.xlt.report.util.lucene.BitUtil,org.pitest.mutationtest.engine.gregor.mutators.MathMutator,pop_xor,654,NO_COVERAGE,none
BitUtil.java,com.xceptance.xlt.report.util.lucene.BitUtil,org.pitest.mutationtest.engine.gregor.mutators.MathMutator,pop_xor,654,NO_COVERAGE,none
BitUtil.java,com.xceptance.xlt.report.util.lucene.BitUtil,org.pitest.mutationtest.engine.gregor.mutators.MathMutator,pop_xor,654,NO_COVERAGE,none
BitUtil.java,com.xceptance.xlt.report.util.lucene.BitUtil,org.pitest.mutationtest.engine.gregor.mutators.MathMutator,pop_xor,655,NO_COVERAGE,none
BitUtil.java,com.xceptance.xlt.report.util.lucene.BitUtil,org.pitest.mutationtest.engine.gregor.mutators.MathMutator,pop_xor,657,NO_COVERAGE,none
BitUtil.java,com.xceptance.xlt.report.util.lucene.BitUtil,org.pitest.mutationtest.engine.gregor.mutators.MathMutator,pop_xor,658,NO_COVERAGE,none
BitUtil.java,com.xceptance.xlt.report.util.lucene.BitUtil,org.pitest.mutationtest.engine.gregor.mutators.MathMutator,pop_xor,660,NO_COVERAGE,none
BitUtil.java,com.xceptance.xlt.report.util.lucene.BitUtil,org.pitest.mutationtest.engine.gregor.mutators.MathMutator,pop_xor,661,NO_COVERAGE,none
BitUtil.java,com.xceptance.xlt.report.util.lucene.BitUtil,org.pitest.mutationtest.engine.gregor.mutators.MathMutator,pop_xor,663,NO_COVERAGE,none
BitUtil.java,com.xceptance.xlt.report.util.lucene.BitUtil,org.pitest.mutationtest.engine.gregor.mutators.MathMutator,pop_xor,668,NO_COVERAGE,none
BitUtil.java,com.xceptance.xlt.report.util.lucene.BitUtil,org.pitest.mutationtest.engine.gregor.mutators.MathMutator,pop_xor,668,NO_COVERAGE,none
BitUtil.java,com.xceptance.xlt.report.util.lucene.BitUtil,org.pitest.mutationtest.engine.gregor.mutators.MathMutator,pop_xor,671,NO_COVERAGE,none
BitUtil.java,com.xceptance.xlt.report.util.lucene.BitUtil,org.pitest.mutationtest.engine.gregor.mutators.MathMutator,pop_xor,672,NO_COVERAGE,none
BitUtil.java,com.xceptance.xlt.report.util.lucene.BitUtil,org.pitest.mutationtest.engine.gregor.mutators.MathMutator,pop_xor,671,NO_COVERAGE,none
BitUtil.java,com.xceptance.xlt.report.util.lucene.BitUtil,org.pitest.mutationtest.engine.gregor.mutators.MathMutator,pop_xor,671,NO_COVERAGE,none
BitUtil.java,com.xceptance.xlt.report.util.lucene.BitUtil,org.pitest.mutationtest.engine.gregor.mutators.MathMutator,pop_xor,674,NO_COVERAGE,none
BitUtil.java,com.xceptance.xlt.report.util.lucene.BitUtil,org.pitest.mutationtest.engine.gregor.mutators.MathMutator,pop_xor,671,NO_COVERAGE,none
BitUtil.java,com.xceptance.xlt.report.util.lucene.BitUtil,org.pitest.mutationtest.engine.gregor.mutators.MathMutator,pop_xor,671,NO_COVERAGE,none
BitUtil.java,com.xceptance.xlt.report.util.lucene.BitUtil,org.pitest.mutationtest.engine.gregor.mutators.RemoveConditionalMutator_ORDER_ELSE,pop_xor,565,NO_COVERAGE,none
BitUtil.java,com.xceptance.xlt.report.util.lucene.BitUtil,org.pitest.mutationtest.engine.gregor.mutators.RemoveConditionalMutator_ORDER_ELSE,pop_xor,625,NO_COVERAGE,none
BitUtil.java,com.xceptance.xlt.report.util.lucene.BitUtil,org.pitest.mutationtest.engine.gregor.mutators.RemoveConditionalMutator_ORDER_ELSE,pop_xor,651,NO_COVERAGE,none
BitUtil.java,com.xceptance.xlt.report.util.lucene.BitUtil,org.pitest.mutationtest.engine.gregor.mutators.RemoveConditionalMutator_ORDER_ELSE,pop_xor,667,NO_COVERAGE,none
BitUtil.java,com.xceptance.xlt.report.util.lucene.BitUtil,org.pitest.mutationtest.engine.gregor.mutators.RemoveConditionalMutator_ORDER_IF,pop_xor,565,NO_COVERAGE,none
BitUtil.java,com.xceptance.xlt.report.util.lucene.BitUtil,org.pitest.mutationtest.engine.gregor.mutators.RemoveConditionalMutator_ORDER_IF,pop_xor,625,NO_COVERAGE,none
BitUtil.java,com.xceptance.xlt.report.util.lucene.BitUtil,org.pitest.mutationtest.engine.gregor.mutators.RemoveConditionalMutator_ORDER_IF,pop_xor,651,NO_COVERAGE,none
BitUtil.java,com.xceptance.xlt.report.util.lucene.BitUtil,org.pitest.mutationtest.engine.gregor.mutators.RemoveConditionalMutator_ORDER_IF,pop_xor,667,NO_COVERAGE,none
BitUtil.java,com.xceptance.xlt.report.util.lucene.BitUtil,org.pitest.mutationtest.engine.gregor.mutators.returns.PrimitiveReturnsMutator,pop_xor,676,NO_COVERAGE,none
LRUClockMap.java,org.jugsaxony.demo2.LRUClockMap,org.pitest.mutationtest.engine.gregor.mutators.ConditionalsBoundaryMutator,<init>,107,KILLED,org.jugsaxony.demo2.LRUClockMapTest.[engine:junit-jupiter]/[class:org.jugsaxony.demo2.LRUClockMapTest]/[nested-class:ConstructorValidation]/[method:capacityIsPowerOfTwoAtHalfLoad()]
LRUClockMap.java,org.jugsaxony.demo2.LRUClockMap,org.pitest.mutationtest.engine.gregor.mutators.MathMutator,<init>,114,KILLED,org.jugsaxony.demo2.LRUClockMapTest.[engine:junit-jupiter]/[class:org.jugsaxony.demo2.LRUClockMapTest]/[nested-class:BasicOperations]/[method:keysContent()]
LRUClockMap.java,org.jugsaxony.demo2.LRUClockMap,org.pitest.mutationtest.engine.gregor.mutators.RemoveConditionalMutator_ORDER_ELSE,<init>,107,KILLED,org.jugsaxony.demo2.LRUClockMapTest.[engine:junit-jupiter]/[class:org.jugsaxony.demo2.LRUClockMapTest]/[nested-class:ConstructorValidation]/[method:belowMinimumThrows()]
LRUClockMap.java,org.jugsaxony.demo2.LRUClockMap,org.pitest.mutationtest.engine.gregor.mutators.RemoveConditionalMutator_ORDER_IF,<init>,107,KILLED,org.jugsaxony.demo2.LRUClockMapTest.[engine:junit-jupiter]/[class:org.jugsaxony.demo2.LRUClockMapTest]/[nested-class:ConstructorValidation]/[method:capacityIsPowerOfTwoAtHalfLoad()]
LRUClockMap.java,org.jugsaxony.demo2.LRUClockMap,org.pitest.mutationtest.engine.gregor.mutators.ConditionalsBoundaryMutator,arraySize,564,SURVIVED,none
LRUClockMap.java,org.jugsaxony.demo2.LRUClockMap,org.pitest.mutationtest.engine.gregor.mutators.MathMutator,arraySize,563,KILLED,org.jugsaxony.demo2.LRUClockMapTest.[engine:junit-jupiter]/[class:org.jugsaxony.demo2.LRUClockMapTest]/[nested-class:ConstructorValidation]/[method:capacityIsPowerOfTwoAtHalfLoad()]
LRUClockMap.java,org.jugsaxony.demo2.LRUClockMap,org.pitest.mutationtest.engine.gregor.mutators.RemoveConditionalMutator_ORDER_ELSE,arraySize,564,SURVIVED,none
LRUClockMap.java,org.jugsaxony.demo2.LRUClockMap,org.pitest.mutationtest.engine.gregor.mutators.RemoveConditionalMutator_ORDER_IF,arraySize,564,KILLED,org.jugsaxony.demo2.LRUClockMapTest.[engine:junit-jupiter]/[class:org.jugsaxony.demo2.LRUClockMapTest]/[nested-class:ConstructorValidation]/[method:capacityIsPowerOfTwoAtHalfLoad()]
LRUClockMap.java,org.jugsaxony.demo2.LRUClockMap,org.pitest.mutationtest.engine.gregor.mutators.returns.PrimitiveReturnsMutator,arraySize,568,KILLED,org.jugsaxony.demo2.LRUClockMapTest.[engine:junit-jupiter]/[class:org.jugsaxony.demo2.LRUClockMapTest]/[nested-class:ConstructorValidation]/[method:capacityIsPowerOfTwoAtHalfLoad()]
LRUClockMap.java,org.jugsaxony.demo2.LRUClockMap,org.pitest.mutationtest.engine.gregor.mutators.VoidMethodCallMutator,clear,526,KILLED,org.jugsaxony.demo2.LRUClockMapTest.[engine:junit-jupiter]/[class:org.jugsaxony.demo2.LRUClockMapTest]/[nested-class:ClearOperation]/[method:reusableAfterClear()]
LRUClockMap.java,org.jugsaxony.demo2.LRUClockMap,org.pitest.mutationtest.engine.gregor.mutators.MathMutator,evict,402,SURVIVED,none
LRUClockMap.java,org.jugsaxony.demo2.LRUClockMap,org.pitest.mutationtest.engine.gregor.mutators.MathMutator,evict,402,KILLED,org.jugsaxony.demo2.LRUClockMapTest.[engine:junit-jupiter]/[class:org.jugsaxony.demo2.LRUClockMapTest]/[nested-class:Eviction]/[method:evictsExactlyOne()]
LRUClockMap.java,org.jugsaxony.demo2.LRUClockMap,org.pitest.mutationtest.engine.gregor.mutators.RemoveConditionalMutator_EQUAL_ELSE,evict,387,TIMED_OUT,none
LRUClockMap.java,org.jugsaxony.demo2.LRUClockMap,org.pitest.mutationtest.engine.gregor.mutators.RemoveConditionalMutator_EQUAL_ELSE,evict,389,TIMED_OUT,none
LRUClockMap.java,org.jugsaxony.demo2.LRUClockMap,org.pitest.mutationtest.engine.gregor.mutators.RemoveConditionalMutator_EQUAL_IF,evict,387,KILLED,org.jugsaxony.demo2.LRUClockMapTest.[engine:junit-jupiter]/[class:org.jugsaxony.demo2.LRUClockMapTest]/[nested-class:Eviction]/[method:evictsExactlyOne()]
LRUClockMap.java,org.jugsaxony.demo2.LRUClockMap,org.pitest.mutationtest.engine.gregor.mutators.RemoveConditionalMutator_EQUAL_IF,evict,389,KILLED,org.jugsaxony.demo2.LRUClockMapTest.[engine:junit-jupiter]/[class:org.jugsaxony.demo2.LRUClockMapTest]/[nested-class:SecondChanceFlags]/[method:overwriteRefreshesFlag()]
LRUClockMap.java,org.jugsaxony.demo2.LRUClockMap,org.pitest.mutationtest.engine.gregor.mutators.VoidMethodCallMutator,evict,392,KILLED,org.jugsaxony.demo2.LRUClockMapTest.[engine:junit-jupiter]/[class:org.jugsaxony.demo2.LRUClockMapTest]/[nested-class:Eviction]/[method:evictsExactlyOne()]
LRUClockMap.java,org.jugsaxony.demo2.LRUClockMap,org.pitest.mutationtest.engine.gregor.mutators.MathMutator,expensiveGet,211,KILLED,org.jugsaxony.demo2.LRUClockMapTest.[engine:junit-jupiter]/[class:org.jugsaxony.demo2.LRUClockMapTest]/[nested-class:CollisionHandling]/[method:wrapAroundProbing()]
LRUClockMap.java,org.jugsaxony.demo2.LRUClockMap,org.pitest.mutationtest.engine.gregor.mutators.MathMutator,expensiveGet,211,KILLED,org.jugsaxony.demo2.LRUClockMapTest.[engine:junit-jupiter]/[class:org.jugsaxony.demo2.LRUClockMapTest]/[nested-class:CollisionHandling]/[method:wrapAroundProbing()]
LRUClockMap.java,org.jugsaxony.demo2.LRUClockMap,org.pitest.mutationtest.engine.gregor.mutators.RemoveConditionalMutator_EQUAL_ELSE,expensiveGet,214,KILLED,org.jugsaxony.demo2.LRUClockMapTest.[engine:junit-jupiter]/[class:org.jugsaxony.demo2.LRUClockMapTest]/[nested-class:RemoveOperations]/[method:removeKeepsProbeChainIntact()]
LRUClockMap.java,org.jugsaxony.demo2.LRUClockMap,org.pitest.mutationtest.engine.gregor.mutators.RemoveConditionalMutator_EQUAL_ELSE,expensiveGet,219,KILLED,org.jugsaxony.demo2.LRUClockMapTest.[engine:junit-jupiter]/[class:org.jugsaxony.demo2.LRUClockMapTest]/[nested-class:CollisionHandling]/[method:wrapAroundProbing()]
LRUClockMap.java,org.jugsaxony.demo2.LRUClockMap,org.pitest.mutationtest.engine.gregor.mutators.RemoveConditionalMutator_EQUAL_ELSE,expensiveGet,221,SURVIVED,none
LRUClockMap.java,org.jugsaxony.demo2.LRUClockMap,org.pitest.mutationtest.engine.gregor.mutators.RemoveConditionalMutator_EQUAL_IF,expensiveGet,214,KILLED,org.jugsaxony.demo2.LRUClockMapTest.[engine:junit-jupiter]/[class:org.jugsaxony.demo2.LRUClockMapTest]/[nested-class:CollisionHandling]/[method:wrapAroundProbing()]
LRUClockMap.java,org.jugsaxony.demo2.LRUClockMap,org.pitest.mutationtest.engine.gregor.mutators.RemoveConditionalMutator_EQUAL_IF,expensiveGet,219,KILLED,org.jugsaxony.demo2.LRUClockMapTest.[engine:junit-jupiter]/[class:org.jugsaxony.demo2.LRUClockMapTest]/[nested-class:CollisionHandling]/[method:collisionCluster()]
LRUClockMap.java,org.jugsaxony.demo2.LRUClockMap,org.pitest.mutationtest.engine.gregor.mutators.RemoveConditionalMutator_EQUAL_IF,expensiveGet,221,SURVIVED,none
LRUClockMap.java,org.jugsaxony.demo2.LRUClockMap,org.pitest.mutationtest.engine.gregor.mutators.returns.NullReturnValsMutator,expensiveGet,228,KILLED,org.jugsaxony.demo2.LRUClockMapTest.[engine:junit-jupiter]/[class:org.jugsaxony.demo2.LRUClockMapTest]/[nested-class:CollisionHandling]/[method:wrapAroundProbing()]
LRUClockMap.java,org.jugsaxony.demo2.LRUClockMap,org.pitest.mutationtest.engine.gregor.mutators.MathMutator,freePositionAndAdjustArray,416,KILLED,org.jugsaxony.demo2.LRUClockMapTest.[engine:junit-jupiter]/[class:org.jugsaxony.demo2.LRUClockMapTest]/[nested-class:RemoveOperations]/[method:removeTwice()]
LRUClockMap.java,org.jugsaxony.demo2.LRUClockMap,org.pitest.mutationtest.engine.gregor.mutators.MathMutator,freePositionAndAdjustArray,422,KILLED,org.jugsaxony.demo2.LRUClockMapTest.[engine:junit-jupiter]/[class:org.jugsaxony.demo2.LRUClockMapTest]/[nested-class:RemoveOperations]/[method:removeKeepsProbeChainIntact()]
LRUClockMap.java,org.jugsaxony.demo2.LRUClockMap,org.pitest.mutationtest.engine.gregor.mutators.MathMutator,freePositionAndAdjustArray,422,KILLED,org.jugsaxony.demo2.LRUClockMapTest.[engine:junit-jupiter]/[class:org.jugsaxony.demo2.LRUClockMapTest]/[nested-class:RemoveOperations]/[method:removeKeepsProbeChainIntact()]
LRUClockMap.java,org.jugsaxony.demo2.LRUClockMap,org.pitest.mutationtest.engine.gregor.mutators.RemoveConditionalMutator_EQUAL_ELSE,freePositionAndAdjustArray,425,KILLED,org.jugsaxony.demo2.LRUClockMapTest.[engine:junit-jupiter]/[class:org.jugsaxony.demo2.LRUClockMapTest]/[nested-class:RemoveOperations]/[method:removeTwice()]
LRUClockMap.java,org.jugsaxony.demo2.LRUClockMap,org.pitest.mutationtest.engine.gregor.mutators.RemoveConditionalMutator_EQUAL_IF,freePositionAndAdjustArray,425,KILLED,org.jugsaxony.demo2.LRUClockMapTest.[engine:junit-jupiter]/[class:org.jugsaxony.demo2.LRUClockMapTest]/[nested-class:RemoveOperations]/[method:removeKeepsProbeChainIntact()]
LRUClockMap.java,org.jugsaxony.demo2.LRUClockMap,org.pitest.mutationtest.engine.gregor.mutators.VoidMethodCallMutator,freePositionAndAdjustArray,431,KILLED,org.jugsaxony.demo2.LRUClockMapTest.[engine:junit-jupiter]/[class:org.jugsaxony.demo2.LRUClockMapTest]/[nested-class:RemoveOperations]/[method:removeExisting()]
LRUClockMap.java,org.jugsaxony.demo2.LRUClockMap,org.pitest.mutationtest.engine.gregor.mutators.MathMutator,get,168,KILLED,org.jugsaxony.demo2.LRUClockMapTest.[engine:junit-jupiter]/[class:org.jugsaxony.demo2.LRUClockMapTest]/[nested-class:BasicOperations]/[method:getMissing()]
LRUClockMap.java,org.jugsaxony.demo2.LRUClockMap,org.pitest.mutationtest.engine.gregor.mutators.RemoveConditionalMutator_EQUAL_ELSE,get,171,KILLED,org.jugsaxony.demo2.LRUClockMapTest.[engine:junit-jupiter]/[class:org.jugsaxony.demo2.LRUClockMapTest]/[nested-class:BasicOperations]/[method:getMissing()]
LRUClockMap.java,org.jugsaxony.demo2.LRUClockMap,org.pitest.mutationtest.engine.gregor.mutators.RemoveConditionalMutator_EQUAL_ELSE,get,176,KILLED,org.jugsaxony.demo2.LRUClockMapTest.[engine:junit-jupiter]/[class:org.jugsaxony.demo2.LRUClockMapTest]/[nested-class:ClearOperation]/[method:reusableAfterClear()]
LRUClockMap.java,org.jugsaxony.demo2.LRUClockMap,org.pitest.mutationtest.engine.gregor.mutators.RemoveConditionalMutator_EQUAL_ELSE,get,178,KILLED,org.jugsaxony.demo2.LRUClockMapTest.[engine:junit-jupiter]/[class:org.jugsaxony.demo2.LRUClockMapTest]/[nested-class:SecondChanceFlags]/[method:flagSemantics()]
LRUClockMap.java,org.jugsaxony.demo2.LRUClockMap,org.pitest.mutationtest.engine.gregor.mutators.RemoveConditionalMutator_EQUAL_IF,get,171,KILLED,org.jugsaxony.demo2.LRUClockMapTest.[engine:junit-jupiter]/[class:org.jugsaxony.demo2.LRUClockMapTest]/[nested-class:ClearOperation]/[method:reusableAfterClear()]
LRUClockMap.java,org.jugsaxony.demo2.LRUClockMap,org.pitest.mutationtest.engine.gregor.mutators.RemoveConditionalMutator_EQUAL_IF,get,176,KILLED,org.jugsaxony.demo2.LRUClockMapTest.[engine:junit-jupiter]/[class:org.jugsaxony.demo2.LRUClockMapTest]/[nested-class:CollisionHandling]/[method:wrapAroundProbing()]
LRUClockMap.java,org.jugsaxony.demo2.LRUClockMap,org.pitest.mutationtest.engine.gregor.mutators.RemoveConditionalMutator_EQUAL_IF,get,178,SURVIVED,none
LRUClockMap.java,org.jugsaxony.demo2.LRUClockMap,org.pitest.mutationtest.engine.gregor.mutators.returns.NullReturnValsMutator,get,185,KILLED,org.jugsaxony.demo2.LRUClockMapTest.[engine:junit-jupiter]/[class:org.jugsaxony.demo2.LRUClockMapTest]/[nested-class:ClearOperation]/[method:reusableAfterClear()]
LRUClockMap.java,org.jugsaxony.demo2.LRUClockMap,org.pitest.mutationtest.engine.gregor.mutators.returns.NullReturnValsMutator,get,193,KILLED,org.jugsaxony.demo2.LRUClockMapTest.[engine:junit-jupiter]/[class:org.jugsaxony.demo2.LRUClockMapTest]/[nested-class:CollisionHandling]/[method:wrapAroundProbing()]
LRUClockMap.java,org.jugsaxony.demo2.LRUClockMap,org.pitest.mutationtest.engine.gregor.mutators.ConditionalsBoundaryMutator,getDebugData,623,KILLED,org.jugsaxony.demo2.LRUClockMapTest.[engine:junit-jupiter]/[class:org.jugsaxony.demo2.LRUClockMapTest]/[nested-class:SecondChanceFlags]/[method:flagsTrueAfterInsert()]
LRUClockMap.java,org.jugsaxony.demo2.LRUClockMap,org.pitest.mutationtest.engine.gregor.mutators.RemoveConditionalMutator_EQUAL_ELSE,getDebugData,626,KILLED,org.jugsaxony.demo2.LRUClockMapTest.[engine:junit-jupiter]/[class:org.jugsaxony.demo2.LRUClockMapTest]/[nested-class:SecondChanceFlags]/[method:flagsTrueAfterInsert()]
LRUClockMap.java,org.jugsaxony.demo2.LRUClockMap,org.pitest.mutationtest.engine.gregor.mutators.RemoveConditionalMutator_EQUAL_IF,getDebugData,626,KILLED,org.jugsaxony.demo2.LRUClockMapTest.[engine:junit-jupiter]/[class:org.jugsaxony.demo2.LRUClockMapTest]/[nested-class:SecondChanceFlags]/[method:flagsTrueAfterInsert()]
LRUClockMap.java,org.jugsaxony.demo2.LRUClockMap,org.pitest.mutationtest.engine.gregor.mutators.RemoveConditionalMutator_ORDER_ELSE,getDebugData,623,KILLED,org.jugsaxony.demo2.LRUClockMapTest.[engine:junit-jupiter]/[class:org.jugsaxony.demo2.LRUClockMapTest]/[nested-class:SecondChanceFlags]/[method:flagsTrueAfterInsert()]
LRUClockMap.java,org.jugsaxony.demo2.LRUClockMap,org.pitest.mutationtest.engine.gregor.mutators.RemoveConditionalMutator_ORDER_IF,getDebugData,623,KILLED,org.jugsaxony.demo2.LRUClockMapTest.[engine:junit-jupiter]/[class:org.jugsaxony.demo2.LRUClockMapTest]/[nested-class:SecondChanceFlags]/[method:flagsTrueAfterInsert()]
LRUClockMap.java,org.jugsaxony.demo2.LRUClockMap,org.pitest.mutationtest.engine.gregor.mutators.returns.EmptyObjectReturnValsMutator,getDebugData,636,KILLED,org.jugsaxony.demo2.LRUClockMapTest.[engine:junit-jupiter]/[class:org.jugsaxony.demo2.LRUClockMapTest]/[nested-class:SecondChanceFlags]/[method:flagsTrueAfterInsert()]
LRUClockMap.java,org.jugsaxony.demo2.LRUClockMap,org.pitest.mutationtest.engine.gregor.mutators.MathMutator,getRaw,140,KILLED,org.jugsaxony.demo2.LRUClockMapTest.[engine:junit-jupiter]/[class:org.jugsaxony.demo2.LRUClockMapTest]/[nested-class:BasicOperations]/[method:getMissing()]
LRUClockMap.java,org.jugsaxony.demo2.LRUClockMap,org.pitest.mutationtest.engine.gregor.mutators.MathMutator,getRaw,155,KILLED,org.jugsaxony.demo2.LRUClockMapTest.[engine:junit-jupiter]/[class:org.jugsaxony.demo2.LRUClockMapTest]/[nested-class:StressInvariants]/[method:randomizedInvariantCheck()]
LRUClockMap.java,org.jugsaxony.demo2.LRUClockMap,org.pitest.mutationtest.engine.gregor.mutators.MathMutator,getRaw,155,KILLED,org.jugsaxony.demo2.LRUClockMapTest.[engine:junit-jupiter]/[class:org.jugsaxony.demo2.LRUClockMapTest]/[nested-class:Eviction]/[method:neverExceedsMaxSize()]
LRUClockMap.java,org.jugsaxony.demo2.LRUClockMap,org.pitest.mutationtest.engine.gregor.mutators.RemoveConditionalMutator_EQUAL_ELSE,getRaw,146,KILLED,org.jugsaxony.demo2.LRUClockMapTest.[engine:junit-jupiter]/[class:org.jugsaxony.demo2.LRUClockMapTest]/[nested-class:BasicOperations]/[method:getMissing()]
LRUClockMap.java,org.jugsaxony.demo2.LRUClockMap,org.pitest.mutationtest.engine.gregor.mutators.RemoveConditionalMutator_EQUAL_ELSE,getRaw,150,KILLED,org.jugsaxony.demo2.LRUClockMapTest.[engine:junit-jupiter]/[class:org.jugsaxony.demo2.LRUClockMapTest]/[nested-class:CollisionHandling]/[method:equalsBasedLookup()]
LRUClockMap.java,org.jugsaxony.demo2.LRUClockMap,org.pitest.mutationtest.engine.gregor.mutators.RemoveConditionalMutator_EQUAL_IF,getRaw,146,KILLED,org.jugsaxony.demo2.LRUClockMapTest.[engine:junit-jupiter]/[class:org.jugsaxony.demo2.LRUClockMapTest]/[nested-class:CollisionHandling]/[method:equalsBasedLookup()]
LRUClockMap.java,org.jugsaxony.demo2.LRUClockMap,org.pitest.mutationtest.engine.gregor.mutators.RemoveConditionalMutator_EQUAL_IF,getRaw,150,KILLED,org.jugsaxony.demo2.LRUClockMapTest.[engine:junit-jupiter]/[class:org.jugsaxony.demo2.LRUClockMapTest]/[nested-class:Eviction]/[method:neverExceedsMaxSize()]
LRUClockMap.java,org.jugsaxony.demo2.LRUClockMap,org.pitest.mutationtest.engine.gregor.mutators.returns.NullReturnValsMutator,getRaw,152,KILLED,org.jugsaxony.demo2.LRUClockMapTest.[engine:junit-jupiter]/[class:org.jugsaxony.demo2.LRUClockMapTest]/[nested-class:CollisionHandling]/[method:equalsBasedLookup()]
LRUClockMap.java,org.jugsaxony.demo2.LRUClockMap,org.pitest.mutationtest.engine.gregor.mutators.ConditionalsBoundaryMutator,keys,509,KILLED,org.jugsaxony.demo2.LRUClockMapTest.[engine:junit-jupiter]/[class:org.jugsaxony.demo2.LRUClockMapTest]/[nested-class:BasicOperations]/[method:keysListIsACopy()]
LRUClockMap.java,org.jugsaxony.demo2.LRUClockMap,org.pitest.mutationtest.engine.gregor.mutators.IncrementsMutator,keys,509,KILLED,org.jugsaxony.demo2.LRUClockMapTest.[engine:junit-jupiter]/[class:org.jugsaxony.demo2.LRUClockMapTest]/[nested-class:BasicOperations]/[method:keysListIsACopy()]
LRUClockMap.java,org.jugsaxony.demo2.LRUClockMap,org.pitest.mutationtest.engine.gregor.mutators.RemoveConditionalMutator_EQUAL_ELSE,keys,512,KILLED,org.jugsaxony.demo2.LRUClockMapTest.[engine:junit-jupiter]/[class:org.jugsaxony.demo2.LRUClockMapTest]/[nested-class:BasicOperations]/[method:keysListIsACopy()]
LRUClockMap.java,org.jugsaxony.demo2.LRUClockMap,org.pitest.mutationtest.engine.gregor.mutators.RemoveConditionalMutator_EQUAL_IF,keys,512,KILLED,org.jugsaxony.demo2.LRUClockMapTest.[engine:junit-jupiter]/[class:org.jugsaxony.demo2.LRUClockMapTest]/[nested-class:BasicOperations]/[method:keysListIsACopy()]
LRUClockMap.java,org.jugsaxony.demo2.LRUClockMap,org.pitest.mutationtest.engine.gregor.mutators.RemoveConditionalMutator_ORDER_ELSE,keys,509,KILLED,org.jugsaxony.demo2.LRUClockMapTest.[engine:junit-jupiter]/[class:org.jugsaxony.demo2.LRUClockMapTest]/[nested-class:BasicOperations]/[method:keysListIsACopy()]
LRUClockMap.java,org.jugsaxony.demo2.LRUClockMap,org.pitest.mutationtest.engine.gregor.mutators.RemoveConditionalMutator_ORDER_IF,keys,509,KILLED,org.jugsaxony.demo2.LRUClockMapTest.[engine:junit-jupiter]/[class:org.jugsaxony.demo2.LRUClockMapTest]/[nested-class:BasicOperations]/[method:keysListIsACopy()]
LRUClockMap.java,org.jugsaxony.demo2.LRUClockMap,org.pitest.mutationtest.engine.gregor.mutators.returns.EmptyObjectReturnValsMutator,keys,518,KILLED,org.jugsaxony.demo2.LRUClockMapTest.[engine:junit-jupiter]/[class:org.jugsaxony.demo2.LRUClockMapTest]/[nested-class:BasicOperations]/[method:keysListIsACopy()]
LRUClockMap.java,org.jugsaxony.demo2.LRUClockMap,org.pitest.mutationtest.engine.gregor.mutators.MathMutator,mixHash,128,SURVIVED,none
LRUClockMap.java,org.jugsaxony.demo2.LRUClockMap,org.pitest.mutationtest.engine.gregor.mutators.MathMutator,mixHash,128,KILLED,org.jugsaxony.demo2.LRUClockMapTest.[engine:junit-jupiter]/[class:org.jugsaxony.demo2.LRUClockMapTest]/[nested-class:DebugViews]/[method:debugDataConsistency()]
LRUClockMap.java,org.jugsaxony.demo2.LRUClockMap,org.pitest.mutationtest.engine.gregor.mutators.returns.PrimitiveReturnsMutator,mixHash,128,KILLED,org.jugsaxony.demo2.LRUClockMapTest.[engine:junit-jupiter]/[class:org.jugsaxony.demo2.LRUClockMapTest]/[nested-class:DebugViews]/[method:debugDataConsistency()]
LRUClockMap.java,org.jugsaxony.demo2.LRUClockMap,org.pitest.mutationtest.engine.gregor.mutators.MathMutator,nextPowerOfTwo,544,KILLED,org.jugsaxony.demo2.LRUClockMapTest.[engine:junit-jupiter]/[class:org.jugsaxony.demo2.LRUClockMapTest]/[nested-class:ConstructorValidation]/[method:capacityIsPowerOfTwoAtHalfLoad()]
LRUClockMap.java,org.jugsaxony.demo2.LRUClockMap,org.pitest.mutationtest.engine.gregor.mutators.MathMutator,nextPowerOfTwo,545,KILLED,org.jugsaxony.demo2.LRUClockMapTest.[engine:junit-jupiter]/[class:org.jugsaxony.demo2.LRUClockMapTest]/[nested-class:ConstructorValidation]/[method:capacityIsPowerOfTwoAtHalfLoad()]
LRUClockMap.java,org.jugsaxony.demo2.LRUClockMap,org.pitest.mutationtest.engine.gregor.mutators.MathMutator,nextPowerOfTwo,545,KILLED,org.jugsaxony.demo2.LRUClockMapTest.[engine:junit-jupiter]/[class:org.jugsaxony.demo2.LRUClockMapTest]/[nested-class:ConstructorValidation]/[method:capacityIsPowerOfTwoAtHalfLoad()]
LRUClockMap.java,org.jugsaxony.demo2.LRUClockMap,org.pitest.mutationtest.engine.gregor.mutators.MathMutator,nextPowerOfTwo,546,KILLED,org.jugsaxony.demo2.LRUClockMapTest.[engine:junit-jupiter]/[class:org.jugsaxony.demo2.LRUClockMapTest]/[nested-class:ConstructorValidation]/[method:capacityIsPowerOfTwoAtHalfLoad()]
LRUClockMap.java,org.jugsaxony.demo2.LRUClockMap,org.pitest.mutationtest.engine.gregor.mutators.MathMutator,nextPowerOfTwo,546,KILLED,org.jugsaxony.demo2.LRUClockMapTest.[engine:junit-jupiter]/[class:org.jugsaxony.demo2.LRUClockMapTest]/[nested-class:ConstructorValidation]/[method:capacityIsPowerOfTwoAtHalfLoad()]
LRUClockMap.java,org.jugsaxony.demo2.LRUClockMap,org.pitest.mutationtest.engine.gregor.mutators.MathMutator,nextPowerOfTwo,547,KILLED,org.jugsaxony.demo2.LRUClockMapTest.[engine:junit-jupiter]/[class:org.jugsaxony.demo2.LRUClockMapTest]/[nested-class:ConstructorValidation]/[method:capacityIsPowerOfTwoAtHalfLoad()]
LRUClockMap.java,org.jugsaxony.demo2.LRUClockMap,org.pitest.mutationtest.engine.gregor.mutators.MathMutator,nextPowerOfTwo,547,KILLED,org.jugsaxony.demo2.LRUClockMapTest.[engine:junit-jupiter]/[class:org.jugsaxony.demo2.LRUClockMapTest]/[nested-class:ConstructorValidation]/[method:capacityIsPowerOfTwoAtHalfLoad()]
LRUClockMap.java,org.jugsaxony.demo2.LRUClockMap,org.pitest.mutationtest.engine.gregor.mutators.MathMutator,nextPowerOfTwo,548,KILLED,org.jugsaxony.demo2.LRUClockMapTest.[engine:junit-jupiter]/[class:org.jugsaxony.demo2.LRUClockMapTest]/[nested-class:ConstructorValidation]/[method:capacityIsPowerOfTwoAtHalfLoad()]
LRUClockMap.java,org.jugsaxony.demo2.LRUClockMap,org.pitest.mutationtest.engine.gregor.mutators.MathMutator,nextPowerOfTwo,548,KILLED,org.jugsaxony.demo2.LRUClockMapTest.[engine:junit-jupiter]/[class:org.jugsaxony.demo2.LRUClockMapTest]/[nested-class:ConstructorValidation]/[method:capacityIsPowerOfTwoAtHalfLoad()]
LRUClockMap.java,org.jugsaxony.demo2.LRUClockMap,org.pitest.mutationtest.engine.gregor.mutators.MathMutator,nextPowerOfTwo,549,KILLED,org.jugsaxony.demo2.LRUClockMapTest.[engine:junit-jupiter]/[class:org.jugsaxony.demo2.LRUClockMapTest]/[nested-class:ConstructorValidation]/[method:capacityIsPowerOfTwoAtHalfLoad()]
LRUClockMap.java,org.jugsaxony.demo2.LRUClockMap,org.pitest.mutationtest.engine.gregor.mutators.MathMutator,nextPowerOfTwo,549,KILLED,org.jugsaxony.demo2.LRUClockMapTest.[engine:junit-jupiter]/[class:org.jugsaxony.demo2.LRUClockMapTest]/[nested-class:ConstructorValidation]/[method:capacityIsPowerOfTwoAtHalfLoad()]
LRUClockMap.java,org.jugsaxony.demo2.LRUClockMap,org.pitest.mutationtest.engine.gregor.mutators.MathMutator,nextPowerOfTwo,551,KILLED,org.jugsaxony.demo2.LRUClockMapTest.[engine:junit-jupiter]/[class:org.jugsaxony.demo2.LRUClockMapTest]/[nested-class:ConstructorValidation]/[method:capacityIsPowerOfTwoAtHalfLoad()]
LRUClockMap.java,org.jugsaxony.demo2.LRUClockMap,org.pitest.mutationtest.engine.gregor.mutators.MathMutator,nextPowerOfTwo,551,KILLED,org.jugsaxony.demo2.LRUClockMapTest.[engine:junit-jupiter]/[class:org.jugsaxony.demo2.LRUClockMapTest]/[nested-class:ConstructorValidation]/[method:capacityIsPowerOfTwoAtHalfLoad()]
LRUClockMap.java,org.jugsaxony.demo2.LRUClockMap,org.pitest.mutationtest.engine.gregor.mutators.MathMutator,nextPowerOfTwo,551,KILLED,org.jugsaxony.demo2.LRUClockMapTest.[engine:junit-jupiter]/[class:org.jugsaxony.demo2.LRUClockMapTest]/[nested-class:ConstructorValidation]/[method:capacityIsPowerOfTwoAtHalfLoad()]
LRUClockMap.java,org.jugsaxony.demo2.LRUClockMap,org.pitest.mutationtest.engine.gregor.mutators.RemoveConditionalMutator_EQUAL_ELSE,nextPowerOfTwo,540,SURVIVED,none
LRUClockMap.java,org.jugsaxony.demo2.LRUClockMap,org.pitest.mutationtest.engine.gregor.mutators.RemoveConditionalMutator_EQUAL_IF,nextPowerOfTwo,540,KILLED,org.jugsaxony.demo2.LRUClockMapTest.[engine:junit-jupiter]/[class:org.jugsaxony.demo2.LRUClockMapTest]/[nested-class:ConstructorValidation]/[method:capacityIsPowerOfTwoAtHalfLoad()]
LRUClockMap.java,org.jugsaxony.demo2.LRUClockMap,org.pitest.mutationtest.engine.gregor.mutators.returns.PrimitiveReturnsMutator,nextPowerOfTwo,542,NO_COVERAGE,none
LRUClockMap.java,org.jugsaxony.demo2.LRUClockMap,org.pitest.mutationtest.engine.gregor.mutators.returns.PrimitiveReturnsMutator,nextPowerOfTwo,551,KILLED,org.jugsaxony.demo2.LRUClockMapTest.[engine:junit-jupiter]/[class:org.jugsaxony.demo2.LRUClockMapTest]/[nested-class:ConstructorValidation]/[method:capacityIsPowerOfTwoAtHalfLoad()]
LRUClockMap.java,org.jugsaxony.demo2.LRUClockMap,org.pitest.mutationtest.engine.gregor.mutators.returns.PrimitiveReturnsMutator,occupiedSpace,475,KILLED,org.jugsaxony.demo2.LRUClockMapTest.[engine:junit-jupiter]/[class:org.jugsaxony.demo2.LRUClockMapTest]/[nested-class:ConstructorValidation]/[method:capacityIsPowerOfTwoAtHalfLoad()]
LRUClockMap.java,org.jugsaxony.demo2.LRUClockMap,org.pitest.mutationtest.engine.gregor.mutators.MathMutator,put,246,KILLED,org.jugsaxony.demo2.LRUClockMapTest.[engine:junit-jupiter]/[class:org.jugsaxony.demo2.LRUClockMapTest]/[nested-class:BasicOperations]/[method:getMissing()]
LRUClockMap.java,org.jugsaxony.demo2.LRUClockMap,org.pitest.mutationtest.engine.gregor.mutators.RemoveConditionalMutator_EQUAL_ELSE,put,250,KILLED,org.jugsaxony.demo2.LRUClockMapTest.[engine:junit-jupiter]/[class:org.jugsaxony.demo2.LRUClockMapTest]/[nested-class:Eviction]/[method:evictsExactlyOne()]
LRUClockMap.java,org.jugsaxony.demo2.LRUClockMap,org.pitest.mutationtest.engine.gregor.mutators.RemoveConditionalMutator_EQUAL_ELSE,put,255,KILLED,org.jugsaxony.demo2.LRUClockMapTest.[engine:junit-jupiter]/[class:org.jugsaxony.demo2.LRUClockMapTest]/[nested-class:Eviction]/[method:updateWhenFullDoesNotEvict()]
LRUClockMap.java,org.jugsaxony.demo2.LRUClockMap,org.pitest.mutationtest.engine.gregor.mutators.RemoveConditionalMutator_EQUAL_IF,put,250,TIMED_OUT,none
LRUClockMap.java,org.jugsaxony.demo2.LRUClockMap,org.pitest.mutationtest.engine.gregor.mutators.RemoveConditionalMutator_EQUAL_IF,put,255,KILLED,org.jugsaxony.demo2.LRUClockMapTest.[engine:junit-jupiter]/[class:org.jugsaxony.demo2.LRUClockMapTest]/[nested-class:Eviction]/[method:evictsExactlyOne()]
LRUClockMap.java,org.jugsaxony.demo2.LRUClockMap,org.pitest.mutationtest.engine.gregor.mutators.VoidMethodCallMutator,put,261,KILLED,org.jugsaxony.demo2.LRUClockMapTest.[engine:junit-jupiter]/[class:org.jugsaxony.demo2.LRUClockMapTest]/[nested-class:Eviction]/[method:evictsExactlyOne()]
LRUClockMap.java,org.jugsaxony.demo2.LRUClockMap,org.pitest.mutationtest.engine.gregor.mutators.returns.NullReturnValsMutator,put,258,KILLED,org.jugsaxony.demo2.LRUClockMapTest.[engine:junit-jupiter]/[class:org.jugsaxony.demo2.LRUClockMapTest]/[nested-class:Eviction]/[method:updateWhenFullDoesNotEvict()]
LRUClockMap.java,org.jugsaxony.demo2.LRUClockMap,org.pitest.mutationtest.engine.gregor.mutators.returns.NullReturnValsMutator,put,266,KILLED,org.jugsaxony.demo2.LRUClockMapTest.[engine:junit-jupiter]/[class:org.jugsaxony.demo2.LRUClockMapTest]/[nested-class:BasicOperations]/[method:putOverwrite()]
LRUClockMap.java,org.jugsaxony.demo2.LRUClockMap,org.pitest.mutationtest.engine.gregor.mutators.MathMutator,putInternal,289,KILLED,org.jugsaxony.demo2.LRUClockMapTest.[engine:junit-jupiter]/[class:org.jugsaxony.demo2.LRUClockMapTest]/[nested-class:ClearOperation]/[method:reusableAfterClear()]
LRUClockMap.java,org.jugsaxony.demo2.LRUClockMap,org.pitest.mutationtest.engine.gregor.mutators.MathMutator,putInternal,303,KILLED,org.jugsaxony.demo2.LRUClockMapTest.[engine:junit-jupiter]/[class:org.jugsaxony.demo2.LRUClockMapTest]/[nested-class:CollisionHandling]/[method:wrapAroundProbing()]
LRUClockMap.java,org.jugsaxony.demo2.LRUClockMap,org.pitest.mutationtest.engine.gregor.mutators.MathMutator,putInternal,303,KILLED,org.jugsaxony.demo2.LRUClockMapTest.[engine:junit-jupiter]/[class:org.jugsaxony.demo2.LRUClockMapTest]/[nested-class:CollisionHandling]/[method:wrapAroundProbing()]
LRUClockMap.java,org.jugsaxony.demo2.LRUClockMap,org.pitest.mutationtest.engine.gregor.mutators.RemoveConditionalMutator_EQUAL_ELSE,putInternal,284,KILLED,org.jugsaxony.demo2.LRUClockMapTest.[engine:junit-jupiter]/[class:org.jugsaxony.demo2.LRUClockMapTest]/[nested-class:BasicOperations]/[method:getMissing()]
LRUClockMap.java,org.jugsaxony.demo2.LRUClockMap,org.pitest.mutationtest.engine.gregor.mutators.RemoveConditionalMutator_EQUAL_ELSE,putInternal,293,KILLED,org.jugsaxony.demo2.LRUClockMapTest.[engine:junit-jupiter]/[class:org.jugsaxony.demo2.LRUClockMapTest]/[nested-class:BasicOperations]/[method:putOverwrite()]
LRUClockMap.java,org.jugsaxony.demo2.LRUClockMap,org.pitest.mutationtest.engine.gregor.mutators.RemoveConditionalMutator_EQUAL_IF,putInternal,284,KILLED,org.jugsaxony.demo2.LRUClockMapTest.[engine:junit-jupiter]/[class:org.jugsaxony.demo2.LRUClockMapTest]/[nested-class:BasicOperations]/[method:putOverwrite()]
LRUClockMap.java,org.jugsaxony.demo2.LRUClockMap,org.pitest.mutationtest.engine.gregor.mutators.RemoveConditionalMutator_EQUAL_IF,putInternal,293,KILLED,org.jugsaxony.demo2.LRUClockMapTest.[engine:junit-jupiter]/[class:org.jugsaxony.demo2.LRUClockMapTest]/[nested-class:CollisionHandling]/[method:wrapAroundProbing()]
LRUClockMap.java,org.jugsaxony.demo2.LRUClockMap,org.pitest.mutationtest.engine.gregor.mutators.returns.NullReturnValsMutator,putInternal,300,KILLED,org.jugsaxony.demo2.LRUClockMapTest.[engine:junit-jupiter]/[class:org.jugsaxony.demo2.LRUClockMapTest]/[nested-class:BasicOperations]/[method:putOverwrite()]
LRUClockMap.java,org.jugsaxony.demo2.LRUClockMap,org.pitest.mutationtest.engine.gregor.mutators.MathMutator,realign,443,KILLED,org.jugsaxony.demo2.LRUClockMapTest.[engine:junit-jupiter]/[class:org.jugsaxony.demo2.LRUClockMapTest]/[nested-class:RemoveOperations]/[method:removeExisting()]
LRUClockMap.java,org.jugsaxony.demo2.LRUClockMap,org.pitest.mutationtest.engine.gregor.mutators.MathMutator,realign,455,KILLED,org.jugsaxony.demo2.LRUClockMapTest.[engine:junit-jupiter]/[class:org.jugsaxony.demo2.LRUClockMapTest]/[nested-class:StressInvariants]/[method:randomizedInvariantCheck()]
LRUClockMap.java,org.jugsaxony.demo2.LRUClockMap,org.pitest.mutationtest.engine.gregor.mutators.MathMutator,realign,455,KILLED,org.jugsaxony.demo2.LRUClockMapTest.[engine:junit-jupiter]/[class:org.jugsaxony.demo2.LRUClockMapTest]/[nested-class:StressInvariants]/[method:randomizedInvariantCheck()]
LRUClockMap.java,org.jugsaxony.demo2.LRUClockMap,org.pitest.mutationtest.engine.gregor.mutators.RemoveConditionalMutator_EQUAL_ELSE,realign,449,TIMED_OUT,none
LRUClockMap.java,org.jugsaxony.demo2.LRUClockMap,org.pitest.mutationtest.engine.gregor.mutators.RemoveConditionalMutator_EQUAL_IF,realign,449,KILLED,org.jugsaxony.demo2.LRUClockMapTest.[engine:junit-jupiter]/[class:org.jugsaxony.demo2.LRUClockMapTest]/[nested-class:StressInvariants]/[method:randomizedInvariantCheck()]
LRUClockMap.java,org.jugsaxony.demo2.LRUClockMap,org.pitest.mutationtest.engine.gregor.mutators.MathMutator,remove,351,KILLED,org.jugsaxony.demo2.LRUClockMapTest.[engine:junit-jupiter]/[class:org.jugsaxony.demo2.LRUClockMapTest]/[nested-class:RemoveOperations]/[method:removeMissing()]
LRUClockMap.java,org.jugsaxony.demo2.LRUClockMap,org.pitest.mutationtest.engine.gregor.mutators.MathMutator,remove,372,KILLED,org.jugsaxony.demo2.LRUClockMapTest.[engine:junit-jupiter]/[class:org.jugsaxony.demo2.LRUClockMapTest]/[nested-class:RemoveOperations]/[method:removeKeepsProbeChainIntact()]
LRUClockMap.java,org.jugsaxony.demo2.LRUClockMap,org.pitest.mutationtest.engine.gregor.mutators.MathMutator,remove,372,KILLED,org.jugsaxony.demo2.LRUClockMapTest.[engine:junit-jupiter]/[class:org.jugsaxony.demo2.LRUClockMapTest]/[nested-class:RemoveOperations]/[method:removeKeepsProbeChainIntact()]
LRUClockMap.java,org.jugsaxony.demo2.LRUClockMap,org.pitest.mutationtest.engine.gregor.mutators.RemoveConditionalMutator_EQUAL_ELSE,remove,357,KILLED,org.jugsaxony.demo2.LRUClockMapTest.[engine:junit-jupiter]/[class:org.jugsaxony.demo2.LRUClockMapTest]/[nested-class:RemoveOperations]/[method:removeMissing()]
LRUClockMap.java,org.jugsaxony.demo2.LRUClockMap,org.pitest.mutationtest.engine.gregor.mutators.RemoveConditionalMutator_EQUAL_ELSE,remove,363,KILLED,org.jugsaxony.demo2.LRUClockMapTest.[engine:junit-jupiter]/[class:org.jugsaxony.demo2.LRUClockMapTest]/[nested-class:RemoveOperations]/[method:removeTwice()]
LRUClockMap.java,org.jugsaxony.demo2.LRUClockMap,org.pitest.mutationtest.engine.gregor.mutators.RemoveConditionalMutator_EQUAL_IF,remove,357,KILLED,org.jugsaxony.demo2.LRUClockMapTest.[engine:junit-jupiter]/[class:org.jugsaxony.demo2.LRUClockMapTest]/[nested-class:RemoveOperations]/[method:removeTwice()]
LRUClockMap.java,org.jugsaxony.demo2.LRUClockMap,org.pitest.mutationtest.engine.gregor.mutators.RemoveConditionalMutator_EQUAL_IF,remove,363,KILLED,org.jugsaxony.demo2.LRUClockMapTest.[engine:junit-jupiter]/[class:org.jugsaxony.demo2.LRUClockMapTest]/[nested-class:RemoveOperations]/[method:removeKeepsProbeChainIntact()]
LRUClockMap.java,org.jugsaxony.demo2.LRUClockMap,org.pitest.mutationtest.engine.gregor.mutators.VoidMethodCallMutator,remove,367,KILLED,org.jugsaxony.demo2.LRUClockMapTest.[engine:junit-jupiter]/[class:org.jugsaxony.demo2.LRUClockMapTest]/[nested-class:RemoveOperations]/[method:removeTwice()]
LRUClockMap.java,org.jugsaxony.demo2.LRUClockMap,org.pitest.mutationtest.engine.gregor.mutators.returns.NullReturnValsMutator,remove,369,KILLED,org.jugsaxony.demo2.LRUClockMapTest.[engine:junit-jupiter]/[class:org.jugsaxony.demo2.LRUClockMapTest]/[nested-class:RemoveOperations]/[method:removeTwice()]
LRUClockMap.java,org.jugsaxony.demo2.LRUClockMap,org.pitest.mutationtest.engine.gregor.mutators.returns.PrimitiveReturnsMutator,size,466,KILLED,org.jugsaxony.demo2.LRUClockMapTest.[engine:junit-jupiter]/[class:org.jugsaxony.demo2.LRUClockMapTest]/[nested-class:ClearOperation]/[method:reusableAfterClear()]
LRUClockMap.java,org.jugsaxony.demo2.LRUClockMap,org.pitest.mutationtest.engine.gregor.mutators.ConditionalsBoundaryMutator,toString,577,KILLED,org.jugsaxony.demo2.LRUClockMapTest.[engine:junit-jupiter]/[class:org.jugsaxony.demo2.LRUClockMapTest]/[nested-class:DebugViews]/[method:toStringSmoke()]
LRUClockMap.java,org.jugsaxony.demo2.LRUClockMap,org.pitest.mutationtest.engine.gregor.mutators.IncrementsMutator,toString,577,KILLED,org.jugsaxony.demo2.LRUClockMapTest.[engine:junit-jupiter]/[class:org.jugsaxony.demo2.LRUClockMapTest]/[nested-class:DebugViews]/[method:toStringSmoke()]
LRUClockMap.java,org.jugsaxony.demo2.LRUClockMap,org.pitest.mutationtest.engine.gregor.mutators.RemoveConditionalMutator_EQUAL_ELSE,toString,580,KILLED,org.jugsaxony.demo2.LRUClockMapTest.[engine:junit-jupiter]/[class:org.jugsaxony.demo2.LRUClockMapTest]/[nested-class:DebugViews]/[method:toStringSmoke()]
LRUClockMap.java,org.jugsaxony.demo2.LRUClockMap,org.pitest.mutationtest.engine.gregor.mutators.RemoveConditionalMutator_EQUAL_IF,toString,580,SURVIVED,none
LRUClockMap.java,org.jugsaxony.demo2.LRUClockMap,org.pitest.mutationtest.engine.gregor.mutators.RemoveConditionalMutator_ORDER_ELSE,toString,577,KILLED,org.jugsaxony.demo2.LRUClockMapTest.[engine:junit-jupiter]/[class:org.jugsaxony.demo2.LRUClockMapTest]/[nested-class:DebugViews]/[method:toStringSmoke()]
LRUClockMap.java,org.jugsaxony.demo2.LRUClockMap,org.pitest.mutationtest.engine.gregor.mutators.RemoveConditionalMutator_ORDER_IF,toString,577,KILLED,org.jugsaxony.demo2.LRUClockMapTest.[engine:junit-jupiter]/[class:org.jugsaxony.demo2.LRUClockMapTest]/[nested-class:DebugViews]/[method:toStringSmoke()]
LRUClockMap.java,org.jugsaxony.demo2.LRUClockMap,org.pitest.mutationtest.engine.gregor.mutators.returns.EmptyObjectReturnValsMutator,toString,593,KILLED,org.jugsaxony.demo2.LRUClockMapTest.[engine:junit-jupiter]/[class:org.jugsaxony.demo2.LRUClockMapTest]/[nested-class:DebugViews]/[method:toStringSmoke()]
LRUClockMap.java,org.jugsaxony.demo2.LRUClockMap,org.pitest.mutationtest.engine.gregor.mutators.IncrementsMutator,trueSize,491,KILLED,org.jugsaxony.demo2.LRUClockMapTest.[engine:junit-jupiter]/[class:org.jugsaxony.demo2.LRUClockMapTest]/[nested-class:BasicOperations]/[method:putOverwrite()]
LRUClockMap.java,org.jugsaxony.demo2.LRUClockMap,org.pitest.mutationtest.engine.gregor.mutators.RemoveConditionalMutator_EQUAL_ELSE,trueSize,489,KILLED,org.jugsaxony.demo2.LRUClockMapTest.[engine:junit-jupiter]/[class:org.jugsaxony.demo2.LRUClockMapTest]/[nested-class:BasicOperations]/[method:putOverwrite()]
LRUClockMap.java,org.jugsaxony.demo2.LRUClockMap,org.pitest.mutationtest.engine.gregor.mutators.RemoveConditionalMutator_EQUAL_IF,trueSize,489,KILLED,org.jugsaxony.demo2.LRUClockMapTest.[engine:junit-jupiter]/[class:org.jugsaxony.demo2.LRUClockMapTest]/[nested-class:ClearOperation]/[method:clearOnEmpty()]
LRUClockMap.java,org.jugsaxony.demo2.LRUClockMap,org.pitest.mutationtest.engine.gregor.mutators.returns.PrimitiveReturnsMutator,trueSize,494,KILLED,org.jugsaxony.demo2.LRUClockMapTest.[engine:junit-jupiter]/[class:org.jugsaxony.demo2.LRUClockMapTest]/[nested-class:BasicOperations]/[method:putOverwrite()]
LRUClockMap.java,org.jugsaxony.demo2.LRUClockMap,org.pitest.mutationtest.engine.gregor.mutators.MathMutator,update,339,SURVIVED,none
LRUClockMap.java,org.jugsaxony.demo2.LRUClockMap,org.pitest.mutationtest.engine.gregor.mutators.MathMutator,update,339,KILLED,org.jugsaxony.demo2.LRUClockMapTest.[engine:junit-jupiter]/[class:org.jugsaxony.demo2.LRUClockMapTest]/[nested-class:StressInvariants]/[method:randomizedInvariantCheck()]
LRUClockMap.java,org.jugsaxony.demo2.LRUClockMap,org.pitest.mutationtest.engine.gregor.mutators.RemoveConditionalMutator_EQUAL_ELSE,update,323,KILLED,org.jugsaxony.demo2.LRUClockMapTest.[engine:junit-jupiter]/[class:org.jugsaxony.demo2.LRUClockMapTest]/[nested-class:Eviction]/[method:evictsExactlyOne()]
LRUClockMap.java,org.jugsaxony.demo2.LRUClockMap,org.pitest.mutationtest.engine.gregor.mutators.RemoveConditionalMutator_EQUAL_ELSE,update,329,KILLED,org.jugsaxony.demo2.LRUClockMapTest.[engine:junit-jupiter]/[class:org.jugsaxony.demo2.LRUClockMapTest]/[nested-class:Eviction]/[method:updateWhenFullDoesNotEvict()]
LRUClockMap.java,org.jugsaxony.demo2.LRUClockMap,org.pitest.mutationtest.engine.gregor.mutators.RemoveConditionalMutator_EQUAL_IF,update,323,KILLED,org.jugsaxony.demo2.LRUClockMapTest.[engine:junit-jupiter]/[class:org.jugsaxony.demo2.LRUClockMapTest]/[nested-class:Eviction]/[method:updateWhenFullDoesNotEvict()]
LRUClockMap.java,org.jugsaxony.demo2.LRUClockMap,org.pitest.mutationtest.engine.gregor.mutators.RemoveConditionalMutator_EQUAL_IF,update,329,KILLED,org.jugsaxony.demo2.LRUClockMapTest.[engine:junit-jupiter]/[class:org.jugsaxony.demo2.LRUClockMapTest]/[nested-class:StressInvariants]/[method:randomizedInvariantCheck()]
LRUClockMap.java,org.jugsaxony.demo2.LRUClockMap,org.pitest.mutationtest.engine.gregor.mutators.returns.NullReturnValsMutator,update,336,KILLED,org.jugsaxony.demo2.LRUClockMapTest.[engine:junit-jupiter]/[class:org.jugsaxony.demo2.LRUClockMapTest]/[nested-class:Eviction]/[method:updateWhenFullDoesNotEvict()]
IntTimeSeries.java,com.xceptance.xlt.report.util.rework.IntTimeSeries,org.pitest.mutationtest.engine.gregor.mutators.VoidMethodCallMutator,<init>,107,KILLED,com.xceptance.xlt.report.util.rework.IntTimeSeriesTest.[engine:junit-jupiter]/[class:com.xceptance.xlt.report.util.rework.IntTimeSeriesTest]/[method:getMean_emptyReturnsZero()]
IntTimeSeries.java,com.xceptance.xlt.report.util.rework.IntTimeSeries,org.pitest.mutationtest.engine.gregor.mutators.VoidMethodCallMutator,addValue,178,KILLED,com.xceptance.xlt.report.util.rework.IntTimeSeriesTest.[engine:junit-jupiter]/[class:com.xceptance.xlt.report.util.rework.IntTimeSeriesTest]/[method:slotWidthMatchesScale()]
IntTimeSeries.java,com.xceptance.xlt.report.util.rework.IntTimeSeries,org.pitest.mutationtest.engine.gregor.mutators.ConditionalsBoundaryMutator,addValue,132,SURVIVED,none
IntTimeSeries.java,com.xceptance.xlt.report.util.rework.IntTimeSeries,org.pitest.mutationtest.engine.gregor.mutators.ConditionalsBoundaryMutator,addValue,137,SURVIVED,none
IntTimeSeries.java,com.xceptance.xlt.report.util.rework.IntTimeSeries,org.pitest.mutationtest.engine.gregor.mutators.ConditionalsBoundaryMutator,addValue,151,KILLED,com.xceptance.xlt.report.util.rework.IntTimeSeriesTest.[engine:junit-jupiter]/[class:com.xceptance.xlt.report.util.rework.IntTimeSeriesTest]/[method:addValue_withEndTime_concurrency()]
IntTimeSeries.java,com.xceptance.xlt.report.util.rework.IntTimeSeries,org.pitest.mutationtest.engine.gregor.mutators.MathMutator,addValue,129,KILLED,com.xceptance.xlt.report.util.rework.IntTimeSeriesTest.[engine:junit-jupiter]/[class:com.xceptance.xlt.report.util.rework.IntTimeSeriesTest]/[method:getValues_returnsArray()]
IntTimeSeries.java,com.xceptance.xlt.report.util.rework.IntTimeSeries,org.pitest.mutationtest.engine.gregor.mutators.MathMutator,addValue,130,KILLED,com.xceptance.xlt.report.util.rework.IntTimeSeriesTest.[engine:junit-jupiter]/[class:com.xceptance.xlt.report.util.rework.IntTimeSeriesTest]/[method:getValues_returnsArray()]
IntTimeSeries.java,com.xceptance.xlt.report.util.rework.IntTimeSeries,org.pitest.mutationtest.engine.gregor.mutators.MathMutator,addValue,132,KILLED,com.xceptance.xlt.report.util.rework.IntTimeSeriesTest.[engine:junit-jupiter]/[class:com.xceptance.xlt.report.util.rework.IntTimeSeriesTest]/[method:slotWidthMatchesScale()]
IntTimeSeries.java,com.xceptance.xlt.report.util.rework.IntTimeSeries,org.pitest.mutationtest.engine.gregor.mutators.MathMutator,addValue,137,KILLED,com.xceptance.xlt.report.util.rework.IntTimeSeriesTest.[engine:junit-jupiter]/[class:com.xceptance.xlt.report.util.rework.IntTimeSeriesTest]/[method:addValue_multipleSeconds()]
IntTimeSeries.java,com.xceptance.xlt.report.util.rework.IntTimeSeries,org.pitest.mutationtest.engine.gregor.mutators.MathMutator,addValue,143,KILLED,com.xceptance.xlt.report.util.rework.IntTimeSeriesTest.[engine:junit-jupiter]/[class:com.xceptance.xlt.report.util.rework.IntTimeSeriesTest]/[method:getValues_returnsArray()]
IntTimeSeries.java,com.xceptance.xlt.report.util.rework.IntTimeSeries,org.pitest.mutationtest.engine.gregor.mutators.MathMutator,addValue,151,KILLED,com.xceptance.xlt.report.util.rework.IntTimeSeriesTest.[engine:junit-jupiter]/[class:com.xceptance.xlt.report.util.rework.IntTimeSeriesTest]/[method:getValues_returnsArray()]
IntTimeSeries.java,com.xceptance.xlt.report.util.rework.IntTimeSeries,org.pitest.mutationtest.engine.gregor.mutators.MathMutator,addValue,153,KILLED,com.xceptance.xlt.report.util.rework.IntTimeSeriesTest.[engine:junit-jupiter]/[class:com.xceptance.xlt.report.util.rework.IntTimeSeriesTest]/[method:addValue_withEndTime_concurrency()]
IntTimeSeries.java,com.xceptance.xlt.report.util.rework.IntTimeSeries,org.pitest.mutationtest.engine.gregor.mutators.MathMutator,addValue,151,KILLED,com.xceptance.xlt.report.util.rework.IntTimeSeriesTest.[engine:junit-jupiter]/[class:com.xceptance.xlt.report.util.rework.IntTimeSeriesTest]/[method:addValue_withEndTime_concurrency()]
IntTimeSeries.java,com.xceptance.xlt.report.util.rework.IntTimeSeries,org.pitest.mutationtest.engine.gregor.mutators.MathMutator,addValue,159,KILLED,com.xceptance.xlt.report.util.rework.IntTimeSeriesTest.[engine:junit-jupiter]/[class:com.xceptance.xlt.report.util.rework.IntTimeSeriesTest]/[method:getStandardDeviation_singleValue()]
IntTimeSeries.java,com.xceptance.xlt.report.util.rework.IntTimeSeries,org.pitest.mutationtest.engine.gregor.mutators.RemoveConditionalMutator_ORDER_ELSE,addValue,132,KILLED,com.xceptance.xlt.report.util.rework.IntTimeSeriesTest.[engine:junit-jupiter]/[class:com.xceptance.xlt.report.util.rework.IntTimeSeriesTest]/[method:getValues_returnsArray()]
IntTimeSeries.java,com.xceptance.xlt.report.util.rework.IntTimeSeries,org.pitest.mutationtest.engine.gregor.mutators.RemoveConditionalMutator_ORDER_ELSE,addValue,137,KILLED,com.xceptance.xlt.report.util.rework.IntTimeSeriesTest.[engine:junit-jupiter]/[class:com.xceptance.xlt.report.util.rework.IntTimeSeriesTest]/[method:slotWidthMatchesScale()]
IntTimeSeries.java,com.xceptance.xlt.report.util.rework.IntTimeSeries,org.pitest.mutationtest.engine.gregor.mutators.RemoveConditionalMutator_ORDER_ELSE,addValue,151,KILLED,com.xceptance.xlt.report.util.rework.IntTimeSeriesTest.[engine:junit-jupiter]/[class:com.xceptance.xlt.report.util.rework.IntTimeSeriesTest]/[method:getValues_returnsArray()]
IntTimeSeries.java,com.xceptance.xlt.report.util.rework.IntTimeSeries,org.pitest.mutationtest.engine.gregor.mutators.RemoveConditionalMutator_ORDER_IF,addValue,132,KILLED,com.xceptance.xlt.report.util.rework.IntTimeSeriesTest.[engine:junit-jupiter]/[class:com.xceptance.xlt.report.util.rework.IntTimeSeriesTest]/[method:slotWidthMatchesScale()]
IntTimeSeries.java,com.xceptance.xlt.report.util.rework.IntTimeSeries,org.pitest.mutationtest.engine.gregor.mutators.RemoveConditionalMutator_ORDER_IF,addValue,137,KILLED,com.xceptance.xlt.report.util.rework.IntTimeSeriesTest.[engine:junit-jupiter]/[class:com.xceptance.xlt.report.util.rework.IntTimeSeriesTest]/[method:addValue_multipleSeconds()]
IntTimeSeries.java,com.xceptance.xlt.report.util.rework.IntTimeSeries,org.pitest.mutationtest.engine.gregor.mutators.RemoveConditionalMutator_ORDER_IF,addValue,151,KILLED,com.xceptance.xlt.report.util.rework.IntTimeSeriesTest.[engine:junit-jupiter]/[class:com.xceptance.xlt.report.util.rework.IntTimeSeriesTest]/[method:addValue_withEndTime_concurrency()]
IntTimeSeries.java,com.xceptance.xlt.report.util.rework.IntTimeSeries,org.pitest.mutationtest.engine.gregor.mutators.VoidMethodCallMutator,addValue,134,KILLED,com.xceptance.xlt.report.util.rework.IntTimeSeriesTest.[engine:junit-jupiter]/[class:com.xceptance.xlt.report.util.rework.IntTimeSeriesTest]/[method:addValue_goingBackInTime_shiftsRight()]
IntTimeSeries.java,com.xceptance.xlt.report.util.rework.IntTimeSeries,org.pitest.mutationtest.engine.gregor.mutators.VoidMethodCallMutator,addValue,140,KILLED,com.xceptance.xlt.report.util.rework.IntTimeSeriesTest.[engine:junit-jupiter]/[class:com.xceptance.xlt.report.util.rework.IntTimeSeriesTest]/[method:slotWidthMatchesScale()]
IntTimeSeries.java,com.xceptance.xlt.report.util.rework.IntTimeSeries,org.pitest.mutationtest.engine.gregor.mutators.VoidMethodCallMutator,addValue,144,KILLED,com.xceptance.xlt.report.util.rework.IntTimeSeriesTest.[engine:junit-jupiter]/[class:com.xceptance.xlt.report.util.rework.IntTimeSeriesTest]/[method:addValue_withEndTime_concurrency()]
IntTimeSeries.java,com.xceptance.xlt.report.util.rework.IntTimeSeries,org.pitest.mutationtest.engine.gregor.mutators.VoidMethodCallMutator,addValue,154,KILLED,com.xceptance.xlt.report.util.rework.IntTimeSeriesTest.[engine:junit-jupiter]/[class:com.xceptance.xlt.report.util.rework.IntTimeSeriesTest]/[method:addValue_withEndTime_concurrency()]
IntTimeSeries.java,com.xceptance.xlt.report.util.rework.IntTimeSeries,org.pitest.mutationtest.engine.gregor.mutators.VoidMethodCallMutator,addValue,162,KILLED,com.xceptance.xlt.report.util.rework.IntTimeSeriesTest.[engine:junit-jupiter]/[class:com.xceptance.xlt.report.util.rework.IntTimeSeriesTest]/[method:getPercentile()]
IntTimeSeries.java,com.xceptance.xlt.report.util.rework.IntTimeSeries,org.pitest.mutationtest.engine.gregor.mutators.MathMutator,adjustToScale,190,KILLED,com.xceptance.xlt.report.util.rework.IntTimeSeriesTest.[engine:junit-jupiter]/[class:com.xceptance.xlt.report.util.rework.IntTimeSeriesTest]/[method:addValue_withEndTime_concurrency()]
IntTimeSeries.java,com.xceptance.xlt.report.util.rework.IntTimeSeries,org.pitest.mutationtest.engine.gregor.mutators.MathMutator,adjustToScale,190,KILLED,com.xceptance.xlt.report.util.rework.IntTimeSeriesTest.[engine:junit-jupiter]/[class:com.xceptance.xlt.report.util.rework.IntTimeSeriesTest]/[method:slotWidthMatchesScale()]
IntTimeSeries.java,com.xceptance.xlt.report.util.rework.IntTimeSeries,org.pitest.mutationtest.engine.gregor.mutators.returns.PrimitiveReturnsMutator,adjustToScale,190,KILLED,com.xceptance.xlt.report.util.rework.IntTimeSeriesTest.[engine:junit-jupiter]/[class:com.xceptance.xlt.report.util.rework.IntTimeSeriesTest]/[method:addValue_withEndTime_concurrency()]
IntTimeSeries.java,com.xceptance.xlt.report.util.rework.IntTimeSeries,org.pitest.mutationtest.engine.gregor.mutators.VoidMethodCallMutator,calculateOverviewData,411,KILLED,com.xceptance.xlt.report.util.rework.IntTimeSeriesTest.[engine:junit-jupiter]/[class:com.xceptance.xlt.report.util.rework.IntTimeSeriesTest]/[method:addValue_withEndTime_concurrency()]
IntTimeSeries.java,com.xceptance.xlt.report.util.rework.IntTimeSeries,org.pitest.mutationtest.engine.gregor.mutators.returns.NullReturnValsMutator,calculateOverviewData,425,KILLED,com.xceptance.xlt.report.util.rework.IntTimeSeriesTest.[engine:junit-jupiter]/[class:com.xceptance.xlt.report.util.rework.IntTimeSeriesTest]/[method:getMean_emptyReturnsZero()]
IntTimeSeries.java,com.xceptance.xlt.report.util.rework.IntTimeSeries,org.pitest.mutationtest.engine.gregor.mutators.ConditionalsBoundaryMutator,condense,238,SURVIVED,none
IntTimeSeries.java,com.xceptance.xlt.report.util.rework.IntTimeSeries,org.pitest.mutationtest.engine.gregor.mutators.ConditionalsBoundaryMutator,condense,244,KILLED,com.xceptance.xlt.report.util.rework.IntTimeSeriesTest.[engine:junit-jupiter]/[class:com.xceptance.xlt.report.util.rework.IntTimeSeriesTest]/[method:slotWidthMatchesScale()]
IntTimeSeries.java,com.xceptance.xlt.report.util.rework.IntTimeSeries,org.pitest.mutationtest.engine.gregor.mutators.ConditionalsBoundaryMutator,condense,233,SURVIVED,none
IntTimeSeries.java,com.xceptance.xlt.report.util.rework.IntTimeSeries,org.pitest.mutationtest.engine.gregor.mutators.IncrementsMutator,condense,242,KILLED,com.xceptance.xlt.report.util.rework.IntTimeSeriesTest.[engine:junit-jupiter]/[class:com.xceptance.xlt.report.util.rework.IntTimeSeriesTest]/[method:slotWidthMatchesScale()]
IntTimeSeries.java,com.xceptance.xlt.report.util.rework.IntTimeSeries,org.pitest.mutationtest.engine.gregor.mutators.IncrementsMutator,condense,238,KILLED,com.xceptance.xlt.report.util.rework.IntTimeSeriesTest.[engine:junit-jupiter]/[class:com.xceptance.xlt.report.util.rework.IntTimeSeriesTest]/[method:slotWidthMatchesScale()]
IntTimeSeries.java,com.xceptance.xlt.report.util.rework.IntTimeSeries,org.pitest.mutationtest.engine.gregor.mutators.IncrementsMutator,condense,244,KILLED,com.xceptance.xlt.report.util.rework.IntTimeSeriesTest.[engine:junit-jupiter]/[class:com.xceptance.xlt.report.util.rework.IntTimeSeriesTest]/[method:slotWidthMatchesScale()]
IntTimeSeries.java,com.xceptance.xlt.report.util.rework.IntTimeSeries,org.pitest.mutationtest.engine.gregor.mutators.MathMutator,condense,241,KILLED,com.xceptance.xlt.report.util.rework.IntTimeSeriesTest.[engine:junit-jupiter]/[class:com.xceptance.xlt.report.util.rework.IntTimeSeriesTest]/[method:slotWidthMatchesScale()]
IntTimeSeries.java,com.xceptance.xlt.report.util.rework.IntTimeSeries,org.pitest.mutationtest.engine.gregor.mutators.MathMutator,condense,238,KILLED,com.xceptance.xlt.report.util.rework.IntTimeSeriesTest.[engine:junit-jupiter]/[class:com.xceptance.xlt.report.util.rework.IntTimeSeriesTest]/[method:slotWidthMatchesScale()]
IntTimeSeries.java,com.xceptance.xlt.report.util.rework.IntTimeSeries,org.pitest.mutationtest.engine.gregor.mutators.MathMutator,condense,249,KILLED,com.xceptance.xlt.report.util.rework.IntTimeSeriesTest.[engine:junit-jupiter]/[class:com.xceptance.xlt.report.util.rework.IntTimeSeriesTest]/[method:slotWidthMatchesScale()]
IntTimeSeries.java,com.xceptance.xlt.report.util.rework.IntTimeSeries,org.pitest.mutationtest.engine.gregor.mutators.MathMutator,condense,254,KILLED,com.xceptance.xlt.report.util.rework.IntTimeSeriesTest.[engine:junit-jupiter]/[class:com.xceptance.xlt.report.util.rework.IntTimeSeriesTest]/[method:slotWidthMatchesScale()]
IntTimeSeries.java,com.xceptance.xlt.report.util.rework.IntTimeSeries,org.pitest.mutationtest.engine.gregor.mutators.MathMutator,condense,255,SURVIVED,none
IntTimeSeries.java,com.xceptance.xlt.report.util.rework.IntTimeSeries,org.pitest.mutationtest.engine.gregor.mutators.MathMutator,condense,257,TIMED_OUT,none
IntTimeSeries.java,com.xceptance.xlt.report.util.rework.IntTimeSeries,org.pitest.mutationtest.engine.gregor.mutators.RemoveConditionalMutator_ORDER_ELSE,condense,238,KILLED,com.xceptance.xlt.report.util.rework.IntTimeSeriesTest.[engine:junit-jupiter]/[class:com.xceptance.xlt.report.util.rework.IntTimeSeriesTest]/[method:slotWidthMatchesScale()]
IntTimeSeries.java,com.xceptance.xlt.report.util.rework.IntTimeSeries,org.pitest.mutationtest.engine.gregor.mutators.RemoveConditionalMutator_ORDER_ELSE,condense,244,KILLED,com.xceptance.xlt.report.util.rework.IntTimeSeriesTest.[engine:junit-jupiter]/[class:com.xceptance.xlt.report.util.rework.IntTimeSeriesTest]/[method:slotWidthMatchesScale()]
IntTimeSeries.java,com.xceptance.xlt.report.util.rework.IntTimeSeries,org.pitest.mutationtest.engine.gregor.mutators.RemoveConditionalMutator_ORDER_ELSE,condense,233,TIMED_OUT,none
IntTimeSeries.java,com.xceptance.xlt.report.util.rework.IntTimeSeries,org.pitest.mutationtest.engine.gregor.mutators.RemoveConditionalMutator_ORDER_IF,condense,238,KILLED,com.xceptance.xlt.report.util.rework.IntTimeSeriesTest.[engine:junit-jupiter]/[class:com.xceptance.xlt.report.util.rework.IntTimeSeriesTest]/[method:addValue_multipleCondensations()]
IntTimeSeries.java,com.xceptance.xlt.report.util.rework.IntTimeSeries,org.pitest.mutationtest.engine.gregor.mutators.RemoveConditionalMutator_ORDER_IF,condense,244,KILLED,com.xceptance.xlt.report.util.rework.IntTimeSeriesTest.[engine:junit-jupiter]/[class:com.xceptance.xlt.report.util.rework.IntTimeSeriesTest]/[method:addValue_multipleCondensations()]
IntTimeSeries.java,com.xceptance.xlt.report.util.rework.IntTimeSeries,org.pitest.mutationtest.engine.gregor.mutators.RemoveConditionalMutator_ORDER_IF,condense,233,KILLED,com.xceptance.xlt.report.util.rework.IntTimeSeriesTest.[engine:junit-jupiter]/[class:com.xceptance.xlt.report.util.rework.IntTimeSeriesTest]/[method:slotWidthMatchesScale()]
IntTimeSeries.java,com.xceptance.xlt.report.util.rework.IntTimeSeries,org.pitest.mutationtest.engine.gregor.mutators.MathMutator,expandToSeconds,195,KILLED,com.xceptance.xlt.report.util.rework.IntTimeSeriesTest.[engine:junit-jupiter]/[class:com.xceptance.xlt.report.util.rework.IntTimeSeriesTest]/[method:slotWidthMatchesScale()]
IntTimeSeries.java,com.xceptance.xlt.report.util.rework.IntTimeSeries,org.pitest.mutationtest.engine.gregor.mutators.MathMutator,expandToSeconds,195,TIMED_OUT,none
IntTimeSeries.java,com.xceptance.xlt.report.util.rework.IntTimeSeries,org.pitest.mutationtest.engine.gregor.mutators.returns.PrimitiveReturnsMutator,expandToSeconds,195,TIMED_OUT,none
IntTimeSeries.java,com.xceptance.xlt.report.util.rework.IntTimeSeries,org.pitest.mutationtest.engine.gregor.mutators.returns.PrimitiveReturnsMutator,getCount,338,KILLED,com.xceptance.xlt.report.util.rework.IntTimeSeriesTest.[engine:junit-jupiter]/[class:com.xceptance.xlt.report.util.rework.IntTimeSeriesTest]/[method:addValue_withEndTime_concurrency()]
IntTimeSeries.java,com.xceptance.xlt.report.util.rework.IntTimeSeries,org.pitest.mutationtest.engine.gregor.mutators.returns.PrimitiveReturnsMutator,getErrorCount,360,KILLED,com.xceptance.xlt.report.util.rework.IntTimeSeriesTest.[engine:junit-jupiter]/[class:com.xceptance.xlt.report.util.rework.IntTimeSeriesTest]/[method:addValue_sameSecondMultipleValues()]
IntTimeSeries.java,com.xceptance.xlt.report.util.rework.IntTimeSeries,org.pitest.mutationtest.engine.gregor.mutators.RemoveConditionalMutator_EQUAL_ELSE,getFirstSecond,267,KILLED,com.xceptance.xlt.report.util.rework.IntTimeSeriesTest.[engine:junit-jupiter]/[class:com.xceptance.xlt.report.util.rework.IntTimeSeriesTest]/[method:getFirstSecond_throwsWhenEmpty()]
IntTimeSeries.java,com.xceptance.xlt.report.util.rework.IntTimeSeries,org.pitest.mutationtest.engine.gregor.mutators.RemoveConditionalMutator_EQUAL_IF,getFirstSecond,267,KILLED,com.xceptance.xlt.report.util.rework.IntTimeSeriesTest.[engine:junit-jupiter]/[class:com.xceptance.xlt.report.util.rework.IntTimeSeriesTest]/[method:addValue_single()]
IntTimeSeries.java,com.xceptance.xlt.report.util.rework.IntTimeSeries,org.pitest.mutationtest.engine.gregor.mutators.returns.PrimitiveReturnsMutator,getFirstSecond,272,KILLED,com.xceptance.xlt.report.util.rework.IntTimeSeriesTest.[engine:junit-jupiter]/[class:com.xceptance.xlt.report.util.rework.IntTimeSeriesTest]/[method:addValue_single()]
IntTimeSeries.java,com.xceptance.xlt.report.util.rework.IntTimeSeries,org.pitest.mutationtest.engine.gregor.mutators.MathMutator,getLastSecond,287,KILLED,com.xceptance.xlt.report.util.rework.IntTimeSeriesTest.[engine:junit-jupiter]/[class:com.xceptance.xlt.report.util.rework.IntTimeSeriesTest]/[method:addValue_multipleSeconds()]
IntTimeSeries.java,com.xceptance.xlt.report.util.rework.IntTimeSeries,org.pitest.mutationtest.engine.gregor.mutators.RemoveConditionalMutator_EQUAL_ELSE,getLastSecond,282,KILLED,com.xceptance.xlt.report.util.rework.IntTimeSeriesTest.[engine:junit-jupiter]/[class:com.xceptance.xlt.report.util.rework.IntTimeSeriesTest]/[method:getLastSecond_throwsWhenEmpty()]
IntTimeSeries.java,com.xceptance.xlt.report.util.rework.IntTimeSeries,org.pitest.mutationtest.engine.gregor.mutators.RemoveConditionalMutator_EQUAL_IF,getLastSecond,282,KILLED,com.xceptance.xlt.report.util.rework.IntTimeSeriesTest.[engine:junit-jupiter]/[class:com.xceptance.xlt.report.util.rework.IntTimeSeriesTest]/[method:addValue_single()]
IntTimeSeries.java,com.xceptance.xlt.report.util.rework.IntTimeSeries,org.pitest.mutationtest.engine.gregor.mutators.returns.PrimitiveReturnsMutator,getLastSecond,287,KILLED,com.xceptance.xlt.report.util.rework.IntTimeSeriesTest.[engine:junit-jupiter]/[class:com.xceptance.xlt.report.util.rework.IntTimeSeriesTest]/[method:addValue_single()]
IntTimeSeries.java,com.xceptance.xlt.report.util.rework.IntTimeSeries,org.pitest.mutationtest.engine.gregor.mutators.MathMutator,getMean,443,KILLED,com.xceptance.xlt.report.util.rework.IntTimeSeriesTest.[engine:junit-jupiter]/[class:com.xceptance.xlt.report.util.rework.IntTimeSeriesTest]/[method:addValue_sameSecondMultipleValues()]
IntTimeSeries.java,com.xceptance.xlt.report.util.rework.IntTimeSeries,org.pitest.mutationtest.engine.gregor.mutators.RemoveConditionalMutator_EQUAL_ELSE,getMean,438,KILLED,com.xceptance.xlt.report.util.rework.IntTimeSeriesTest.[engine:junit-jupiter]/[class:com.xceptance.xlt.report.util.rework.IntTimeSeriesTest]/[method:getMean_emptyReturnsZero()]
IntTimeSeries.java,com.xceptance.xlt.report.util.rework.IntTimeSeries,org.pitest.mutationtest.engine.gregor.mutators.RemoveConditionalMutator_EQUAL_IF,getMean,438,KILLED,com.xceptance.xlt.report.util.rework.IntTimeSeriesTest.[engine:junit-jupiter]/[class:com.xceptance.xlt.report.util.rework.IntTimeSeriesTest]/[method:addValue_single()]
IntTimeSeries.java,com.xceptance.xlt.report.util.rework.IntTimeSeries,org.pitest.mutationtest.engine.gregor.mutators.returns.PrimitiveReturnsMutator,getMean,443,KILLED,com.xceptance.xlt.report.util.rework.IntTimeSeriesTest.[engine:junit-jupiter]/[class:com.xceptance.xlt.report.util.rework.IntTimeSeriesTest]/[method:addValue_single()]
IntTimeSeries.java,com.xceptance.xlt.report.util.rework.IntTimeSeries,org.pitest.mutationtest.engine.gregor.mutators.returns.PrimitiveReturnsMutator,getPercentile,381,KILLED,com.xceptance.xlt.report.util.rework.IntTimeSeriesTest.[engine:junit-jupiter]/[class:com.xceptance.xlt.report.util.rework.IntTimeSeriesTest]/[method:getPercentile()]
IntTimeSeries.java,com.xceptance.xlt.report.util.rework.IntTimeSeries,org.pitest.mutationtest.engine.gregor.mutators.returns.PrimitiveReturnsMutator,getScale,297,KILLED,com.xceptance.xlt.report.util.rework.IntTimeSeriesTest.[engine:junit-jupiter]/[class:com.xceptance.xlt.report.util.rework.IntTimeSeriesTest]/[method:defaultConstructor()]
IntTimeSeries.java,com.xceptance.xlt.report.util.rework.IntTimeSeries,org.pitest.mutationtest.engine.gregor.mutators.returns.PrimitiveReturnsMutator,getSize,317,KILLED,com.xceptance.xlt.report.util.rework.IntTimeSeriesTest.[engine:junit-jupiter]/[class:com.xceptance.xlt.report.util.rework.IntTimeSeriesTest]/[method:customSize()]
IntTimeSeries.java,com.xceptance.xlt.report.util.rework.IntTimeSeries,org.pitest.mutationtest.engine.gregor.mutators.MathMutator,getSlotWidth,307,KILLED,com.xceptance.xlt.report.util.rework.IntTimeSeriesTest.[engine:junit-jupiter]/[class:com.xceptance.xlt.report.util.rework.IntTimeSeriesTest]/[method:defaultConstructor()]
IntTimeSeries.java,com.xceptance.xlt.report.util.rework.IntTimeSeries,org.pitest.mutationtest.engine.gregor.mutators.MathMutator,getSlotWidth,307,KILLED,com.xceptance.xlt.report.util.rework.IntTimeSeriesTest.[engine:junit-jupiter]/[class:com.xceptance.xlt.report.util.rework.IntTimeSeriesTest]/[method:slotWidthMatchesScale()]
IntTimeSeries.java,com.xceptance.xlt.report.util.rework.IntTimeSeries,org.pitest.mutationtest.engine.gregor.mutators.returns.PrimitiveReturnsMutator,getSlotWidth,307,KILLED,com.xceptance.xlt.report.util.rework.IntTimeSeriesTest.[engine:junit-jupiter]/[class:com.xceptance.xlt.report.util.rework.IntTimeSeriesTest]/[method:defaultConstructor()]
IntTimeSeries.java,com.xceptance.xlt.report.util.rework.IntTimeSeries,org.pitest.mutationtest.engine.gregor.mutators.MathMutator,getStandardDeviation,398,KILLED,com.xceptance.xlt.report.util.rework.IntTimeSeriesTest.[engine:junit-jupiter]/[class:com.xceptance.xlt.report.util.rework.IntTimeSeriesTest]/[method:getStandardDeviation_uniform()]
IntTimeSeries.java,com.xceptance.xlt.report.util.rework.IntTimeSeries,org.pitest.mutationtest.engine.gregor.mutators.MathMutator,getStandardDeviation,400,KILLED,com.xceptance.xlt.report.util.rework.IntTimeSeriesTest.[engine:junit-jupiter]/[class:com.xceptance.xlt.report.util.rework.IntTimeSeriesTest]/[method:getStandardDeviation_uniform()]
IntTimeSeries.java,com.xceptance.xlt.report.util.rework.IntTimeSeries,org.pitest.mutationtest.engine.gregor.mutators.MathMutator,getStandardDeviation,400,KILLED,com.xceptance.xlt.report.util.rework.IntTimeSeriesTest.[engine:junit-jupiter]/[class:com.xceptance.xlt.report.util.rework.IntTimeSeriesTest]/[method:getStandardDeviation_singleValue()]
IntTimeSeries.java,com.xceptance.xlt.report.util.rework.IntTimeSeries,org.pitest.mutationtest.engine.gregor.mutators.MathMutator,getStandardDeviation,400,KILLED,com.xceptance.xlt.report.util.rework.IntTimeSeriesTest.[engine:junit-jupiter]/[class:com.xceptance.xlt.report.util.rework.IntTimeSeriesTest]/[method:getStandardDeviation_singleValue()]
IntTimeSeries.java,com.xceptance.xlt.report.util.rework.IntTimeSeries,org.pitest.mutationtest.engine.gregor.mutators.RemoveConditionalMutator_EQUAL_ELSE,getStandardDeviation,394,KILLED,com.xceptance.xlt.report.util.rework.IntTimeSeriesTest.[engine:junit-jupiter]/[class:com.xceptance.xlt.report.util.rework.IntTimeSeriesTest]/[method:defaultConstructor()]
IntTimeSeries.java,com.xceptance.xlt.report.util.rework.IntTimeSeries,org.pitest.mutationtest.engine.gregor.mutators.RemoveConditionalMutator_EQUAL_IF,getStandardDeviation,394,KILLED,com.xceptance.xlt.report.util.rework.IntTimeSeriesTest.[engine:junit-jupiter]/[class:com.xceptance.xlt.report.util.rework.IntTimeSeriesTest]/[method:getStandardDeviation_uniform()]
IntTimeSeries.java,com.xceptance.xlt.report.util.rework.IntTimeSeries,org.pitest.mutationtest.engine.gregor.mutators.returns.PrimitiveReturnsMutator,getStandardDeviation,400,KILLED,com.xceptance.xlt.report.util.rework.IntTimeSeriesTest.[engine:junit-jupiter]/[class:com.xceptance.xlt.report.util.rework.IntTimeSeriesTest]/[method:getStandardDeviation_uniform()]
IntTimeSeries.java,com.xceptance.xlt.report.util.rework.IntTimeSeries,org.pitest.mutationtest.engine.gregor.mutators.returns.NullReturnValsMutator,getStatistics,327,KILLED,com.xceptance.xlt.report.util.rework.IntTimeSeriesTest.[engine:junit-jupiter]/[class:com.xceptance.xlt.report.util.rework.IntTimeSeriesTest]/[method:getStatistics_aggregates()]
IntTimeSeries.java,com.xceptance.xlt.report.util.rework.IntTimeSeries,org.pitest.mutationtest.engine.gregor.mutators.returns.PrimitiveReturnsMutator,getTotalValue,349,KILLED,com.xceptance.xlt.report.util.rework.IntTimeSeriesTest.[engine:junit-jupiter]/[class:com.xceptance.xlt.report.util.rework.IntTimeSeriesTest]/[method:addValue_threeArgOverload()]
IntTimeSeries.java,com.xceptance.xlt.report.util.rework.IntTimeSeries,org.pitest.mutationtest.engine.gregor.mutators.returns.NullReturnValsMutator,getValues,370,KILLED,com.xceptance.xlt.report.util.rework.IntTimeSeriesTest.[engine:junit-jupiter]/[class:com.xceptance.xlt.report.util.rework.IntTimeSeriesTest]/[method:getValues_returnsArray()]
IntTimeSeries.java,com.xceptance.xlt.report.util.rework.IntTimeSeries,org.pitest.mutationtest.engine.gregor.mutators.returns.NullReturnValsMutator,lambda$0,107,KILLED,com.xceptance.xlt.report.util.rework.IntTimeSeriesTest.[engine:junit-jupiter]/[class:com.xceptance.xlt.report.util.rework.IntTimeSeriesTest]/[method:getMean_emptyReturnsZero()]
IntTimeSeries.java,com.xceptance.xlt.report.util.rework.IntTimeSeries,org.pitest.mutationtest.engine.gregor.mutators.MathMutator,lambda$1,418,KILLED,com.xceptance.xlt.report.util.rework.IntTimeSeriesTest.[engine:junit-jupiter]/[class:com.xceptance.xlt.report.util.rework.IntTimeSeriesTest]/[method:addValue_withEndTime_concurrency()]
IntTimeSeries.java,com.xceptance.xlt.report.util.rework.IntTimeSeries,org.pitest.mutationtest.engine.gregor.mutators.MathMutator,lambda$1,419,KILLED,com.xceptance.xlt.report.util.rework.IntTimeSeriesTest.[engine:junit-jupiter]/[class:com.xceptance.xlt.report.util.rework.IntTimeSeriesTest]/[method:addValue_threeArgOverload()]
IntTimeSeries.java,com.xceptance.xlt.report.util.rework.IntTimeSeries,org.pitest.mutationtest.engine.gregor.mutators.MathMutator,lambda$1,420,KILLED,com.xceptance.xlt.report.util.rework.IntTimeSeriesTest.[engine:junit-jupiter]/[class:com.xceptance.xlt.report.util.rework.IntTimeSeriesTest]/[method:getStatistics_aggregates()]
IntTimeSeries.java,com.xceptance.xlt.report.util.rework.IntTimeSeries,org.pitest.mutationtest.engine.gregor.mutators.RemoveConditionalMutator_EQUAL_ELSE,lambda$1,414,KILLED,com.xceptance.xlt.report.util.rework.IntTimeSeriesTest.[engine:junit-jupiter]/[class:com.xceptance.xlt.report.util.rework.IntTimeSeriesTest]/[method:toHistogram_singleValue_throwsIAE_whenMinEqualsMax()]
IntTimeSeries.java,com.xceptance.xlt.report.util.rework.IntTimeSeries,org.pitest.mutationtest.engine.gregor.mutators.RemoveConditionalMutator_EQUAL_IF,lambda$1,414,KILLED,com.xceptance.xlt.report.util.rework.IntTimeSeriesTest.[engine:junit-jupiter]/[class:com.xceptance.xlt.report.util.rework.IntTimeSeriesTest]/[method:addValue_withEndTime_concurrency()]
IntTimeSeries.java,com.xceptance.xlt.report.util.rework.IntTimeSeries,org.pitest.mutationtest.engine.gregor.mutators.ConditionalsBoundaryMutator,shiftRight,209,SURVIVED,none
IntTimeSeries.java,com.xceptance.xlt.report.util.rework.IntTimeSeries,org.pitest.mutationtest.engine.gregor.mutators.ConditionalsBoundaryMutator,shiftRight,221,KILLED,com.xceptance.xlt.report.util.rework.IntTimeSeriesTest.[engine:junit-jupiter]/[class:com.xceptance.xlt.report.util.rework.IntTimeSeriesTest]/[method:addValue_goingBackInTime_shiftsRight()]
IntTimeSeries.java,com.xceptance.xlt.report.util.rework.IntTimeSeries,org.pitest.mutationtest.engine.gregor.mutators.IncrementsMutator,shiftRight,221,KILLED,com.xceptance.xlt.report.util.rework.IntTimeSeriesTest.[engine:junit-jupiter]/[class:com.xceptance.xlt.report.util.rework.IntTimeSeriesTest]/[method:addValue_goingBackInTime_shiftsRight()]
IntTimeSeries.java,com.xceptance.xlt.report.util.rework.IntTimeSeries,org.pitest.mutationtest.engine.gregor.mutators.MathMutator,shiftRight,208,SURVIVED,none
IntTimeSeries.java,com.xceptance.xlt.report.util.rework.IntTimeSeries,org.pitest.mutationtest.engine.gregor.mutators.MathMutator,shiftRight,209,SURVIVED,none
IntTimeSeries.java,com.xceptance.xlt.report.util.rework.IntTimeSeries,org.pitest.mutationtest.engine.gregor.mutators.MathMutator,shiftRight,214,NO_COVERAGE,none
IntTimeSeries.java,com.xceptance.xlt.report.util.rework.IntTimeSeries,org.pitest.mutationtest.engine.gregor.mutators.MathMutator,shiftRight,217,KILLED,com.xceptance.xlt.report.util.rework.IntTimeSeriesTest.[engine:junit-jupiter]/[class:com.xceptance.xlt.report.util.rework.IntTimeSeriesTest]/[method:addValue_goingBackInTime_shiftsRight()]
IntTimeSeries.java,com.xceptance.xlt.report.util.rework.IntTimeSeries,org.pitest.mutationtest.engine.gregor.mutators.MathMutator,shiftRight,218,KILLED,com.xceptance.xlt.report.util.rework.IntTimeSeriesTest.[engine:junit-jupiter]/[class:com.xceptance.xlt.report.util.rework.IntTimeSeriesTest]/[method:addValue_goingBackInTime_shiftsRight()]
IntTimeSeries.java,com.xceptance.xlt.report.util.rework.IntTimeSeries,org.pitest.mutationtest.engine.gregor.mutators.MathMutator,shiftRight,226,KILLED,com.xceptance.xlt.report.util.rework.IntTimeSeriesTest.[engine:junit-jupiter]/[class:com.xceptance.xlt.report.util.rework.IntTimeSeriesTest]/[method:addValue_goingBackInTime_shiftsRight()]
IntTimeSeries.java,com.xceptance.xlt.report.util.rework.IntTimeSeries,org.pitest.mutationtest.engine.gregor.mutators.RemoveConditionalMutator_EQUAL_ELSE,shiftRight,200,KILLED,com.xceptance.xlt.report.util.rework.IntTimeSeriesTest.[engine:junit-jupiter]/[class:com.xceptance.xlt.report.util.rework.IntTimeSeriesTest]/[method:getValues_returnsArray()]
IntTimeSeries.java,com.xceptance.xlt.report.util.rework.IntTimeSeries,org.pitest.mutationtest.engine.gregor.mutators.RemoveConditionalMutator_EQUAL_IF,shiftRight,200,KILLED,com.xceptance.xlt.report.util.rework.IntTimeSeriesTest.[engine:junit-jupiter]/[class:com.xceptance.xlt.report.util.rework.IntTimeSeriesTest]/[method:addValue_goingBackInTime_shiftsRight()]
IntTimeSeries.java,com.xceptance.xlt.report.util.rework.IntTimeSeries,org.pitest.mutationtest.engine.gregor.mutators.RemoveConditionalMutator_ORDER_ELSE,shiftRight,209,SURVIVED,none
IntTimeSeries.java,com.xceptance.xlt.report.util.rework.IntTimeSeries,org.pitest.mutationtest.engine.gregor.mutators.RemoveConditionalMutator_ORDER_ELSE,shiftRight,221,KILLED,com.xceptance.xlt.report.util.rework.IntTimeSeriesTest.[engine:junit-jupiter]/[class:com.xceptance.xlt.report.util.rework.IntTimeSeriesTest]/[method:addValue_goingBackInTime_shiftsRight()]
IntTimeSeries.java,com.xceptance.xlt.report.util.rework.IntTimeSeries,org.pitest.mutationtest.engine.gregor.mutators.RemoveConditionalMutator_ORDER_IF,shiftRight,209,SURVIVED,none
IntTimeSeries.java,com.xceptance.xlt.report.util.rework.IntTimeSeries,org.pitest.mutationtest.engine.gregor.mutators.RemoveConditionalMutator_ORDER_IF,shiftRight,221,KILLED,com.xceptance.xlt.report.util.rework.IntTimeSeriesTest.[engine:junit-jupiter]/[class:com.xceptance.xlt.report.util.rework.IntTimeSeriesTest]/[method:addValue_goingBackInTime_shiftsRight()]
IntTimeSeries.java,com.xceptance.xlt.report.util.rework.IntTimeSeries,org.pitest.mutationtest.engine.gregor.mutators.VoidMethodCallMutator,shiftRight,214,NO_COVERAGE,none
IntTimeSeries.java,com.xceptance.xlt.report.util.rework.IntTimeSeries,org.pitest.mutationtest.engine.gregor.mutators.VoidMethodCallMutator,shiftRight,218,KILLED,com.xceptance.xlt.report.util.rework.IntTimeSeriesTest.[engine:junit-jupiter]/[class:com.xceptance.xlt.report.util.rework.IntTimeSeriesTest]/[method:addValue_goingBackInTime_shiftsRight()]
IntTimeSeries.java,com.xceptance.xlt.report.util.rework.IntTimeSeries,org.pitest.mutationtest.engine.gregor.mutators.ConditionalsBoundaryMutator,toHistogram,467,KILLED,com.xceptance.xlt.report.util.rework.IntTimeSeriesTest.[engine:junit-jupiter]/[class:com.xceptance.xlt.report.util.rework.IntTimeSeriesTest]/[method:toHistogram_uniformDistribution()]
IntTimeSeries.java,com.xceptance.xlt.report.util.rework.IntTimeSeries,org.pitest.mutationtest.engine.gregor.mutators.IncrementsMutator,toHistogram,467,TIMED_OUT,none
IntTimeSeries.java,com.xceptance.xlt.report.util.rework.IntTimeSeries,org.pitest.mutationtest.engine.gregor.mutators.MathMutator,toHistogram,465,KILLED,com.xceptance.xlt.report.util.rework.IntTimeSeriesTest.[engine:junit-jupiter]/[class:com.xceptance.xlt.report.util.rework.IntTimeSeriesTest]/[method:toHistogram_singleValue_throwsIAE_whenMinEqualsMax()]
IntTimeSeries.java,com.xceptance.xlt.report.util.rework.IntTimeSeries,org.pitest.mutationtest.engine.gregor.mutators.MathMutator,toHistogram,465,SURVIVED,none
IntTimeSeries.java,com.xceptance.xlt.report.util.rework.IntTimeSeries,org.pitest.mutationtest.engine.gregor.mutators.MathMutator,toHistogram,469,SURVIVED,none
IntTimeSeries.java,com.xceptance.xlt.report.util.rework.IntTimeSeries,org.pitest.mutationtest.engine.gregor.mutators.MathMutator,toHistogram,469,SURVIVED,none
IntTimeSeries.java,com.xceptance.xlt.report.util.rework.IntTimeSeries,org.pitest.mutationtest.engine.gregor.mutators.MathMutator,toHistogram,471,SURVIVED,none
IntTimeSeries.java,com.xceptance.xlt.report.util.rework.IntTimeSeries,org.pitest.mutationtest.engine.gregor.mutators.MathMutator,toHistogram,471,KILLED,com.xceptance.xlt.report.util.rework.IntTimeSeriesTest.[engine:junit-jupiter]/[class:com.xceptance.xlt.report.util.rework.IntTimeSeriesTest]/[method:toHistogram_uniformDistribution()]
IntTimeSeries.java,com.xceptance.xlt.report.util.rework.IntTimeSeries,org.pitest.mutationtest.engine.gregor.mutators.MathMutator,toHistogram,471,KILLED,com.xceptance.xlt.report.util.rework.IntTimeSeriesTest.[engine:junit-jupiter]/[class:com.xceptance.xlt.report.util.rework.IntTimeSeriesTest]/[method:toHistogram_uniformDistribution()]
IntTimeSeries.java,com.xceptance.xlt.report.util.rework.IntTimeSeries,org.pitest.mutationtest.engine.gregor.mutators.MathMutator,toHistogram,471,KILLED,com.xceptance.xlt.report.util.rework.IntTimeSeriesTest.[engine:junit-jupiter]/[class:com.xceptance.xlt.report.util.rework.IntTimeSeriesTest]/[method:toHistogram_uniformDistribution()]
IntTimeSeries.java,com.xceptance.xlt.report.util.rework.IntTimeSeries,org.pitest.mutationtest.engine.gregor.mutators.MathMutator,toHistogram,471,KILLED,com.xceptance.xlt.report.util.rework.IntTimeSeriesTest.[engine:junit-jupiter]/[class:com.xceptance.xlt.report.util.rework.IntTimeSeriesTest]/[method:toHistogram_uniformDistribution()]
IntTimeSeries.java,com.xceptance.xlt.report.util.rework.IntTimeSeries,org.pitest.mutationtest.engine.gregor.mutators.MathMutator,toHistogram,471,KILLED,com.xceptance.xlt.report.util.rework.IntTimeSeriesTest.[engine:junit-jupiter]/[class:com.xceptance.xlt.report.util.rework.IntTimeSeriesTest]/[method:toHistogram_singleValue_throwsIAE_whenMinEqualsMax()]
IntTimeSeries.java,com.xceptance.xlt.report.util.rework.IntTimeSeries,org.pitest.mutationtest.engine.gregor.mutators.MathMutator,toHistogram,471,KILLED,com.xceptance.xlt.report.util.rework.IntTimeSeriesTest.[engine:junit-jupiter]/[class:com.xceptance.xlt.report.util.rework.IntTimeSeriesTest]/[method:toHistogram_uniformDistribution()]
IntTimeSeries.java,com.xceptance.xlt.report.util.rework.IntTimeSeries,org.pitest.mutationtest.engine.gregor.mutators.MathMutator,toHistogram,471,KILLED,com.xceptance.xlt.report.util.rework.IntTimeSeriesTest.[engine:junit-jupiter]/[class:com.xceptance.xlt.report.util.rework.IntTimeSeriesTest]/[method:toHistogram_singleValue_throwsIAE_whenMinEqualsMax()]
IntTimeSeries.java,com.xceptance.xlt.report.util.rework.IntTimeSeries,org.pitest.mutationtest.engine.gregor.mutators.RemoveConditionalMutator_EQUAL_ELSE,toHistogram,456,KILLED,com.xceptance.xlt.report.util.rework.IntTimeSeriesTest.[engine:junit-jupiter]/[class:com.xceptance.xlt.report.util.rework.IntTimeSeriesTest]/[method:toHistogram_empty()]
IntTimeSeries.java,com.xceptance.xlt.report.util.rework.IntTimeSeries,org.pitest.mutationtest.engine.gregor.mutators.RemoveConditionalMutator_EQUAL_ELSE,toHistogram,469,SURVIVED,none
IntTimeSeries.java,com.xceptance.xlt.report.util.rework.IntTimeSeries,org.pitest.mutationtest.engine.gregor.mutators.RemoveConditionalMutator_EQUAL_ELSE,toHistogram,471,SURVIVED,none
IntTimeSeries.java,com.xceptance.xlt.report.util.rework.IntTimeSeries,org.pitest.mutationtest.engine.gregor.mutators.RemoveConditionalMutator_EQUAL_IF,toHistogram,456,KILLED,com.xceptance.xlt.report.util.rework.IntTimeSeriesTest.[engine:junit-jupiter]/[class:com.xceptance.xlt.report.util.rework.IntTimeSeriesTest]/[method:toHistogram_singleValue_throwsIAE_whenMinEqualsMax()]
IntTimeSeries.java,com.xceptance.xlt.report.util.rework.IntTimeSeries,org.pitest.mutationtest.engine.gregor.mutators.RemoveConditionalMutator_EQUAL_IF,toHistogram,469,KILLED,com.xceptance.xlt.report.util.rework.IntTimeSeriesTest.[engine:junit-jupiter]/[class:com.xceptance.xlt.report.util.rework.IntTimeSeriesTest]/[method:toHistogram_singleValue_throwsIAE_whenMinEqualsMax()]
IntTimeSeries.java,com.xceptance.xlt.report.util.rework.IntTimeSeries,org.pitest.mutationtest.engine.gregor.mutators.RemoveConditionalMutator_EQUAL_IF,toHistogram,471,KILLED,com.xceptance.xlt.report.util.rework.IntTimeSeriesTest.[engine:junit-jupiter]/[class:com.xceptance.xlt.report.util.rework.IntTimeSeriesTest]/[method:toHistogram_singleValue_throwsIAE_whenMinEqualsMax()]
IntTimeSeries.java,com.xceptance.xlt.report.util.rework.IntTimeSeries,org.pitest.mutationtest.engine.gregor.mutators.RemoveConditionalMutator_ORDER_ELSE,toHistogram,467,TIMED_OUT,none
IntTimeSeries.java,com.xceptance.xlt.report.util.rework.IntTimeSeries,org.pitest.mutationtest.engine.gregor.mutators.RemoveConditionalMutator_ORDER_IF,toHistogram,467,KILLED,com.xceptance.xlt.report.util.rework.IntTimeSeriesTest.[engine:junit-jupiter]/[class:com.xceptance.xlt.report.util.rework.IntTimeSeriesTest]/[method:toHistogram_singleValue_throwsIAE_whenMinEqualsMax()]
IntTimeSeries.java,com.xceptance.xlt.report.util.rework.IntTimeSeries,org.pitest.mutationtest.engine.gregor.mutators.returns.EmptyObjectReturnValsMutator,toHistogram,458,SURVIVED,none
IntTimeSeries.java,com.xceptance.xlt.report.util.rework.IntTimeSeries,org.pitest.mutationtest.engine.gregor.mutators.returns.EmptyObjectReturnValsMutator,toHistogram,478,KILLED,com.xceptance.xlt.report.util.rework.IntTimeSeriesTest.[engine:junit-jupiter]/[class:com.xceptance.xlt.report.util.rework.IntTimeSeriesTest]/[method:toHistogram_uniformDistribution()]
IntTimeSeriesEntry.java,com.xceptance.xlt.report.util.rework.IntTimeSeriesEntry,org.pitest.mutationtest.engine.gregor.mutators.VoidMethodCallMutator,<init>,75,KILLED,com.xceptance.xlt.report.util.rework.IntTimeSeriesEntryTest.[engine:junit-jupiter]/[class:com.xceptance.xlt.report.util.rework.IntTimeSeriesEntryTest]/[method:constructorWithValue_failed()]
IntTimeSeriesEntry.java,com.xceptance.xlt.report.util.rework.IntTimeSeriesEntry,org.pitest.mutationtest.engine.gregor.mutators.RemoveConditionalMutator_EQUAL_ELSE,equals,334,SURVIVED,none
IntTimeSeriesEntry.java,com.xceptance.xlt.report.util.rework.IntTimeSeriesEntry,org.pitest.mutationtest.engine.gregor.mutators.RemoveConditionalMutator_EQUAL_ELSE,equals,338,SURVIVED,none
IntTimeSeriesEntry.java,com.xceptance.xlt.report.util.rework.IntTimeSeriesEntry,org.pitest.mutationtest.engine.gregor.mutators.RemoveConditionalMutator_EQUAL_ELSE,equals,343,SURVIVED,none
IntTimeSeriesEntry.java,com.xceptance.xlt.report.util.rework.IntTimeSeriesEntry,org.pitest.mutationtest.engine.gregor.mutators.RemoveConditionalMutator_EQUAL_ELSE,equals,347,SURVIVED,none
IntTimeSeriesEntry.java,com.xceptance.xlt.report.util.rework.IntTimeSeriesEntry,org.pitest.mutationtest.engine.gregor.mutators.RemoveConditionalMutator_EQUAL_ELSE,equals,351,SURVIVED,none
IntTimeSeriesEntry.java,com.xceptance.xlt.report.util.rework.IntTimeSeriesEntry,org.pitest.mutationtest.engine.gregor.mutators.RemoveConditionalMutator_EQUAL_ELSE,equals,355,SURVIVED,none
IntTimeSeriesEntry.java,com.xceptance.xlt.report.util.rework.IntTimeSeriesEntry,org.pitest.mutationtest.engine.gregor.mutators.RemoveConditionalMutator_EQUAL_ELSE,equals,359,SURVIVED,none
IntTimeSeriesEntry.java,com.xceptance.xlt.report.util.rework.IntTimeSeriesEntry,org.pitest.mutationtest.engine.gregor.mutators.RemoveConditionalMutator_EQUAL_ELSE,equals,363,SURVIVED,none
IntTimeSeriesEntry.java,com.xceptance.xlt.report.util.rework.IntTimeSeriesEntry,org.pitest.mutationtest.engine.gregor.mutators.RemoveConditionalMutator_EQUAL_ELSE,equals,367,SURVIVED,none
IntTimeSeriesEntry.java,com.xceptance.xlt.report.util.rework.IntTimeSeriesEntry,org.pitest.mutationtest.engine.gregor.mutators.RemoveConditionalMutator_EQUAL_ELSE,equals,371,SURVIVED,none
IntTimeSeriesEntry.java,com.xceptance.xlt.report.util.rework.IntTimeSeriesEntry,org.pitest.mutationtest.engine.gregor.mutators.RemoveConditionalMutator_EQUAL_ELSE,equals,375,SURVIVED,none
IntTimeSeriesEntry.java,com.xceptance.xlt.report.util.rework.IntTimeSeriesEntry,org.pitest.mutationtest.engine.gregor.mutators.RemoveConditionalMutator_EQUAL_IF,equals,330,KILLED,com.xceptance.xlt.report.util.rework.IntTimeSeriesEntryTest.[engine:junit-jupiter]/[class:com.xceptance.xlt.report.util.rework.IntTimeSeriesEntryTest]/[method:equals_differentContent()]
IntTimeSeriesEntry.java,com.xceptance.xlt.report.util.rework.IntTimeSeriesEntry,org.pitest.mutationtest.engine.gregor.mutators.RemoveConditionalMutator_EQUAL_IF,equals,334,KILLED,com.xceptance.xlt.report.util.rework.IntTimeSeriesEntryTest.[engine:junit-jupiter]/[class:com.xceptance.xlt.report.util.rework.IntTimeSeriesEntryTest]/[method:equals_sameContent()]
IntTimeSeriesEntry.java,com.xceptance.xlt.report.util.rework.IntTimeSeriesEntry,org.pitest.mutationtest.engine.gregor.mutators.RemoveConditionalMutator_EQUAL_IF,equals,338,KILLED,com.xceptance.xlt.report.util.rework.IntTimeSeriesEntryTest.[engine:junit-jupiter]/[class:com.xceptance.xlt.report.util.rework.IntTimeSeriesEntryTest]/[method:equals_sameContent()]
IntTimeSeriesEntry.java,com.xceptance.xlt.report.util.rework.IntTimeSeriesEntry,org.pitest.mutationtest.engine.gregor.mutators.RemoveConditionalMutator_EQUAL_IF,equals,343,KILLED,com.xceptance.xlt.report.util.rework.IntTimeSeriesEntryTest.[engine:junit-jupiter]/[class:com.xceptance.xlt.report.util.rework.IntTimeSeriesEntryTest]/[method:equals_sameContent()]
IntTimeSeriesEntry.java,com.xceptance.xlt.report.util.rework.IntTimeSeriesEntry,org.pitest.mutationtest.engine.gregor.mutators.RemoveConditionalMutator_EQUAL_IF,equals,347,KILLED,com.xceptance.xlt.report.util.rework.IntTimeSeriesEntryTest.[engine:junit-jupiter]/[class:com.xceptance.xlt.report.util.rework.IntTimeSeriesEntryTest]/[method:equals_sameContent()]
IntTimeSeriesEntry.java,com.xceptance.xlt.report.util.rework.IntTimeSeriesEntry,org.pitest.mutationtest.engine.gregor.mutators.RemoveConditionalMutator_EQUAL_IF,equals,351,KILLED,com.xceptance.xlt.report.util.rework.IntTimeSeriesEntryTest.[engine:junit-jupiter]/[class:com.xceptance.xlt.report.util.rework.IntTimeSeriesEntryTest]/[method:equals_sameContent()]
IntTimeSeriesEntry.java,com.xceptance.xlt.report.util.rework.IntTimeSeriesEntry,org.pitest.mutationtest.engine.gregor.mutators.RemoveConditionalMutator_EQUAL_IF,equals,355,KILLED,com.xceptance.xlt.report.util.rework.IntTimeSeriesEntryTest.[engine:junit-jupiter]/[class:com.xceptance.xlt.report.util.rework.IntTimeSeriesEntryTest]/[method:equals_sameContent()]
IntTimeSeriesEntry.java,com.xceptance.xlt.report.util.rework.IntTimeSeriesEntry,org.pitest.mutationtest.engine.gregor.mutators.RemoveConditionalMutator_EQUAL_IF,equals,359,KILLED,com.xceptance.xlt.report.util.rework.IntTimeSeriesEntryTest.[engine:junit-jupiter]/[class:com.xceptance.xlt.report.util.rework.IntTimeSeriesEntryTest]/[method:equals_sameContent()]
IntTimeSeriesEntry.java,com.xceptance.xlt.report.util.rework.IntTimeSeriesEntry,org.pitest.mutationtest.engine.gregor.mutators.RemoveConditionalMutator_EQUAL_IF,equals,363,KILLED,com.xceptance.xlt.report.util.rework.IntTimeSeriesEntryTest.[engine:junit-jupiter]/[class:com.xceptance.xlt.report.util.rework.IntTimeSeriesEntryTest]/[method:equals_sameContent()]
IntTimeSeriesEntry.java,com.xceptance.xlt.report.util.rework.IntTimeSeriesEntry,org.pitest.mutationtest.engine.gregor.mutators.RemoveConditionalMutator_EQUAL_IF,equals,367,KILLED,com.xceptance.xlt.report.util.rework.IntTimeSeriesEntryTest.[engine:junit-jupiter]/[class:com.xceptance.xlt.report.util.rework.IntTimeSeriesEntryTest]/[method:equals_sameContent()]
IntTimeSeriesEntry.java,com.xceptance.xlt.report.util.rework.IntTimeSeriesEntry,org.pitest.mutationtest.engine.gregor.mutators.RemoveConditionalMutator_EQUAL_IF,equals,371,KILLED,com.xceptance.xlt.report.util.rework.IntTimeSeriesEntryTest.[engine:junit-jupiter]/[class:com.xceptance.xlt.report.util.rework.IntTimeSeriesEntryTest]/[method:equals_sameContent()]
IntTimeSeriesEntry.java,com.xceptance.xlt.report.util.rework.IntTimeSeriesEntry,org.pitest.mutationtest.engine.gregor.mutators.RemoveConditionalMutator_EQUAL_IF,equals,375,KILLED,com.xceptance.xlt.report.util.rework.IntTimeSeriesEntryTest.[engine:junit-jupiter]/[class:com.xceptance.xlt.report.util.rework.IntTimeSeriesEntryTest]/[method:equals_sameContent()]
IntTimeSeriesEntry.java,com.xceptance.xlt.report.util.rework.IntTimeSeriesEntry,org.pitest.mutationtest.engine.gregor.mutators.returns.BooleanFalseReturnValsMutator,equals,332,KILLED,com.xceptance.xlt.report.util.rework.IntTimeSeriesEntryTest.[engine:junit-jupiter]/[class:com.xceptance.xlt.report.util.rework.IntTimeSeriesEntryTest]/[method:equals_sameInstance()]
IntTimeSeriesEntry.java,com.xceptance.xlt.report.util.rework.IntTimeSeriesEntry,org.pitest.mutationtest.engine.gregor.mutators.returns.BooleanFalseReturnValsMutator,equals,379,KILLED,com.xceptance.xlt.report.util.rework.IntTimeSeriesEntryTest.[engine:junit-jupiter]/[class:com.xceptance.xlt.report.util.rework.IntTimeSeriesEntryTest]/[method:equals_sameContent()]
IntTimeSeriesEntry.java,com.xceptance.xlt.report.util.rework.IntTimeSeriesEntry,org.pitest.mutationtest.engine.gregor.mutators.returns.BooleanTrueReturnValsMutator,equals,336,NO_COVERAGE,none
IntTimeSeriesEntry.java,com.xceptance.xlt.report.util.rework.IntTimeSeriesEntry,org.pitest.mutationtest.engine.gregor.mutators.returns.BooleanTrueReturnValsMutator,equals,340,NO_COVERAGE,none
IntTimeSeriesEntry.java,com.xceptance.xlt.report.util.rework.IntTimeSeriesEntry,org.pitest.mutationtest.engine.gregor.mutators.returns.BooleanTrueReturnValsMutator,equals,345,NO_COVERAGE,none
IntTimeSeriesEntry.java,com.xceptance.xlt.report.util.rework.IntTimeSeriesEntry,org.pitest.mutationtest.engine.gregor.mutators.returns.BooleanTrueReturnValsMutator,equals,349,KILLED,com.xceptance.xlt.report.util.rework.IntTimeSeriesEntryTest.[engine:junit-jupiter]/[class:com.xceptance.xlt.report.util.rework.IntTimeSeriesEntryTest]/[method:equals_differentContent()]
IntTimeSeriesEntry.java,com.xceptance.xlt.report.util.rework.IntTimeSeriesEntry,org.pitest.mutationtest.engine.gregor.mutators.returns.BooleanTrueReturnValsMutator,equals,353,NO_COVERAGE,none
IntTimeSeriesEntry.java,com.xceptance.xlt.report.util.rework.IntTimeSeriesEntry,org.pitest.mutationtest.engine.gregor.mutators.returns.BooleanTrueReturnValsMutator,equals,357,NO_COVERAGE,none
IntTimeSeriesEntry.java,com.xceptance.xlt.report.util.rework.IntTimeSeriesEntry,org.pitest.mutationtest.engine.gregor.mutators.returns.BooleanTrueReturnValsMutator,equals,361,NO_COVERAGE,none
IntTimeSeriesEntry.java,com.xceptance.xlt.report.util.rework.IntTimeSeriesEntry,org.pitest.mutationtest.engine.gregor.mutators.returns.BooleanTrueReturnValsMutator,equals,365,NO_COVERAGE,none
IntTimeSeriesEntry.java,com.xceptance.xlt.report.util.rework.IntTimeSeriesEntry,org.pitest.mutationtest.engine.gregor.mutators.returns.BooleanTrueReturnValsMutator,equals,369,NO_COVERAGE,none
IntTimeSeriesEntry.java,com.xceptance.xlt.report.util.rework.IntTimeSeriesEntry,org.pitest.mutationtest.engine.gregor.mutators.returns.BooleanTrueReturnValsMutator,equals,373,NO_COVERAGE,none
IntTimeSeriesEntry.java,com.xceptance.xlt.report.util.rework.IntTimeSeriesEntry,org.pitest.mutationtest.engine.gregor.mutators.returns.BooleanTrueReturnValsMutator,equals,377,NO_COVERAGE,none
IntTimeSeriesEntry.java,com.xceptance.xlt.report.util.rework.IntTimeSeriesEntry,org.pitest.mutationtest.engine.gregor.mutators.MathMutator,getAverageValue,177,KILLED,com.xceptance.xlt.report.util.rework.IntTimeSeriesEntryTest.[engine:junit-jupiter]/[class:com.xceptance.xlt.report.util.rework.IntTimeSeriesEntryTest]/[method:updateValue_multipleValues()]
IntTimeSeriesEntry.java,com.xceptance.xlt.report.util.rework.IntTimeSeriesEntry,org.pitest.mutationtest.engine.gregor.mutators.RemoveConditionalMutator_EQUAL_ELSE,getAverageValue,177,KILLED,com.xceptance.xlt.report.util.rework.IntTimeSeriesEntryTest.[engine:junit-jupiter]/[class:com.xceptance.xlt.report.util.rework.IntTimeSeriesEntryTest]/[method:defaultConstructor_emptyState()]
IntTimeSeriesEntry.java,com.xceptance.xlt.report.util.rework.IntTimeSeriesEntry,org.pitest.mutationtest.engine.gregor.mutators.RemoveConditionalMutator_EQUAL_IF,getAverageValue,177,KILLED,com.xceptance.xlt.report.util.rework.IntTimeSeriesEntryTest.[engine:junit-jupiter]/[class:com.xceptance.xlt.report.util.rework.IntTimeSeriesEntryTest]/[method:constructorWithValue()]
IntTimeSeriesEntry.java,com.xceptance.xlt.report.util.rework.IntTimeSeriesEntry,org.pitest.mutationtest.engine.gregor.mutators.returns.PrimitiveReturnsMutator,getAverageValue,177,KILLED,com.xceptance.xlt.report.util.rework.IntTimeSeriesEntryTest.[engine:junit-jupiter]/[class:com.xceptance.xlt.report.util.rework.IntTimeSeriesEntryTest]/[method:constructorWithValue()]
IntTimeSeriesEntry.java,com.xceptance.xlt.report.util.rework.IntTimeSeriesEntry,org.pitest.mutationtest.engine.gregor.mutators.returns.PrimitiveReturnsMutator,getConcurrentCount,249,KILLED,com.xceptance.xlt.report.util.rework.IntTimeSeriesEntryTest.[engine:junit-jupiter]/[class:com.xceptance.xlt.report.util.rework.IntTimeSeriesEntryTest]/[method:updateConcurrency()]
IntTimeSeriesEntry.java,com.xceptance.xlt.report.util.rework.IntTimeSeriesEntry,org.pitest.mutationtest.engine.gregor.mutators.returns.PrimitiveReturnsMutator,getCount,239,KILLED,com.xceptance.xlt.report.util.rework.IntTimeSeriesEntryTest.[engine:junit-jupiter]/[class:com.xceptance.xlt.report.util.rework.IntTimeSeriesEntryTest]/[method:constructorWithValue_failed()]
IntTimeSeriesEntry.java,com.xceptance.xlt.report.util.rework.IntTimeSeriesEntry,org.pitest.mutationtest.engine.gregor.mutators.returns.PrimitiveReturnsMutator,getErrorCount,206,KILLED,com.xceptance.xlt.report.util.rework.IntTimeSeriesEntryTest.[engine:junit-jupiter]/[class:com.xceptance.xlt.report.util.rework.IntTimeSeriesEntryTest]/[method:constructorWithValue_failed()]
IntTimeSeriesEntry.java,com.xceptance.xlt.report.util.rework.IntTimeSeriesEntry,org.pitest.mutationtest.engine.gregor.mutators.RemoveConditionalMutator_EQUAL_ELSE,getMaximumValue,188,KILLED,com.xceptance.xlt.report.util.rework.IntTimeSeriesEntryTest.[engine:junit-jupiter]/[class:com.xceptance.xlt.report.util.rework.IntTimeSeriesEntryTest]/[method:maxValue_handlesInitialSentinel()]
IntTimeSeriesEntry.java,com.xceptance.xlt.report.util.rework.IntTimeSeriesEntry,org.pitest.mutationtest.engine.gregor.mutators.RemoveConditionalMutator_EQUAL_IF,getMaximumValue,188,KILLED,com.xceptance.xlt.report.util.rework.IntTimeSeriesEntryTest.[engine:junit-jupiter]/[class:com.xceptance.xlt.report.util.rework.IntTimeSeriesEntryTest]/[method:constructorWithValue()]
IntTimeSeriesEntry.java,com.xceptance.xlt.report.util.rework.IntTimeSeriesEntry,org.pitest.mutationtest.engine.gregor.mutators.returns.PrimitiveReturnsMutator,getMaximumValue,188,KILLED,com.xceptance.xlt.report.util.rework.IntTimeSeriesEntryTest.[engine:junit-jupiter]/[class:com.xceptance.xlt.report.util.rework.IntTimeSeriesEntryTest]/[method:constructorWithValue()]
IntTimeSeriesEntry.java,com.xceptance.xlt.report.util.rework.IntTimeSeriesEntry,org.pitest.mutationtest.engine.gregor.mutators.RemoveConditionalMutator_EQUAL_ELSE,getMinimumValue,198,KILLED,com.xceptance.xlt.report.util.rework.IntTimeSeriesEntryTest.[engine:junit-jupiter]/[class:com.xceptance.xlt.report.util.rework.IntTimeSeriesEntryTest]/[method:minValue_handlesInitialSentinel()]
IntTimeSeriesEntry.java,com.xceptance.xlt.report.util.rework.IntTimeSeriesEntry,org.pitest.mutationtest.engine.gregor.mutators.RemoveConditionalMutator_EQUAL_IF,getMinimumValue,198,KILLED,com.xceptance.xlt.report.util.rework.IntTimeSeriesEntryTest.[engine:junit-jupiter]/[class:com.xceptance.xlt.report.util.rework.IntTimeSeriesEntryTest]/[method:constructorWithValue()]
IntTimeSeriesEntry.java,com.xceptance.xlt.report.util.rework.IntTimeSeriesEntry,org.pitest.mutationtest.engine.gregor.mutators.returns.PrimitiveReturnsMutator,getMinimumValue,198,KILLED,com.xceptance.xlt.report.util.rework.IntTimeSeriesEntryTest.[engine:junit-jupiter]/[class:com.xceptance.xlt.report.util.rework.IntTimeSeriesEntryTest]/[method:constructorWithValue()]
IntTimeSeriesEntry.java,com.xceptance.xlt.report.util.rework.IntTimeSeriesEntry,org.pitest.mutationtest.engine.gregor.mutators.returns.PrimitiveReturnsMutator,getTotalValue,167,KILLED,com.xceptance.xlt.report.util.rework.IntTimeSeriesEntryTest.[engine:junit-jupiter]/[class:com.xceptance.xlt.report.util.rework.IntTimeSeriesEntryTest]/[method:merge_emptyIntoNonEmpty()]
IntTimeSeriesEntry.java,com.xceptance.xlt.report.util.rework.IntTimeSeriesEntry,org.pitest.mutationtest.engine.gregor.mutators.ConditionalsBoundaryMutator,getValues,220,KILLED,com.xceptance.xlt.report.util.rework.IntTimeSeriesEntryTest.[engine:junit-jupiter]/[class:com.xceptance.xlt.report.util.rework.IntTimeSeriesEntryTest]/[method:getValues_valuesAbove63()]
IntTimeSeriesEntry.java,com.xceptance.xlt.report.util.rework.IntTimeSeriesEntry,org.pitest.mutationtest.engine.gregor.mutators.ConditionalsBoundaryMutator,getValues,218,KILLED,com.xceptance.xlt.report.util.rework.IntTimeSeriesEntryTest.[engine:junit-jupiter]/[class:com.xceptance.xlt.report.util.rework.IntTimeSeriesEntryTest]/[method:getValues_valuesAbove63()]
IntTimeSeriesEntry.java,com.xceptance.xlt.report.util.rework.IntTimeSeriesEntry,org.pitest.mutationtest.engine.gregor.mutators.IncrementsMutator,getValues,218,TIMED_OUT,none
IntTimeSeriesEntry.java,com.xceptance.xlt.report.util.rework.IntTimeSeriesEntry,org.pitest.mutationtest.engine.gregor.mutators.MathMutator,getValues,220,KILLED,com.xceptance.xlt.report.util.rework.IntTimeSeriesEntryTest.[engine:junit-jupiter]/[class:com.xceptance.xlt.report.util.rework.IntTimeSeriesEntryTest]/[method:getValues_smallDistinctValues()]
IntTimeSeriesEntry.java,com.xceptance.xlt.report.util.rework.IntTimeSeriesEntry,org.pitest.mutationtest.engine.gregor.mutators.MathMutator,getValues,220,KILLED,com.xceptance.xlt.report.util.rework.IntTimeSeriesEntryTest.[engine:junit-jupiter]/[class:com.xceptance.xlt.report.util.rework.IntTimeSeriesEntryTest]/[method:getValues_smallDistinctValues()]
IntTimeSeriesEntry.java,com.xceptance.xlt.report.util.rework.IntTimeSeriesEntry,org.pitest.mutationtest.engine.gregor.mutators.MathMutator,getValues,221,SURVIVED,none
IntTimeSeriesEntry.java,com.xceptance.xlt.report.util.rework.IntTimeSeriesEntry,org.pitest.mutationtest.engine.gregor.mutators.MathMutator,getValues,221,KILLED,com.xceptance.xlt.report.util.rework.IntTimeSeriesEntryTest.[engine:junit-jupiter]/[class:com.xceptance.xlt.report.util.rework.IntTimeSeriesEntryTest]/[method:getValues_valuesAbove63()]
IntTimeSeriesEntry.java,com.xceptance.xlt.report.util.rework.IntTimeSeriesEntry,org.pitest.mutationtest.engine.gregor.mutators.MathMutator,getValues,221,KILLED,com.xceptance.xlt.report.util.rework.IntTimeSeriesEntryTest.[engine:junit-jupiter]/[class:com.xceptance.xlt.report.util.rework.IntTimeSeriesEntryTest]/[method:getValues_smallDistinctValues()]
IntTimeSeriesEntry.java,com.xceptance.xlt.report.util.rework.IntTimeSeriesEntry,org.pitest.mutationtest.engine.gregor.mutators.MathMutator,getValues,222,SURVIVED,none
IntTimeSeriesEntry.java,com.xceptance.xlt.report.util.rework.IntTimeSeriesEntry,org.pitest.mutationtest.engine.gregor.mutators.MathMutator,getValues,222,KILLED,com.xceptance.xlt.report.util.rework.IntTimeSeriesEntryTest.[engine:junit-jupiter]/[class:com.xceptance.xlt.report.util.rework.IntTimeSeriesEntryTest]/[method:getValues_smallDistinctValues()]
IntTimeSeriesEntry.java,com.xceptance.xlt.report.util.rework.IntTimeSeriesEntry,org.pitest.mutationtest.engine.gregor.mutators.RemoveConditionalMutator_EQUAL_ELSE,getValues,220,KILLED,com.xceptance.xlt.report.util.rework.IntTimeSeriesEntryTest.[engine:junit-jupiter]/[class:com.xceptance.xlt.report.util.rework.IntTimeSeriesEntryTest]/[method:getValues_smallDistinctValues()]
IntTimeSeriesEntry.java,com.xceptance.xlt.report.util.rework.IntTimeSeriesEntry,org.pitest.mutationtest.engine.gregor.mutators.RemoveConditionalMutator_EQUAL_ELSE,getValues,221,KILLED,com.xceptance.xlt.report.util.rework.IntTimeSeriesEntryTest.[engine:junit-jupiter]/[class:com.xceptance.xlt.report.util.rework.IntTimeSeriesEntryTest]/[method:getValues_valuesAbove63()]
IntTimeSeriesEntry.java,com.xceptance.xlt.report.util.rework.IntTimeSeriesEntry,org.pitest.mutationtest.engine.gregor.mutators.RemoveConditionalMutator_EQUAL_ELSE,getValues,223,KILLED,com.xceptance.xlt.report.util.rework.IntTimeSeriesEntryTest.[engine:junit-jupiter]/[class:com.xceptance.xlt.report.util.rework.IntTimeSeriesEntryTest]/[method:getValues_smallDistinctValues()]
IntTimeSeriesEntry.java,com.xceptance.xlt.report.util.rework.IntTimeSeriesEntry,org.pitest.mutationtest.engine.gregor.mutators.RemoveConditionalMutator_EQUAL_IF,getValues,220,KILLED,com.xceptance.xlt.report.util.rework.IntTimeSeriesEntryTest.[engine:junit-jupiter]/[class:com.xceptance.xlt.report.util.rework.IntTimeSeriesEntryTest]/[method:getValues_smallDistinctValues()]
IntTimeSeriesEntry.java,com.xceptance.xlt.report.util.rework.IntTimeSeriesEntry,org.pitest.mutationtest.engine.gregor.mutators.RemoveConditionalMutator_EQUAL_IF,getValues,221,KILLED,com.xceptance.xlt.report.util.rework.IntTimeSeriesEntryTest.[engine:junit-jupiter]/[class:com.xceptance.xlt.report.util.rework.IntTimeSeriesEntryTest]/[method:getValues_smallDistinctValues()]
IntTimeSeriesEntry.java,com.xceptance.xlt.report.util.rework.IntTimeSeriesEntry,org.pitest.mutationtest.engine.gregor.mutators.RemoveConditionalMutator_EQUAL_IF,getValues,223,KILLED,com.xceptance.xlt.report.util.rework.IntTimeSeriesEntryTest.[engine:junit-jupiter]/[class:com.xceptance.xlt.report.util.rework.IntTimeSeriesEntryTest]/[method:getValues_smallDistinctValues()]
IntTimeSeriesEntry.java,com.xceptance.xlt.report.util.rework.IntTimeSeriesEntry,org.pitest.mutationtest.engine.gregor.mutators.RemoveConditionalMutator_ORDER_ELSE,getValues,220,KILLED,com.xceptance.xlt.report.util.rework.IntTimeSeriesEntryTest.[engine:junit-jupiter]/[class:com.xceptance.xlt.report.util.rework.IntTimeSeriesEntryTest]/[method:getValues_smallDistinctValues()]
IntTimeSeriesEntry.java,com.xceptance.xlt.report.util.rework.IntTimeSeriesEntry,org.pitest.mutationtest.engine.gregor.mutators.RemoveConditionalMutator_ORDER_ELSE,getValues,218,TIMED_OUT,none
IntTimeSeriesEntry.java,com.xceptance.xlt.report.util.rework.IntTimeSeriesEntry,org.pitest.mutationtest.engine.gregor.mutators.RemoveConditionalMutator_ORDER_IF,getValues,220,KILLED,com.xceptance.xlt.report.util.rework.IntTimeSeriesEntryTest.[engine:junit-jupiter]/[class:com.xceptance.xlt.report.util.rework.IntTimeSeriesEntryTest]/[method:getValues_smallDistinctValues()]
IntTimeSeriesEntry.java,com.xceptance.xlt.report.util.rework.IntTimeSeriesEntry,org.pitest.mutationtest.engine.gregor.mutators.RemoveConditionalMutator_ORDER_IF,getValues,218,KILLED,com.xceptance.xlt.report.util.rework.IntTimeSeriesEntryTest.[engine:junit-jupiter]/[class:com.xceptance.xlt.report.util.rework.IntTimeSeriesEntryTest]/[method:getValues_smallDistinctValues()]
IntTimeSeriesEntry.java,com.xceptance.xlt.report.util.rework.IntTimeSeriesEntry,org.pitest.mutationtest.engine.gregor.mutators.returns.NullReturnValsMutator,getValues,229,KILLED,com.xceptance.xlt.report.util.rework.IntTimeSeriesEntryTest.[engine:junit-jupiter]/[class:com.xceptance.xlt.report.util.rework.IntTimeSeriesEntryTest]/[method:getValues_smallDistinctValues()]
IntTimeSeriesEntry.java,com.xceptance.xlt.report.util.rework.IntTimeSeriesEntry,org.pitest.mutationtest.engine.gregor.mutators.ConditionalsBoundaryMutator,merge,262,SURVIVED,none
IntTimeSeriesEntry.java,com.xceptance.xlt.report.util.rework.IntTimeSeriesEntry,org.pitest.mutationtest.engine.gregor.mutators.ConditionalsBoundaryMutator,merge,265,SURVIVED,none
IntTimeSeriesEntry.java,com.xceptance.xlt.report.util.rework.IntTimeSeriesEntry,org.pitest.mutationtest.engine.gregor.mutators.ConditionalsBoundaryMutator,merge,277,SURVIVED,none
IntTimeSeriesEntry.java,com.xceptance.xlt.report.util.rework.IntTimeSeriesEntry,org.pitest.mutationtest.engine.gregor.mutators.ConditionalsBoundaryMutator,merge,280,NO_COVERAGE,none
IntTimeSeriesEntry.java,com.xceptance.xlt.report.util.rework.IntTimeSeriesEntry,org.pitest.mutationtest.engine.gregor.mutators.MathMutator,merge,274,TIMED_OUT,none
IntTimeSeriesEntry.java,com.xceptance.xlt.report.util.rework.IntTimeSeriesEntry,org.pitest.mutationtest.engine.gregor.mutators.MathMutator,merge,289,NO_COVERAGE,none
IntTimeSeriesEntry.java,com.xceptance.xlt.report.util.rework.IntTimeSeriesEntry,org.pitest.mutationtest.engine.gregor.mutators.MathMutator,merge,296,KILLED,com.xceptance.xlt.report.util.rework.IntTimeSeriesEntryTest.[engine:junit-jupiter]/[class:com.xceptance.xlt.report.util.rework.IntTimeSeriesEntryTest]/[method:merge_nonEmptyIntoEmpty()]
IntTimeSeriesEntry.java,com.xceptance.xlt.report.util.rework.IntTimeSeriesEntry,org.pitest.mutationtest.engine.gregor.mutators.MathMutator,merge,297,KILLED,com.xceptance.xlt.report.util.rework.IntTimeSeriesEntryTest.[engine:junit-jupiter]/[class:com.xceptance.xlt.report.util.rework.IntTimeSeriesEntryTest]/[method:merge_nonEmptyIntoEmpty()]
IntTimeSeriesEntry.java,com.xceptance.xlt.report.util.rework.IntTimeSeriesEntry,org.pitest.mutationtest.engine.gregor.mutators.MathMutator,merge,301,KILLED,com.xceptance.xlt.report.util.rework.IntTimeSeriesEntryTest.[engine:junit-jupiter]/[class:com.xceptance.xlt.report.util.rework.IntTimeSeriesEntryTest]/[method:merge_sameScale()]
IntTimeSeriesEntry.java,com.xceptance.xlt.report.util.rework.IntTimeSeriesEntry,org.pitest.mutationtest.engine.gregor.mutators.MathMutator,merge,303,SURVIVED,none
IntTimeSeriesEntry.java,com.xceptance.xlt.report.util.rework.IntTimeSeriesEntry,org.pitest.mutationtest.engine.gregor.mutators.MathMutator,merge,304,SURVIVED,none
IntTimeSeriesEntry.java,com.xceptance.xlt.report.util.rework.IntTimeSeriesEntry,org.pitest.mutationtest.engine.gregor.mutators.RemoveConditionalMutator_ORDER_ELSE,merge,262,SURVIVED,none
IntTimeSeriesEntry.java,com.xceptance.xlt.report.util.rework.IntTimeSeriesEntry,org.pitest.mutationtest.engine.gregor.mutators.RemoveConditionalMutator_ORDER_ELSE,merge,265,TIMED_OUT,none
IntTimeSeriesEntry.java,com.xceptance.xlt.report.util.rework.IntTimeSeriesEntry,org.pitest.mutationtest.engine.gregor.mutators.RemoveConditionalMutator_ORDER_ELSE,merge,277,SURVIVED,none
IntTimeSeriesEntry.java,com.xceptance.xlt.report.util.rework.IntTimeSeriesEntry,org.pitest.mutationtest.engine.gregor.mutators.RemoveConditionalMutator_ORDER_ELSE,merge,280,NO_COVERAGE,none
IntTimeSeriesEntry.java,com.xceptance.xlt.report.util.rework.IntTimeSeriesEntry,org.pitest.mutationtest.engine.gregor.mutators.RemoveConditionalMutator_ORDER_IF,merge,262,SURVIVED,none
IntTimeSeriesEntry.java,com.xceptance.xlt.report.util.rework.IntTimeSeriesEntry,org.pitest.mutationtest.engine.gregor.mutators.RemoveConditionalMutator_ORDER_IF,merge,265,SURVIVED,none
IntTimeSeriesEntry.java,com.xceptance.xlt.report.util.rework.IntTimeSeriesEntry,org.pitest.mutationtest.engine.gregor.mutators.RemoveConditionalMutator_ORDER_IF,merge,277,SURVIVED,none
IntTimeSeriesEntry.java,com.xceptance.xlt.report.util.rework.IntTimeSeriesEntry,org.pitest.mutationtest.engine.gregor.mutators.RemoveConditionalMutator_ORDER_IF,merge,280,NO_COVERAGE,none
IntTimeSeriesEntry.java,com.xceptance.xlt.report.util.rework.IntTimeSeriesEntry,org.pitest.mutationtest.engine.gregor.mutators.returns.NullReturnValsMutator,merge,306,KILLED,com.xceptance.xlt.report.util.rework.IntTimeSeriesEntryTest.[engine:junit-jupiter]/[class:com.xceptance.xlt.report.util.rework.IntTimeSeriesEntryTest]/[method:merge_emptyIntoNonEmpty()]
IntTimeSeriesEntry.java,com.xceptance.xlt.report.util.rework.IntTimeSeriesEntry,org.pitest.mutationtest.engine.gregor.mutators.ConditionalsBoundaryMutator,scaleIfNeeded,138,SURVIVED,none
IntTimeSeriesEntry.java,com.xceptance.xlt.report.util.rework.IntTimeSeriesEntry,org.pitest.mutationtest.engine.gregor.mutators.MathMutator,scaleIfNeeded,135,SURVIVED,none
IntTimeSeriesEntry.java,com.xceptance.xlt.report.util.rework.IntTimeSeriesEntry,org.pitest.mutationtest.engine.gregor.mutators.MathMutator,scaleIfNeeded,149,SURVIVED,none
IntTimeSeriesEntry.java,com.xceptance.xlt.report.util.rework.IntTimeSeriesEntry,org.pitest.mutationtest.engine.gregor.mutators.MathMutator,scaleIfNeeded,149,SURVIVED,none
IntTimeSeriesEntry.java,com.xceptance.xlt.report.util.rework.IntTimeSeriesEntry,org.pitest.mutationtest.engine.gregor.mutators.MathMutator,scaleIfNeeded,154,SURVIVED,none
IntTimeSeriesEntry.java,com.xceptance.xlt.report.util.rework.IntTimeSeriesEntry,org.pitest.mutationtest.engine.gregor.mutators.MathMutator,scaleIfNeeded,154,SURVIVED,none
IntTimeSeriesEntry.java,com.xceptance.xlt.report.util.rework.IntTimeSeriesEntry,org.pitest.mutationtest.engine.gregor.mutators.RemoveConditionalMutator_ORDER_ELSE,scaleIfNeeded,138,TIMED_OUT,none
IntTimeSeriesEntry.java,com.xceptance.xlt.report.util.rework.IntTimeSeriesEntry,org.pitest.mutationtest.engine.gregor.mutators.RemoveConditionalMutator_ORDER_IF,scaleIfNeeded,138,SURVIVED,none
IntTimeSeriesEntry.java,com.xceptance.xlt.report.util.rework.IntTimeSeriesEntry,org.pitest.mutationtest.engine.gregor.mutators.returns.PrimitiveReturnsMutator,scaleIfNeeded,157,KILLED,com.xceptance.xlt.report.util.rework.IntTimeSeriesEntryTest.[engine:junit-jupiter]/[class:com.xceptance.xlt.report.util.rework.IntTimeSeriesEntryTest]/[method:getValues_smallDistinctValues()]
IntTimeSeriesEntry.java,com.xceptance.xlt.report.util.rework.IntTimeSeriesEntry,org.pitest.mutationtest.engine.gregor.mutators.returns.EmptyObjectReturnValsMutator,toString,316,KILLED,com.xceptance.xlt.report.util.rework.IntTimeSeriesEntryTest.[engine:junit-jupiter]/[class:com.xceptance.xlt.report.util.rework.IntTimeSeriesEntryTest]/[method:toString_containsAllFields()]
IntTimeSeriesEntry.java,com.xceptance.xlt.report.util.rework.IntTimeSeriesEntry,org.pitest.mutationtest.engine.gregor.mutators.MathMutator,updateConcurrency,122,KILLED,com.xceptance.xlt.report.util.rework.IntTimeSeriesEntryTest.[engine:junit-jupiter]/[class:com.xceptance.xlt.report.util.rework.IntTimeSeriesEntryTest]/[method:updateConcurrency()]
IntTimeSeriesEntry.java,com.xceptance.xlt.report.util.rework.IntTimeSeriesEntry,org.pitest.mutationtest.engine.gregor.mutators.ConditionalsBoundaryMutator,updateValue,86,SURVIVED,none
IntTimeSeriesEntry.java,com.xceptance.xlt.report.util.rework.IntTimeSeriesEntry,org.pitest.mutationtest.engine.gregor.mutators.ConditionalsBoundaryMutator,updateValue,95,SURVIVED,none
IntTimeSeriesEntry.java,com.xceptance.xlt.report.util.rework.IntTimeSeriesEntry,org.pitest.mutationtest.engine.gregor.mutators.ConditionalsBoundaryMutator,updateValue,99,SURVIVED,none
IntTimeSeriesEntry.java,com.xceptance.xlt.report.util.rework.IntTimeSeriesEntry,org.pitest.mutationtest.engine.gregor.mutators.ConditionalsBoundaryMutator,updateValue,107,KILLED,com.xceptance.xlt.report.util.rework.IntTimeSeriesEntryTest.[engine:junit-jupiter]/[class:com.xceptance.xlt.report.util.rework.IntTimeSeriesEntryTest]/[method:getValues_valuesAbove63()]
IntTimeSeriesEntry.java,com.xceptance.xlt.report.util.rework.IntTimeSeriesEntry,org.pitest.mutationtest.engine.gregor.mutators.MathMutator,updateValue,88,KILLED,com.xceptance.xlt.report.util.rework.IntTimeSeriesEntryTest.[engine:junit-jupiter]/[class:com.xceptance.xlt.report.util.rework.IntTimeSeriesEntryTest]/[method:constructorWithValue_failed()]
IntTimeSeriesEntry.java,com.xceptance.xlt.report.util.rework.IntTimeSeriesEntry,org.pitest.mutationtest.engine.gregor.mutators.MathMutator,updateValue,89,KILLED,com.xceptance.xlt.report.util.rework.IntTimeSeriesEntryTest.[engine:junit-jupiter]/[class:com.xceptance.xlt.report.util.rework.IntTimeSeriesEntryTest]/[method:constructorWithValue_failed()]
IntTimeSeriesEntry.java,com.xceptance.xlt.report.util.rework.IntTimeSeriesEntry,org.pitest.mutationtest.engine.gregor.mutators.MathMutator,updateValue,90,KILLED,com.xceptance.xlt.report.util.rework.IntTimeSeriesEntryTest.[engine:junit-jupiter]/[class:com.xceptance.xlt.report.util.rework.IntTimeSeriesEntryTest]/[method:merge_emptyIntoNonEmpty()]
IntTimeSeriesEntry.java,com.xceptance.xlt.report.util.rework.IntTimeSeriesEntry,org.pitest.mutationtest.engine.gregor.mutators.MathMutator,updateValue,91,KILLED,com.xceptance.xlt.report.util.rework.IntTimeSeriesEntryTest.[engine:junit-jupiter]/[class:com.xceptance.xlt.report.util.rework.IntTimeSeriesEntryTest]/[method:merge_concurrencyTakesMax()]
IntTimeSeriesEntry.java,com.xceptance.xlt.report.util.rework.IntTimeSeriesEntry,org.pitest.mutationtest.engine.gregor.mutators.MathMutator,updateValue,109,KILLED,com.xceptance.xlt.report.util.rework.IntTimeSeriesEntryTest.[engine:junit-jupiter]/[class:com.xceptance.xlt.report.util.rework.IntTimeSeriesEntryTest]/[method:getValues_smallDistinctValues()]
IntTimeSeriesEntry.java,com.xceptance.xlt.report.util.rework.IntTimeSeriesEntry,org.pitest.mutationtest.engine.gregor.mutators.MathMutator,updateValue,109,KILLED,com.xceptance.xlt.report.util.rework.IntTimeSeriesEntryTest.[engine:junit-jupiter]/[class:com.xceptance.xlt.report.util.rework.IntTimeSeriesEntryTest]/[method:getValues_smallDistinctValues()]
IntTimeSeriesEntry.java,com.xceptance.xlt.report.util.rework.IntTimeSeriesEntry,org.pitest.mutationtest.engine.gregor.mutators.MathMutator,updateValue,113,SURVIVED,none
IntTimeSeriesEntry.java,com.xceptance.xlt.report.util.rework.IntTimeSeriesEntry,org.pitest.mutationtest.engine.gregor.mutators.MathMutator,updateValue,113,KILLED,com.xceptance.xlt.report.util.rework.IntTimeSeriesEntryTest.[engine:junit-jupiter]/[class:com.xceptance.xlt.report.util.rework.IntTimeSeriesEntryTest]/[method:getValues_valuesAbove63()]
IntTimeSeriesEntry.java,com.xceptance.xlt.report.util.rework.IntTimeSeriesEntry,org.pitest.mutationtest.engine.gregor.mutators.MathMutator,updateValue,113,KILLED,com.xceptance.xlt.report.util.rework.IntTimeSeriesEntryTest.[engine:junit-jupiter]/[class:com.xceptance.xlt.report.util.rework.IntTimeSeriesEntryTest]/[method:getValues_valuesAbove63()]
IntTimeSeriesEntry.java,com.xceptance.xlt.report.util.rework.IntTimeSeriesEntry,org.pitest.mutationtest.engine.gregor.mutators.RemoveConditionalMutator_EQUAL_ELSE,updateValue,89,KILLED,com.xceptance.xlt.report.util.rework.IntTimeSeriesEntryTest.[engine:junit-jupiter]/[class:com.xceptance.xlt.report.util.rework.IntTimeSeriesEntryTest]/[method:constructorWithValue_failed()]
IntTimeSeriesEntry.java,com.xceptance.xlt.report.util.rework.IntTimeSeriesEntry,org.pitest.mutationtest.engine.gregor.mutators.RemoveConditionalMutator_EQUAL_IF,updateValue,89,KILLED,com.xceptance.xlt.report.util.rework.IntTimeSeriesEntryTest.[engine:junit-jupiter]/[class:com.xceptance.xlt.report.util.rework.IntTimeSeriesEntryTest]/[method:updateValue_errorCount()]
IntTimeSeriesEntry.java,com.xceptance.xlt.report.util.rework.IntTimeSeriesEntry,org.pitest.mutationtest.engine.gregor.mutators.RemoveConditionalMutator_ORDER_ELSE,updateValue,86,KILLED,com.xceptance.xlt.report.util.rework.IntTimeSeriesEntryTest.[engine:junit-jupiter]/[class:com.xceptance.xlt.report.util.rework.IntTimeSeriesEntryTest]/[method:updateValue_negativeValueClampedToZero()]
IntTimeSeriesEntry.java,com.xceptance.xlt.report.util.rework.IntTimeSeriesEntry,org.pitest.mutationtest.engine.gregor.mutators.RemoveConditionalMutator_ORDER_ELSE,updateValue,95,KILLED,com.xceptance.xlt.report.util.rework.IntTimeSeriesEntryTest.[engine:junit-jupiter]/[class:com.xceptance.xlt.report.util.rework.IntTimeSeriesEntryTest]/[method:updateValue_multipleValues()]
IntTimeSeriesEntry.java,com.xceptance.xlt.report.util.rework.IntTimeSeriesEntry,org.pitest.mutationtest.engine.gregor.mutators.RemoveConditionalMutator_ORDER_ELSE,updateValue,99,KILLED,com.xceptance.xlt.report.util.rework.IntTimeSeriesEntryTest.[engine:junit-jupiter]/[class:com.xceptance.xlt.report.util.rework.IntTimeSeriesEntryTest]/[method:updateValue_multipleValues()]
IntTimeSeriesEntry.java,com.xceptance.xlt.report.util.rework.IntTimeSeriesEntry,org.pitest.mutationtest.engine.gregor.mutators.RemoveConditionalMutator_ORDER_ELSE,updateValue,107,KILLED,com.xceptance.xlt.report.util.rework.IntTimeSeriesEntryTest.[engine:junit-jupiter]/[class:com.xceptance.xlt.report.util.rework.IntTimeSeriesEntryTest]/[method:getValues_smallDistinctValues()]
IntTimeSeriesEntry.java,com.xceptance.xlt.report.util.rework.IntTimeSeriesEntry,org.pitest.mutationtest.engine.gregor.mutators.RemoveConditionalMutator_ORDER_IF,updateValue,86,KILLED,com.xceptance.xlt.report.util.rework.IntTimeSeriesEntryTest.[engine:junit-jupiter]/[class:com.xceptance.xlt.report.util.rework.IntTimeSeriesEntryTest]/[method:merge_emptyIntoNonEmpty()]
IntTimeSeriesEntry.java,com.xceptance.xlt.report.util.rework.IntTimeSeriesEntry,org.pitest.mutationtest.engine.gregor.mutators.RemoveConditionalMutator_ORDER_IF,updateValue,95,SURVIVED,none
IntTimeSeriesEntry.java,com.xceptance.xlt.report.util.rework.IntTimeSeriesEntry,org.pitest.mutationtest.engine.gregor.mutators.RemoveConditionalMutator_ORDER_IF,updateValue,99,KILLED,com.xceptance.xlt.report.util.rework.IntTimeSeriesEntryTest.[engine:junit-jupiter]/[class:com.xceptance.xlt.report.util.rework.IntTimeSeriesEntryTest]/[method:updateValue_multipleValues()]
IntTimeSeriesEntry.java,com.xceptance.xlt.report.util.rework.IntTimeSeriesEntry,org.pitest.mutationtest.engine.gregor.mutators.RemoveConditionalMutator_ORDER_IF,updateValue,107,KILLED,com.xceptance.xlt.report.util.rework.IntTimeSeriesEntryTest.[engine:junit-jupiter]/[class:com.xceptance.xlt.report.util.rework.IntTimeSeriesEntryTest]/[method:getValues_valuesAbove63()]
RuntimeHistogram.java,com.xceptance.xlt.report.util.RuntimeHistogram,org.pitest.mutationtest.engine.gregor.mutators.ConditionalsBoundaryMutator,addValue,94,KILLED,com.xceptance.xlt.report.util.RuntimeHistogramTest.[engine:junit-jupiter]/[class:com.xceptance.xlt.report.util.RuntimeHistogramTest]/[method:addValue_sameValueMultipleTimes()]
RuntimeHistogram.java,com.xceptance.xlt.report.util.RuntimeHistogram,org.pitest.mutationtest.engine.gregor.mutators.ConditionalsBoundaryMutator,addValue,98,KILLED,com.xceptance.xlt.report.util.RuntimeHistogramTest.[engine:junit-jupiter]/[class:com.xceptance.xlt.report.util.RuntimeHistogramTest]/[method:addValue_sameValueMultipleTimes()]
RuntimeHistogram.java,com.xceptance.xlt.report.util.RuntimeHistogram,org.pitest.mutationtest.engine.gregor.mutators.MathMutator,addValue,90,KILLED,com.xceptance.xlt.report.util.RuntimeHistogramTest.[engine:junit-jupiter]/[class:com.xceptance.xlt.report.util.RuntimeHistogramTest]/[method:getCountForValue_withPrecision()]
RuntimeHistogram.java,com.xceptance.xlt.report.util.RuntimeHistogram,org.pitest.mutationtest.engine.gregor.mutators.MathMutator,addValue,91,KILLED,com.xceptance.xlt.report.util.RuntimeHistogramTest.[engine:junit-jupiter]/[class:com.xceptance.xlt.report.util.RuntimeHistogramTest]/[method:addValue_largeRange()]
RuntimeHistogram.java,com.xceptance.xlt.report.util.RuntimeHistogram,org.pitest.mutationtest.engine.gregor.mutators.MathMutator,addValue,104,KILLED,com.xceptance.xlt.report.util.RuntimeHistogramTest.[engine:junit-jupiter]/[class:com.xceptance.xlt.report.util.RuntimeHistogramTest]/[method:addValue_sameValueMultipleTimes()]
RuntimeHistogram.java,com.xceptance.xlt.report.util.RuntimeHistogram,org.pitest.mutationtest.engine.gregor.mutators.MathMutator,addValue,104,KILLED,com.xceptance.xlt.report.util.RuntimeHistogramTest.[engine:junit-jupiter]/[class:com.xceptance.xlt.report.util.RuntimeHistogramTest]/[method:getCountForValue_withPrecision()]
RuntimeHistogram.java,com.xceptance.xlt.report.util.RuntimeHistogram,org.pitest.mutationtest.engine.gregor.mutators.RemoveConditionalMutator_ORDER_ELSE,addValue,94,KILLED,com.xceptance.xlt.report.util.RuntimeHistogramTest.[engine:junit-jupiter]/[class:com.xceptance.xlt.report.util.RuntimeHistogramTest]/[method:addValue_growingLeft()]
RuntimeHistogram.java,com.xceptance.xlt.report.util.RuntimeHistogram,org.pitest.mutationtest.engine.gregor.mutators.RemoveConditionalMutator_ORDER_ELSE,addValue,98,KILLED,com.xceptance.xlt.report.util.RuntimeHistogramTest.[engine:junit-jupiter]/[class:com.xceptance.xlt.report.util.RuntimeHistogramTest]/[method:addValue_largeRange()]
RuntimeHistogram.java,com.xceptance.xlt.report.util.RuntimeHistogram,org.pitest.mutationtest.engine.gregor.mutators.RemoveConditionalMutator_ORDER_IF,addValue,94,KILLED,com.xceptance.xlt.report.util.RuntimeHistogramTest.[engine:junit-jupiter]/[class:com.xceptance.xlt.report.util.RuntimeHistogramTest]/[method:addValue_sameValueMultipleTimes()]
RuntimeHistogram.java,com.xceptance.xlt.report.util.RuntimeHistogram,org.pitest.mutationtest.engine.gregor.mutators.RemoveConditionalMutator_ORDER_IF,addValue,98,KILLED,com.xceptance.xlt.report.util.RuntimeHistogramTest.[engine:junit-jupiter]/[class:com.xceptance.xlt.report.util.RuntimeHistogramTest]/[method:addValue_sameValueMultipleTimes()]
RuntimeHistogram.java,com.xceptance.xlt.report.util.RuntimeHistogram,org.pitest.mutationtest.engine.gregor.mutators.VoidMethodCallMutator,addValue,96,KILLED,com.xceptance.xlt.report.util.RuntimeHistogramTest.[engine:junit-jupiter]/[class:com.xceptance.xlt.report.util.RuntimeHistogramTest]/[method:addValue_largeRange()]
RuntimeHistogram.java,com.xceptance.xlt.report.util.RuntimeHistogram,org.pitest.mutationtest.engine.gregor.mutators.VoidMethodCallMutator,addValue,100,KILLED,com.xceptance.xlt.report.util.RuntimeHistogramTest.[engine:junit-jupiter]/[class:com.xceptance.xlt.report.util.RuntimeHistogramTest]/[method:addValue_largeRange()]
RuntimeHistogram.java,com.xceptance.xlt.report.util.RuntimeHistogram,org.pitest.mutationtest.engine.gregor.mutators.ConditionalsBoundaryMutator,getCountForValue,258,SURVIVED,none
RuntimeHistogram.java,com.xceptance.xlt.report.util.RuntimeHistogram,org.pitest.mutationtest.engine.gregor.mutators.ConditionalsBoundaryMutator,getCountForValue,274,KILLED,com.xceptance.xlt.report.util.RuntimeHistogramTest.[engine:junit-jupiter]/[class:com.xceptance.xlt.report.util.RuntimeHistogramTest]/[method:getCountForValue_withPrecision()]
RuntimeHistogram.java,com.xceptance.xlt.report.util.RuntimeHistogram,org.pitest.mutationtest.engine.gregor.mutators.ConditionalsBoundaryMutator,getCountForValue,274,KILLED,com.xceptance.xlt.report.util.RuntimeHistogramTest.[engine:junit-jupiter]/[class:com.xceptance.xlt.report.util.RuntimeHistogramTest]/[method:getCountForValue_withPrecision()]
RuntimeHistogram.java,com.xceptance.xlt.report.util.RuntimeHistogram,org.pitest.mutationtest.engine.gregor.mutators.ConditionalsBoundaryMutator,getCountForValue,287,KILLED,com.xceptance.xlt.report.util.RuntimeHistogramTest.[engine:junit-jupiter]/[class:com.xceptance.xlt.report.util.RuntimeHistogramTest]/[method:getCountForValue_withPrecision()]
RuntimeHistogram.java,com.xceptance.xlt.report.util.RuntimeHistogram,org.pitest.mutationtest.engine.gregor.mutators.IncrementsMutator,getCountForValue,287,KILLED,com.xceptance.xlt.report.util.RuntimeHistogramTest.[engine:junit-jupiter]/[class:com.xceptance.xlt.report.util.RuntimeHistogramTest]/[method:getCountForValue_withPrecision()]
RuntimeHistogram.java,com.xceptance.xlt.report.util.RuntimeHistogram,org.pitest.mutationtest.engine.gregor.mutators.MathMutator,getCountForValue,270,KILLED,com.xceptance.xlt.report.util.RuntimeHistogramTest.[engine:junit-jupiter]/[class:com.xceptance.xlt.report.util.RuntimeHistogramTest]/[method:getCountForValue_withPrecision()]
RuntimeHistogram.java,com.xceptance.xlt.report.util.RuntimeHistogram,org.pitest.mutationtest.engine.gregor.mutators.MathMutator,getCountForValue,271,KILLED,com.xceptance.xlt.report.util.RuntimeHistogramTest.[engine:junit-jupiter]/[class:com.xceptance.xlt.report.util.RuntimeHistogramTest]/[method:getCountForValue_withPrecision()]
RuntimeHistogram.java,com.xceptance.xlt.report.util.RuntimeHistogram,org.pitest.mutationtest.engine.gregor.mutators.MathMutator,getCountForValue,282,KILLED,com.xceptance.xlt.report.util.RuntimeHistogramTest.[engine:junit-jupiter]/[class:com.xceptance.xlt.report.util.RuntimeHistogramTest]/[method:getCountForValue_clampsToExistingRange()]
RuntimeHistogram.java,com.xceptance.xlt.report.util.RuntimeHistogram,org.pitest.mutationtest.engine.gregor.mutators.MathMutator,getCountForValue,283,KILLED,com.xceptance.xlt.report.util.RuntimeHistogramTest.[engine:junit-jupiter]/[class:com.xceptance.xlt.report.util.RuntimeHistogramTest]/[method:getCountForValue_clampsToExistingRange()]
RuntimeHistogram.java,com.xceptance.xlt.report.util.RuntimeHistogram,org.pitest.mutationtest.engine.gregor.mutators.MathMutator,getCountForValue,283,KILLED,com.xceptance.xlt.report.util.RuntimeHistogramTest.[engine:junit-jupiter]/[class:com.xceptance.xlt.report.util.RuntimeHistogramTest]/[method:getCountForValue_partialRange()]
RuntimeHistogram.java,com.xceptance.xlt.report.util.RuntimeHistogram,org.pitest.mutationtest.engine.gregor.mutators.MathMutator,getCountForValue,289,KILLED,com.xceptance.xlt.report.util.RuntimeHistogramTest.[engine:junit-jupiter]/[class:com.xceptance.xlt.report.util.RuntimeHistogramTest]/[method:getCountForValue_withPrecision()]
RuntimeHistogram.java,com.xceptance.xlt.report.util.RuntimeHistogram,org.pitest.mutationtest.engine.gregor.mutators.RemoveConditionalMutator_EQUAL_ELSE,getCountForValue,263,SURVIVED,none
RuntimeHistogram.java,com.xceptance.xlt.report.util.RuntimeHistogram,org.pitest.mutationtest.engine.gregor.mutators.RemoveConditionalMutator_EQUAL_IF,getCountForValue,263,KILLED,com.xceptance.xlt.report.util.RuntimeHistogramTest.[engine:junit-jupiter]/[class:com.xceptance.xlt.report.util.RuntimeHistogramTest]/[method:getCountForValue_withPrecision()]
RuntimeHistogram.java,com.xceptance.xlt.report.util.RuntimeHistogram,org.pitest.mutationtest.engine.gregor.mutators.RemoveConditionalMutator_ORDER_ELSE,getCountForValue,258,KILLED,com.xceptance.xlt.report.util.RuntimeHistogramTest.[engine:junit-jupiter]/[class:com.xceptance.xlt.report.util.RuntimeHistogramTest]/[method:getCountForValue_startGreaterThanEndThrows()]
RuntimeHistogram.java,com.xceptance.xlt.report.util.RuntimeHistogram,org.pitest.mutationtest.engine.gregor.mutators.RemoveConditionalMutator_ORDER_ELSE,getCountForValue,274,KILLED,com.xceptance.xlt.report.util.RuntimeHistogramTest.[engine:junit-jupiter]/[class:com.xceptance.xlt.report.util.RuntimeHistogramTest]/[method:getCountForValue_withPrecision()]
RuntimeHistogram.java,com.xceptance.xlt.report.util.RuntimeHistogram,org.pitest.mutationtest.engine.gregor.mutators.RemoveConditionalMutator_ORDER_ELSE,getCountForValue,274,SURVIVED,none
RuntimeHistogram.java,com.xceptance.xlt.report.util.RuntimeHistogram,org.pitest.mutationtest.engine.gregor.mutators.RemoveConditionalMutator_ORDER_ELSE,getCountForValue,287,KILLED,com.xceptance.xlt.report.util.RuntimeHistogramTest.[engine:junit-jupiter]/[class:com.xceptance.xlt.report.util.RuntimeHistogramTest]/[method:getCountForValue_withPrecision()]
RuntimeHistogram.java,com.xceptance.xlt.report.util.RuntimeHistogram,org.pitest.mutationtest.engine.gregor.mutators.RemoveConditionalMutator_ORDER_IF,getCountForValue,258,KILLED,com.xceptance.xlt.report.util.RuntimeHistogramTest.[engine:junit-jupiter]/[class:com.xceptance.xlt.report.util.RuntimeHistogramTest]/[method:getCountForValue_emptyHistogram()]
RuntimeHistogram.java,com.xceptance.xlt.report.util.RuntimeHistogram,org.pitest.mutationtest.engine.gregor.mutators.RemoveConditionalMutator_ORDER_IF,getCountForValue,274,SURVIVED,none
RuntimeHistogram.java,com.xceptance.xlt.report.util.RuntimeHistogram,org.pitest.mutationtest.engine.gregor.mutators.RemoveConditionalMutator_ORDER_IF,getCountForValue,274,KILLED,com.xceptance.xlt.report.util.RuntimeHistogramTest.[engine:junit-jupiter]/[class:com.xceptance.xlt.report.util.RuntimeHistogramTest]/[method:getCountForValue_withPrecision()]
RuntimeHistogram.java,com.xceptance.xlt.report.util.RuntimeHistogram,org.pitest.mutationtest.engine.gregor.mutators.RemoveConditionalMutator_ORDER_IF,getCountForValue,287,KILLED,com.xceptance.xlt.report.util.RuntimeHistogramTest.[engine:junit-jupiter]/[class:com.xceptance.xlt.report.util.RuntimeHistogramTest]/[method:getCountForValue_withPrecision()]
RuntimeHistogram.java,com.xceptance.xlt.report.util.RuntimeHistogram,org.pitest.mutationtest.engine.gregor.mutators.returns.PrimitiveReturnsMutator,getCountForValue,292,KILLED,com.xceptance.xlt.report.util.RuntimeHistogramTest.[engine:junit-jupiter]/[class:com.xceptance.xlt.report.util.RuntimeHistogramTest]/[method:getCountForValue_withPrecision()]
RuntimeHistogram.java,com.xceptance.xlt.report.util.RuntimeHistogram,org.pitest.mutationtest.engine.gregor.mutators.returns.PrimitiveReturnsMutator,getMedianValue,168,KILLED,com.xceptance.xlt.report.util.RuntimeHistogramTest.[engine:junit-jupiter]/[class:com.xceptance.xlt.report.util.RuntimeHistogramTest]/[method:addValue_sameValueMultipleTimes()]
RuntimeHistogram.java,com.xceptance.xlt.report.util.RuntimeHistogram,org.pitest.mutationtest.engine.gregor.mutators.RemoveConditionalMutator_EQUAL_ELSE,getNumberOfBuckets,324,KILLED,com.xceptance.xlt.report.util.RuntimeHistogramTest.[engine:junit-jupiter]/[class:com.xceptance.xlt.report.util.RuntimeHistogramTest]/[method:addValue_largeRange()]
RuntimeHistogram.java,com.xceptance.xlt.report.util.RuntimeHistogram,org.pitest.mutationtest.engine.gregor.mutators.RemoveConditionalMutator_EQUAL_IF,getNumberOfBuckets,324,KILLED,com.xceptance.xlt.report.util.RuntimeHistogramTest.[engine:junit-jupiter]/[class:com.xceptance.xlt.report.util.RuntimeHistogramTest]/[method:emptyHistogram()]
RuntimeHistogram.java,com.xceptance.xlt.report.util.RuntimeHistogram,org.pitest.mutationtest.engine.gregor.mutators.ConditionalsBoundaryMutator,getPercentile,194,KILLED,com.xceptance.xlt.report.util.RuntimeHistogramTest.[engine:junit-jupiter]/[class:com.xceptance.xlt.report.util.RuntimeHistogramTest]/[method:getPercentile_boundaries()]
RuntimeHistogram.java,com.xceptance.xlt.report.util.RuntimeHistogram,org.pitest.mutationtest.engine.gregor.mutators.ConditionalsBoundaryMutator,getPercentile,194,KILLED,com.xceptance.xlt.report.util.RuntimeHistogramTest.[engine:junit-jupiter]/[class:com.xceptance.xlt.report.util.RuntimeHistogramTest]/[method:getPercentile_boundaries()]
RuntimeHistogram.java,com.xceptance.xlt.report.util.RuntimeHistogram,org.pitest.mutationtest.engine.gregor.mutators.MathMutator,getPercentile,209,SURVIVED,none
RuntimeHistogram.java,com.xceptance.xlt.report.util.RuntimeHistogram,org.pitest.mutationtest.engine.gregor.mutators.MathMutator,getPercentile,213,SURVIVED,none
RuntimeHistogram.java,com.xceptance.xlt.report.util.RuntimeHistogram,org.pitest.mutationtest.engine.gregor.mutators.MathMutator,getPercentile,217,KILLED,com.xceptance.xlt.report.util.RuntimeHistogramTest.[engine:junit-jupiter]/[class:com.xceptance.xlt.report.util.RuntimeHistogramTest]/[method:addValue_sameValueMultipleTimes()]
RuntimeHistogram.java,com.xceptance.xlt.report.util.RuntimeHistogram,org.pitest.mutationtest.engine.gregor.mutators.MathMutator,getPercentile,217,KILLED,com.xceptance.xlt.report.util.RuntimeHistogramTest.[engine:junit-jupiter]/[class:com.xceptance.xlt.report.util.RuntimeHistogramTest]/[method:addValue_sameValueMultipleTimes()]
RuntimeHistogram.java,com.xceptance.xlt.report.util.RuntimeHistogram,org.pitest.mutationtest.engine.gregor.mutators.MathMutator,getPercentile,220,KILLED,com.xceptance.xlt.report.util.RuntimeHistogramTest.[engine:junit-jupiter]/[class:com.xceptance.xlt.report.util.RuntimeHistogramTest]/[method:getPercentile_evenCount()]
RuntimeHistogram.java,com.xceptance.xlt.report.util.RuntimeHistogram,org.pitest.mutationtest.engine.gregor.mutators.MathMutator,getPercentile,224,KILLED,com.xceptance.xlt.report.util.RuntimeHistogramTest.[engine:junit-jupiter]/[class:com.xceptance.xlt.report.util.RuntimeHistogramTest]/[method:getPercentile_evenCount()]
RuntimeHistogram.java,com.xceptance.xlt.report.util.RuntimeHistogram,org.pitest.mutationtest.engine.gregor.mutators.MathMutator,getPercentile,226,KILLED,com.xceptance.xlt.report.util.RuntimeHistogramTest.[engine:junit-jupiter]/[class:com.xceptance.xlt.report.util.RuntimeHistogramTest]/[method:addValue_sameValueMultipleTimes()]
RuntimeHistogram.java,com.xceptance.xlt.report.util.RuntimeHistogram,org.pitest.mutationtest.engine.gregor.mutators.MathMutator,getPercentile,226,KILLED,com.xceptance.xlt.report.util.RuntimeHistogramTest.[engine:junit-jupiter]/[class:com.xceptance.xlt.report.util.RuntimeHistogramTest]/[method:addValue_sameValueMultipleTimes()]
RuntimeHistogram.java,com.xceptance.xlt.report.util.RuntimeHistogram,org.pitest.mutationtest.engine.gregor.mutators.RemoveConditionalMutator_EQUAL_ELSE,getPercentile,203,KILLED,com.xceptance.xlt.report.util.RuntimeHistogramTest.[engine:junit-jupiter]/[class:com.xceptance.xlt.report.util.RuntimeHistogramTest]/[method:emptyHistogram()]
RuntimeHistogram.java,com.xceptance.xlt.report.util.RuntimeHistogram,org.pitest.mutationtest.engine.gregor.mutators.RemoveConditionalMutator_EQUAL_ELSE,getPercentile,207,KILLED,com.xceptance.xlt.report.util.RuntimeHistogramTest.[engine:junit-jupiter]/[class:com.xceptance.xlt.report.util.RuntimeHistogramTest]/[method:getPercentile_boundaries()]
RuntimeHistogram.java,com.xceptance.xlt.report.util.RuntimeHistogram,org.pitest.mutationtest.engine.gregor.mutators.RemoveConditionalMutator_EQUAL_ELSE,getPercentile,211,KILLED,com.xceptance.xlt.report.util.RuntimeHistogramTest.[engine:junit-jupiter]/[class:com.xceptance.xlt.report.util.RuntimeHistogramTest]/[method:getPercentile_boundaries()]
RuntimeHistogram.java,com.xceptance.xlt.report.util.RuntimeHistogram,org.pitest.mutationtest.engine.gregor.mutators.RemoveConditionalMutator_EQUAL_ELSE,getPercentile,220,KILLED,com.xceptance.xlt.report.util.RuntimeHistogramTest.[engine:junit-jupiter]/[class:com.xceptance.xlt.report.util.RuntimeHistogramTest]/[method:getPercentile_evenCount()]
RuntimeHistogram.java,com.xceptance.xlt.report.util.RuntimeHistogram,org.pitest.mutationtest.engine.gregor.mutators.RemoveConditionalMutator_EQUAL_IF,getPercentile,203,KILLED,com.xceptance.xlt.report.util.RuntimeHistogramTest.[engine:junit-jupiter]/[class:com.xceptance.xlt.report.util.RuntimeHistogramTest]/[method:getPercentile_boundaries()]
RuntimeHistogram.java,com.xceptance.xlt.report.util.RuntimeHistogram,org.pitest.mutationtest.engine.gregor.mutators.RemoveConditionalMutator_EQUAL_IF,getPercentile,207,KILLED,com.xceptance.xlt.report.util.RuntimeHistogramTest.[engine:junit-jupiter]/[class:com.xceptance.xlt.report.util.RuntimeHistogramTest]/[method:getPercentile_boundaries()]
RuntimeHistogram.java,com.xceptance.xlt.report.util.RuntimeHistogram,org.pitest.mutationtest.engine.gregor.mutators.RemoveConditionalMutator_EQUAL_IF,getPercentile,211,KILLED,com.xceptance.xlt.report.util.RuntimeHistogramTest.[engine:junit-jupiter]/[class:com.xceptance.xlt.report.util.RuntimeHistogramTest]/[method:getPercentile_oddCount()]
RuntimeHistogram.java,com.xceptance.xlt.report.util.RuntimeHistogram,org.pitest.mutationtest.engine.gregor.mutators.RemoveConditionalMutator_EQUAL_IF,getPercentile,220,KILLED,com.xceptance.xlt.report.util.RuntimeHistogramTest.[engine:junit-jupiter]/[class:com.xceptance.xlt.report.util.RuntimeHistogramTest]/[method:getPercentile_oddCount()]
RuntimeHistogram.java,com.xceptance.xlt.report.util.RuntimeHistogram,org.pitest.mutationtest.engine.gregor.mutators.RemoveConditionalMutator_ORDER_ELSE,getPercentile,194,KILLED,com.xceptance.xlt.report.util.RuntimeHistogramTest.[engine:junit-jupiter]/[class:com.xceptance.xlt.report.util.RuntimeHistogramTest]/[method:getPercentile_boundaries()]
RuntimeHistogram.java,com.xceptance.xlt.report.util.RuntimeHistogram,org.pitest.mutationtest.engine.gregor.mutators.RemoveConditionalMutator_ORDER_ELSE,getPercentile,194,KILLED,com.xceptance.xlt.report.util.RuntimeHistogramTest.[engine:junit-jupiter]/[class:com.xceptance.xlt.report.util.RuntimeHistogramTest]/[method:getPercentile_invalidRangeThrows()]
RuntimeHistogram.java,com.xceptance.xlt.report.util.RuntimeHistogram,org.pitest.mutationtest.engine.gregor.mutators.RemoveConditionalMutator_ORDER_IF,getPercentile,194,KILLED,com.xceptance.xlt.report.util.RuntimeHistogramTest.[engine:junit-jupiter]/[class:com.xceptance.xlt.report.util.RuntimeHistogramTest]/[method:getPercentile_invalidRangeThrows()]
RuntimeHistogram.java,com.xceptance.xlt.report.util.RuntimeHistogram,org.pitest.mutationtest.engine.gregor.mutators.RemoveConditionalMutator_ORDER_IF,getPercentile,194,KILLED,com.xceptance.xlt.report.util.RuntimeHistogramTest.[engine:junit-jupiter]/[class:com.xceptance.xlt.report.util.RuntimeHistogramTest]/[method:getPercentile_boundaries()]
RuntimeHistogram.java,com.xceptance.xlt.report.util.RuntimeHistogram,org.pitest.mutationtest.engine.gregor.mutators.returns.PrimitiveReturnsMutator,getPercentile,235,KILLED,com.xceptance.xlt.report.util.RuntimeHistogramTest.[engine:junit-jupiter]/[class:com.xceptance.xlt.report.util.RuntimeHistogramTest]/[method:getPercentile_boundaries()]
RuntimeHistogram.java,com.xceptance.xlt.report.util.RuntimeHistogram,org.pitest.mutationtest.engine.gregor.mutators.MathMutator,getPrecision,335,KILLED,com.xceptance.xlt.report.util.RuntimeHistogramTest.[engine:junit-jupiter]/[class:com.xceptance.xlt.report.util.RuntimeHistogramTest]/[method:constructor_nonPowerOfTwoRoundsUp()]
RuntimeHistogram.java,com.xceptance.xlt.report.util.RuntimeHistogram,org.pitest.mutationtest.engine.gregor.mutators.returns.PrimitiveReturnsMutator,getPrecision,335,KILLED,com.xceptance.xlt.report.util.RuntimeHistogramTest.[engine:junit-jupiter]/[class:com.xceptance.xlt.report.util.RuntimeHistogramTest]/[method:constructor_nonPowerOfTwoRoundsUp()]
RuntimeHistogram.java,com.xceptance.xlt.report.util.RuntimeHistogram,org.pitest.mutationtest.engine.gregor.mutators.MathMutator,getQuantile,180,KILLED,com.xceptance.xlt.report.util.RuntimeHistogramTest.[engine:junit-jupiter]/[class:com.xceptance.xlt.report.util.RuntimeHistogramTest]/[method:getQuantile_matchesPercentile()]
RuntimeHistogram.java,com.xceptance.xlt.report.util.RuntimeHistogram,org.pitest.mutationtest.engine.gregor.mutators.returns.PrimitiveReturnsMutator,getQuantile,180,KILLED,com.xceptance.xlt.report.util.RuntimeHistogramTest.[engine:junit-jupiter]/[class:com.xceptance.xlt.report.util.RuntimeHistogramTest]/[method:getQuantile_matchesPercentile()]
RuntimeHistogram.java,com.xceptance.xlt.report.util.RuntimeHistogram,org.pitest.mutationtest.engine.gregor.mutators.ConditionalsBoundaryMutator,getValueByCount,308,KILLED,com.xceptance.xlt.report.util.RuntimeHistogramTest.[engine:junit-jupiter]/[class:com.xceptance.xlt.report.util.RuntimeHistogramTest]/[method:getPercentile_oddCount()]
RuntimeHistogram.java,com.xceptance.xlt.report.util.RuntimeHistogram,org.pitest.mutationtest.engine.gregor.mutators.IncrementsMutator,getValueByCount,310,KILLED,com.xceptance.xlt.report.util.RuntimeHistogramTest.[engine:junit-jupiter]/[class:com.xceptance.xlt.report.util.RuntimeHistogramTest]/[method:addValue_sameValueMultipleTimes()]
RuntimeHistogram.java,com.xceptance.xlt.report.util.RuntimeHistogram,org.pitest.mutationtest.engine.gregor.mutators.MathMutator,getValueByCount,310,KILLED,com.xceptance.xlt.report.util.RuntimeHistogramTest.[engine:junit-jupiter]/[class:com.xceptance.xlt.report.util.RuntimeHistogramTest]/[method:addValue_sameValueMultipleTimes()]
RuntimeHistogram.java,com.xceptance.xlt.report.util.RuntimeHistogram,org.pitest.mutationtest.engine.gregor.mutators.MathMutator,getValueByCount,314,KILLED,com.xceptance.xlt.report.util.RuntimeHistogramTest.[engine:junit-jupiter]/[class:com.xceptance.xlt.report.util.RuntimeHistogramTest]/[method:getPercentile_oddCount()]
RuntimeHistogram.java,com.xceptance.xlt.report.util.RuntimeHistogram,org.pitest.mutationtest.engine.gregor.mutators.MathMutator,getValueByCount,314,KILLED,com.xceptance.xlt.report.util.RuntimeHistogramTest.[engine:junit-jupiter]/[class:com.xceptance.xlt.report.util.RuntimeHistogramTest]/[method:getPercentile_precisionTwo()]
RuntimeHistogram.java,com.xceptance.xlt.report.util.RuntimeHistogram,org.pitest.mutationtest.engine.gregor.mutators.RemoveConditionalMutator_ORDER_ELSE,getValueByCount,308,KILLED,com.xceptance.xlt.report.util.RuntimeHistogramTest.[engine:junit-jupiter]/[class:com.xceptance.xlt.report.util.RuntimeHistogramTest]/[method:addValue_sameValueMultipleTimes()]
RuntimeHistogram.java,com.xceptance.xlt.report.util.RuntimeHistogram,org.pitest.mutationtest.engine.gregor.mutators.RemoveConditionalMutator_ORDER_IF,getValueByCount,308,KILLED,com.xceptance.xlt.report.util.RuntimeHistogramTest.[engine:junit-jupiter]/[class:com.xceptance.xlt.report.util.RuntimeHistogramTest]/[method:addValue_sameValueMultipleTimes()]
RuntimeHistogram.java,com.xceptance.xlt.report.util.RuntimeHistogram,org.pitest.mutationtest.engine.gregor.mutators.returns.PrimitiveReturnsMutator,getValueByCount,314,KILLED,com.xceptance.xlt.report.util.RuntimeHistogramTest.[engine:junit-jupiter]/[class:com.xceptance.xlt.report.util.RuntimeHistogramTest]/[method:addValue_sameValueMultipleTimes()]
RuntimeHistogram.java,com.xceptance.xlt.report.util.RuntimeHistogram,org.pitest.mutationtest.engine.gregor.mutators.returns.PrimitiveReturnsMutator,getValueCount,158,KILLED,com.xceptance.xlt.report.util.RuntimeHistogramTest.[engine:junit-jupiter]/[class:com.xceptance.xlt.report.util.RuntimeHistogramTest]/[method:addValue_largeRange()]
RuntimeHistogram.java,com.xceptance.xlt.report.util.RuntimeHistogram,org.pitest.mutationtest.engine.gregor.mutators.ConditionalsBoundaryMutator,grow,126,SURVIVED,none
RuntimeHistogram.java,com.xceptance.xlt.report.util.RuntimeHistogram,org.pitest.mutationtest.engine.gregor.mutators.MathMutator,grow,129,KILLED,com.xceptance.xlt.report.util.RuntimeHistogramTest.[engine:junit-jupiter]/[class:com.xceptance.xlt.report.util.RuntimeHistogramTest]/[method:addValue_growingLeft()]
RuntimeHistogram.java,com.xceptance.xlt.report.util.RuntimeHistogram,org.pitest.mutationtest.engine.gregor.mutators.MathMutator,grow,132,KILLED,com.xceptance.xlt.report.util.RuntimeHistogramTest.[engine:junit-jupiter]/[class:com.xceptance.xlt.report.util.RuntimeHistogramTest]/[method:addValue_growingLeft()]
RuntimeHistogram.java,com.xceptance.xlt.report.util.RuntimeHistogram,org.pitest.mutationtest.engine.gregor.mutators.MathMutator,grow,142,KILLED,com.xceptance.xlt.report.util.RuntimeHistogramTest.[engine:junit-jupiter]/[class:com.xceptance.xlt.report.util.RuntimeHistogramTest]/[method:addValue_growingRight()]
RuntimeHistogram.java,com.xceptance.xlt.report.util.RuntimeHistogram,org.pitest.mutationtest.engine.gregor.mutators.MathMutator,grow,143,KILLED,com.xceptance.xlt.report.util.RuntimeHistogramTest.[engine:junit-jupiter]/[class:com.xceptance.xlt.report.util.RuntimeHistogramTest]/[method:addValue_largeRange()]
RuntimeHistogram.java,com.xceptance.xlt.report.util.RuntimeHistogram,org.pitest.mutationtest.engine.gregor.mutators.MathMutator,grow,146,KILLED,com.xceptance.xlt.report.util.RuntimeHistogramTest.[engine:junit-jupiter]/[class:com.xceptance.xlt.report.util.RuntimeHistogramTest]/[method:addValue_largeRange()]
RuntimeHistogram.java,com.xceptance.xlt.report.util.RuntimeHistogram,org.pitest.mutationtest.engine.gregor.mutators.RemoveConditionalMutator_EQUAL_ELSE,grow,117,KILLED,com.xceptance.xlt.report.util.RuntimeHistogramTest.[engine:junit-jupiter]/[class:com.xceptance.xlt.report.util.RuntimeHistogramTest]/[method:addValue_largeRange()]
RuntimeHistogram.java,com.xceptance.xlt.report.util.RuntimeHistogram,org.pitest.mutationtest.engine.gregor.mutators.RemoveConditionalMutator_EQUAL_IF,grow,117,KILLED,com.xceptance.xlt.report.util.RuntimeHistogramTest.[engine:junit-jupiter]/[class:com.xceptance.xlt.report.util.RuntimeHistogramTest]/[method:addValue_largeRange()]
RuntimeHistogram.java,com.xceptance.xlt.report.util.RuntimeHistogram,org.pitest.mutationtest.engine.gregor.mutators.RemoveConditionalMutator_ORDER_ELSE,grow,126,KILLED,com.xceptance.xlt.report.util.RuntimeHistogramTest.[engine:junit-jupiter]/[class:com.xceptance.xlt.report.util.RuntimeHistogramTest]/[method:addValue_growingLeft()]
RuntimeHistogram.java,com.xceptance.xlt.report.util.RuntimeHistogram,org.pitest.mutationtest.engine.gregor.mutators.RemoveConditionalMutator_ORDER_IF,grow,126,KILLED,com.xceptance.xlt.report.util.RuntimeHistogramTest.[engine:junit-jupiter]/[class:com.xceptance.xlt.report.util.RuntimeHistogramTest]/[method:addValue_largeRange()]
RuntimeHistogram.java,com.xceptance.xlt.report.util.RuntimeHistogram,org.pitest.mutationtest.engine.gregor.mutators.VoidMethodCallMutator,grow,134,SURVIVED,none
RuntimeHistogram.java,com.xceptance.xlt.report.util.RuntimeHistogram,org.pitest.mutationtest.engine.gregor.mutators.RemoveConditionalMutator_EQUAL_ELSE,isEmpty,245,KILLED,com.xceptance.xlt.report.util.RuntimeHistogramTest.[engine:junit-jupiter]/[class:com.xceptance.xlt.report.util.RuntimeHistogramTest]/[method:emptyHistogram()]
RuntimeHistogram.java,com.xceptance.xlt.report.util.RuntimeHistogram,org.pitest.mutationtest.engine.gregor.mutators.RemoveConditionalMutator_EQUAL_IF,isEmpty,245,KILLED,com.xceptance.xlt.report.util.RuntimeHistogramTest.[engine:junit-jupiter]/[class:com.xceptance.xlt.report.util.RuntimeHistogramTest]/[method:addValue_singleValue()]
RuntimeHistogram.java,com.xceptance.xlt.report.util.RuntimeHistogram,org.pitest.mutationtest.engine.gregor.mutators.returns.BooleanFalseReturnValsMutator,isEmpty,245,KILLED,com.xceptance.xlt.report.util.RuntimeHistogramTest.[engine:junit-jupiter]/[class:com.xceptance.xlt.report.util.RuntimeHistogramTest]/[method:emptyHistogram()]
RuntimeHistogram.java,com.xceptance.xlt.report.util.RuntimeHistogram,org.pitest.mutationtest.engine.gregor.mutators.returns.BooleanTrueReturnValsMutator,isEmpty,245,KILLED,com.xceptance.xlt.report.util.RuntimeHistogramTest.[engine:junit-jupiter]/[class:com.xceptance.xlt.report.util.RuntimeHistogramTest]/[method:addValue_singleValue()]
FastHashMap.java,org.jugsaxony.demo2.FastHashMap,org.pitest.mutationtest.engine.gregor.mutators.MathMutator,backwardShift,308,KILLED,org.jugsaxony.demo2.FastHashMapTest.[engine:junit-jupiter]/[class:org.jugsaxony.demo2.FastHashMapTest]/[nested-class:Remove]/[method:removeDoesNotBreakProbeChain()]
FastHashMap.java,org.jugsaxony.demo2.FastHashMap,org.pitest.mutationtest.engine.gregor.mutators.MathMutator,backwardShift,308,KILLED,org.jugsaxony.demo2.FastHashMapTest.[engine:junit-jupiter]/[class:org.jugsaxony.demo2.FastHashMapTest]/[nested-class:Remove]/[method:removeDoesNotBreakProbeChain()]
FastHashMap.java,org.jugsaxony.demo2.FastHashMap,org.pitest.mutationtest.engine.gregor.mutators.RemoveConditionalMutator_EQUAL_ELSE,backwardShift,311,KILLED,org.jugsaxony.demo2.FastHashMapTest.[engine:junit-jupiter]/[class:org.jugsaxony.demo2.FastHashMapTest]/[nested-class:Remove]/[method:removeThenReinsert()]
FastHashMap.java,org.jugsaxony.demo2.FastHashMap,org.pitest.mutationtest.engine.gregor.mutators.RemoveConditionalMutator_EQUAL_ELSE,backwardShift,322,KILLED,org.jugsaxony.demo2.FastHashMapTest.[engine:junit-jupiter]/[class:org.jugsaxony.demo2.FastHashMapTest]/[nested-class:Remove]/[method:removeDoesNotBreakProbeChain()]
FastHashMap.java,org.jugsaxony.demo2.FastHashMap,org.pitest.mutationtest.engine.gregor.mutators.RemoveConditionalMutator_EQUAL_IF,backwardShift,311,KILLED,org.jugsaxony.demo2.FastHashMapTest.[engine:junit-jupiter]/[class:org.jugsaxony.demo2.FastHashMapTest]/[nested-class:Remove]/[method:removeDoesNotBreakProbeChain()]
FastHashMap.java,org.jugsaxony.demo2.FastHashMap,org.pitest.mutationtest.engine.gregor.mutators.RemoveConditionalMutator_EQUAL_IF,backwardShift,322,KILLED,org.jugsaxony.demo2.FastHashMapTest.[engine:junit-jupiter]/[class:org.jugsaxony.demo2.FastHashMapTest]/[nested-class:Remove]/[method:removeExistingKeyReturnsOldValue()]
FastHashMap.java,org.jugsaxony.demo2.FastHashMap,org.pitest.mutationtest.engine.gregor.mutators.MathMutator,get,107,KILLED,org.jugsaxony.demo2.FastHashMapTest.[engine:junit-jupiter]/[class:org.jugsaxony.demo2.FastHashMapTest]/[nested-class:GeneralBehavior]/[method:equalHashUnequalKeys()]
FastHashMap.java,org.jugsaxony.demo2.FastHashMap,org.pitest.mutationtest.engine.gregor.mutators.MathMutator,get,107,KILLED,org.jugsaxony.demo2.FastHashMapTest.[engine:junit-jupiter]/[class:org.jugsaxony.demo2.FastHashMapTest]/[nested-class:GeneralBehavior]/[method:equalHashUnequalKeys()]
FastHashMap.java,org.jugsaxony.demo2.FastHashMap,org.pitest.mutationtest.engine.gregor.mutators.RemoveConditionalMutator_EQUAL_ELSE,get,103,KILLED,org.jugsaxony.demo2.FastHashMapTest.[engine:junit-jupiter]/[class:org.jugsaxony.demo2.FastHashMapTest]/[nested-class:NullValues]/[method:replaceNullWithValue()]
FastHashMap.java,org.jugsaxony.demo2.FastHashMap,org.pitest.mutationtest.engine.gregor.mutators.RemoveConditionalMutator_EQUAL_ELSE,get,101,KILLED,org.jugsaxony.demo2.FastHashMapTest.[engine:junit-jupiter]/[class:org.jugsaxony.demo2.FastHashMapTest]/[nested-class:PutGet]/[method:getAbsentKeyReturnsNull()]
FastHashMap.java,org.jugsaxony.demo2.FastHashMap,org.pitest.mutationtest.engine.gregor.mutators.RemoveConditionalMutator_EQUAL_IF,get,103,KILLED,org.jugsaxony.demo2.FastHashMapTest.[engine:junit-jupiter]/[class:org.jugsaxony.demo2.FastHashMapTest]/[nested-class:GeneralBehavior]/[method:equalHashUnequalKeys()]
FastHashMap.java,org.jugsaxony.demo2.FastHashMap,org.pitest.mutationtest.engine.gregor.mutators.RemoveConditionalMutator_EQUAL_IF,get,101,KILLED,org.jugsaxony.demo2.FastHashMapTest.[engine:junit-jupiter]/[class:org.jugsaxony.demo2.FastHashMapTest]/[nested-class:NullValues]/[method:replaceNullWithValue()]
FastHashMap.java,org.jugsaxony.demo2.FastHashMap,org.pitest.mutationtest.engine.gregor.mutators.returns.NullReturnValsMutator,get,105,KILLED,org.jugsaxony.demo2.FastHashMapTest.[engine:junit-jupiter]/[class:org.jugsaxony.demo2.FastHashMapTest]/[nested-class:NullValues]/[method:replaceNullWithValue()]
FastHashMap.java,org.jugsaxony.demo2.FastHashMap,org.pitest.mutationtest.engine.gregor.mutators.MathMutator,index,262,SURVIVED,none
FastHashMap.java,org.jugsaxony.demo2.FastHashMap,org.pitest.mutationtest.engine.gregor.mutators.MathMutator,index,262,SURVIVED,none
FastHashMap.java,org.jugsaxony.demo2.FastHashMap,org.pitest.mutationtest.engine.gregor.mutators.MathMutator,index,262,KILLED,org.jugsaxony.demo2.FastHashMapTest.[engine:junit-jupiter]/[class:org.jugsaxony.demo2.FastHashMapTest]/[nested-class:PutGet]/[method:putReturnsNullForNewKey()]
FastHashMap.java,org.jugsaxony.demo2.FastHashMap,org.pitest.mutationtest.engine.gregor.mutators.returns.PrimitiveReturnsMutator,index,262,SURVIVED,none
FastHashMap.java,org.jugsaxony.demo2.FastHashMap,org.pitest.mutationtest.engine.gregor.mutators.ConditionalsBoundaryMutator,isWithinCyclicRange,339,SURVIVED,none
FastHashMap.java,org.jugsaxony.demo2.FastHashMap,org.pitest.mutationtest.engine.gregor.mutators.ConditionalsBoundaryMutator,isWithinCyclicRange,341,KILLED,org.jugsaxony.demo2.FastHashMapTest.[engine:junit-jupiter]/[class:org.jugsaxony.demo2.FastHashMapTest]/[nested-class:Remove]/[method:removeAllEntries()]
FastHashMap.java,org.jugsaxony.demo2.FastHashMap,org.pitest.mutationtest.engine.gregor.mutators.ConditionalsBoundaryMutator,isWithinCyclicRange,341,KILLED,org.jugsaxony.demo2.FastHashMapTest.[engine:junit-jupiter]/[class:org.jugsaxony.demo2.FastHashMapTest]/[nested-class:Remove]/[method:removeExistingKeyReturnsOldValue()]
FastHashMap.java,org.jugsaxony.demo2.FastHashMap,org.pitest.mutationtest.engine.gregor.mutators.ConditionalsBoundaryMutator,isWithinCyclicRange,344,SURVIVED,none
FastHashMap.java,org.jugsaxony.demo2.FastHashMap,org.pitest.mutationtest.engine.gregor.mutators.ConditionalsBoundaryMutator,isWithinCyclicRange,344,SURVIVED,none
FastHashMap.java,org.jugsaxony.demo2.FastHashMap,org.pitest.mutationtest.engine.gregor.mutators.RemoveConditionalMutator_ORDER_ELSE,isWithinCyclicRange,339,KILLED,org.jugsaxony.demo2.FastHashMapTest.[engine:junit-jupiter]/[class:org.jugsaxony.demo2.FastHashMapTest]/[nested-class:Remove]/[method:removeDoesNotBreakProbeChain()]
FastHashMap.java,org.jugsaxony.demo2.FastHashMap,org.pitest.mutationtest.engine.gregor.mutators.RemoveConditionalMutator_ORDER_ELSE,isWithinCyclicRange,341,KILLED,org.jugsaxony.demo2.FastHashMapTest.[engine:junit-jupiter]/[class:org.jugsaxony.demo2.FastHashMapTest]/[nested-class:Remove]/[method:removeExistingKeyReturnsOldValue()]
FastHashMap.java,org.jugsaxony.demo2.FastHashMap,org.pitest.mutationtest.engine.gregor.mutators.RemoveConditionalMutator_ORDER_ELSE,isWithinCyclicRange,341,KILLED,org.jugsaxony.demo2.FastHashMapTest.[engine:junit-jupiter]/[class:org.jugsaxony.demo2.FastHashMapTest]/[nested-class:Remove]/[method:removeExistingKeyReturnsOldValue()]
FastHashMap.java,org.jugsaxony.demo2.FastHashMap,org.pitest.mutationtest.engine.gregor.mutators.RemoveConditionalMutator_ORDER_ELSE,isWithinCyclicRange,344,KILLED,org.jugsaxony.demo2.FastHashMapTest.[engine:junit-jupiter]/[class:org.jugsaxony.demo2.FastHashMapTest]/[nested-class:Remove]/[method:removeDoesNotBreakProbeChain()]
FastHashMap.java,org.jugsaxony.demo2.FastHashMap,org.pitest.mutationtest.engine.gregor.mutators.RemoveConditionalMutator_ORDER_ELSE,isWithinCyclicRange,344,KILLED,org.jugsaxony.demo2.FastHashMapTest.[engine:junit-jupiter]/[class:org.jugsaxony.demo2.FastHashMapTest]/[nested-class:Remove]/[method:removeDoesNotBreakProbeChain()]
FastHashMap.java,org.jugsaxony.demo2.FastHashMap,org.pitest.mutationtest.engine.gregor.mutators.RemoveConditionalMutator_ORDER_IF,isWithinCyclicRange,339,SURVIVED,none
FastHashMap.java,org.jugsaxony.demo2.FastHashMap,org.pitest.mutationtest.engine.gregor.mutators.RemoveConditionalMutator_ORDER_IF,isWithinCyclicRange,341,KILLED,org.jugsaxony.demo2.FastHashMapTest.[engine:junit-jupiter]/[class:org.jugsaxony.demo2.FastHashMapTest]/[nested-class:Collisions]/[method:wrapAroundProbing()]
FastHashMap.java,org.jugsaxony.demo2.FastHashMap,org.pitest.mutationtest.engine.gregor.mutators.RemoveConditionalMutator_ORDER_IF,isWithinCyclicRange,341,KILLED,org.jugsaxony.demo2.FastHashMapTest.[engine:junit-jupiter]/[class:org.jugsaxony.demo2.FastHashMapTest]/[nested-class:Remove]/[method:removeDoesNotBreakProbeChain()]
FastHashMap.java,org.jugsaxony.demo2.FastHashMap,org.pitest.mutationtest.engine.gregor.mutators.RemoveConditionalMutator_ORDER_IF,isWithinCyclicRange,344,SURVIVED,none
FastHashMap.java,org.jugsaxony.demo2.FastHashMap,org.pitest.mutationtest.engine.gregor.mutators.RemoveConditionalMutator_ORDER_IF,isWithinCyclicRange,344,SURVIVED,none
FastHashMap.java,org.jugsaxony.demo2.FastHashMap,org.pitest.mutationtest.engine.gregor.mutators.returns.BooleanFalseReturnValsMutator,isWithinCyclicRange,341,KILLED,org.jugsaxony.demo2.FastHashMapTest.[engine:junit-jupiter]/[class:org.jugsaxony.demo2.FastHashMapTest]/[nested-class:Remove]/[method:removeExistingKeyReturnsOldValue()]
FastHashMap.java,org.jugsaxony.demo2.FastHashMap,org.pitest.mutationtest.engine.gregor.mutators.returns.BooleanFalseReturnValsMutator,isWithinCyclicRange,344,SURVIVED,none
FastHashMap.java,org.jugsaxony.demo2.FastHashMap,org.pitest.mutationtest.engine.gregor.mutators.returns.BooleanTrueReturnValsMutator,isWithinCyclicRange,341,KILLED,org.jugsaxony.demo2.FastHashMapTest.[engine:junit-jupiter]/[class:org.jugsaxony.demo2.FastHashMapTest]/[nested-class:Remove]/[method:removeDoesNotBreakProbeChain()]
FastHashMap.java,org.jugsaxony.demo2.FastHashMap,org.pitest.mutationtest.engine.gregor.mutators.returns.BooleanTrueReturnValsMutator,isWithinCyclicRange,344,KILLED,org.jugsaxony.demo2.FastHashMapTest.[engine:junit-jupiter]/[class:org.jugsaxony.demo2.FastHashMapTest]/[nested-class:Remove]/[method:removeDoesNotBreakProbeChain()]
FastHashMap.java,org.jugsaxony.demo2.FastHashMap,org.pitest.mutationtest.engine.gregor.mutators.ConditionalsBoundaryMutator,keys,207,KILLED,org.jugsaxony.demo2.FastHashMapTest.[engine:junit-jupiter]/[class:org.jugsaxony.demo2.FastHashMapTest]/[nested-class:Clear]/[method:clearOnEmptyMap()]
FastHashMap.java,org.jugsaxony.demo2.FastHashMap,org.pitest.mutationtest.engine.gregor.mutators.RemoveConditionalMutator_EQUAL_ELSE,keys,209,KILLED,org.jugsaxony.demo2.FastHashMapTest.[engine:junit-jupiter]/[class:org.jugsaxony.demo2.FastHashMapTest]/[nested-class:KeysValues]/[method:keysContainNoNulls()]
FastHashMap.java,org.jugsaxony.demo2.FastHashMap,org.pitest.mutationtest.engine.gregor.mutators.RemoveConditionalMutator_EQUAL_IF,keys,209,KILLED,org.jugsaxony.demo2.FastHashMapTest.[engine:junit-jupiter]/[class:org.jugsaxony.demo2.FastHashMapTest]/[nested-class:Clear]/[method:clearOnEmptyMap()]
FastHashMap.java,org.jugsaxony.demo2.FastHashMap,org.pitest.mutationtest.engine.gregor.mutators.RemoveConditionalMutator_ORDER_ELSE,keys,207,KILLED,org.jugsaxony.demo2.FastHashMapTest.[engine:junit-jupiter]/[class:org.jugsaxony.demo2.FastHashMapTest]/[nested-class:Clear]/[method:clearOnEmptyMap()]
FastHashMap.java,org.jugsaxony.demo2.FastHashMap,org.pitest.mutationtest.engine.gregor.mutators.RemoveConditionalMutator_ORDER_IF,keys,207,KILLED,org.jugsaxony.demo2.FastHashMapTest.[engine:junit-jupiter]/[class:org.jugsaxony.demo2.FastHashMapTest]/[nested-class:KeysValues]/[method:keysContainNoNulls()]
FastHashMap.java,org.jugsaxony.demo2.FastHashMap,org.pitest.mutationtest.engine.gregor.mutators.returns.EmptyObjectReturnValsMutator,keys,215,KILLED,org.jugsaxony.demo2.FastHashMapTest.[engine:junit-jupiter]/[class:org.jugsaxony.demo2.FastHashMapTest]/[nested-class:KeysValues]/[method:keysContainNoNulls()]
FastHashMap.java,org.jugsaxony.demo2.FastHashMap,org.pitest.mutationtest.engine.gregor.mutators.returns.NullReturnValsMutator,newArray,356,KILLED,org.jugsaxony.demo2.FastHashMapTest.[engine:junit-jupiter]/[class:org.jugsaxony.demo2.FastHashMapTest]/[nested-class:Clear]/[method:clearOnEmptyMap()]
FastHashMap.java,org.jugsaxony.demo2.FastHashMap,org.pitest.mutationtest.engine.gregor.mutators.ConditionalsBoundaryMutator,put,147,SURVIVED,none
FastHashMap.java,org.jugsaxony.demo2.FastHashMap,org.pitest.mutationtest.engine.gregor.mutators.MathMutator,put,138,KILLED,org.jugsaxony.demo2.FastHashMapTest.[engine:junit-jupiter]/[class:org.jugsaxony.demo2.FastHashMapTest]/[nested-class:GeneralBehavior]/[method:equalHashUnequalKeys()]
FastHashMap.java,org.jugsaxony.demo2.FastHashMap,org.pitest.mutationtest.engine.gregor.mutators.MathMutator,put,138,KILLED,org.jugsaxony.demo2.FastHashMapTest.[engine:junit-jupiter]/[class:org.jugsaxony.demo2.FastHashMapTest]/[nested-class:GeneralBehavior]/[method:equalHashUnequalKeys()]
FastHashMap.java,org.jugsaxony.demo2.FastHashMap,org.pitest.mutationtest.engine.gregor.mutators.MathMutator,put,145,KILLED,org.jugsaxony.demo2.FastHashMapTest.[engine:junit-jupiter]/[class:org.jugsaxony.demo2.FastHashMapTest]/[nested-class:NullValues]/[method:nullValueAppearsInValues()]
FastHashMap.java,org.jugsaxony.demo2.FastHashMap,org.pitest.mutationtest.engine.gregor.mutators.MathMutator,put,147,TIMED_OUT,none
FastHashMap.java,org.jugsaxony.demo2.FastHashMap,org.pitest.mutationtest.engine.gregor.mutators.MathMutator,put,149,TIMED_OUT,none
FastHashMap.java,org.jugsaxony.demo2.FastHashMap,org.pitest.mutationtest.engine.gregor.mutators.RemoveConditionalMutator_EQUAL_ELSE,put,132,KILLED,org.jugsaxony.demo2.FastHashMapTest.[engine:junit-jupiter]/[class:org.jugsaxony.demo2.FastHashMapTest]/[nested-class:NullValues]/[method:replaceNullWithValue()]
FastHashMap.java,org.jugsaxony.demo2.FastHashMap,org.pitest.mutationtest.engine.gregor.mutators.RemoveConditionalMutator_EQUAL_ELSE,put,130,KILLED,org.jugsaxony.demo2.FastHashMapTest.[engine:junit-jupiter]/[class:org.jugsaxony.demo2.FastHashMapTest]/[nested-class:PutGet]/[method:putReturnsNullForNewKey()]
FastHashMap.java,org.jugsaxony.demo2.FastHashMap,org.pitest.mutationtest.engine.gregor.mutators.RemoveConditionalMutator_EQUAL_IF,put,132,KILLED,org.jugsaxony.demo2.FastHashMapTest.[engine:junit-jupiter]/[class:org.jugsaxony.demo2.FastHashMapTest]/[nested-class:GeneralBehavior]/[method:equalHashUnequalKeys()]
FastHashMap.java,org.jugsaxony.demo2.FastHashMap,org.pitest.mutationtest.engine.gregor.mutators.RemoveConditionalMutator_EQUAL_IF,put,130,KILLED,org.jugsaxony.demo2.FastHashMapTest.[engine:junit-jupiter]/[class:org.jugsaxony.demo2.FastHashMapTest]/[nested-class:NullValues]/[method:replaceNullWithValue()]
FastHashMap.java,org.jugsaxony.demo2.FastHashMap,org.pitest.mutationtest.engine.gregor.mutators.RemoveConditionalMutator_ORDER_ELSE,put,147,TIMED_OUT,none
FastHashMap.java,org.jugsaxony.demo2.FastHashMap,org.pitest.mutationtest.engine.gregor.mutators.RemoveConditionalMutator_ORDER_IF,put,147,TIMED_OUT,none
FastHashMap.java,org.jugsaxony.demo2.FastHashMap,org.pitest.mutationtest.engine.gregor.mutators.VoidMethodCallMutator,put,149,TIMED_OUT,none
FastHashMap.java,org.jugsaxony.demo2.FastHashMap,org.pitest.mutationtest.engine.gregor.mutators.returns.NullReturnValsMutator,put,136,KILLED,org.jugsaxony.demo2.FastHashMapTest.[engine:junit-jupiter]/[class:org.jugsaxony.demo2.FastHashMapTest]/[nested-class:PutGet]/[method:putReturnsOldValueOnReplace()]
FastHashMap.java,org.jugsaxony.demo2.FastHashMap,org.pitest.mutationtest.engine.gregor.mutators.MathMutator,remove,176,KILLED,org.jugsaxony.demo2.FastHashMapTest.[engine:junit-jupiter]/[class:org.jugsaxony.demo2.FastHashMapTest]/[nested-class:Remove]/[method:removeThenReinsert()]
FastHashMap.java,org.jugsaxony.demo2.FastHashMap,org.pitest.mutationtest.engine.gregor.mutators.MathMutator,remove,179,KILLED,org.jugsaxony.demo2.FastHashMapTest.[engine:junit-jupiter]/[class:org.jugsaxony.demo2.FastHashMapTest]/[nested-class:Remove]/[method:removeDoesNotBreakProbeChain()]
FastHashMap.java,org.jugsaxony.demo2.FastHashMap,org.pitest.mutationtest.engine.gregor.mutators.MathMutator,remove,179,KILLED,org.jugsaxony.demo2.FastHashMapTest.[engine:junit-jupiter]/[class:org.jugsaxony.demo2.FastHashMapTest]/[nested-class:Remove]/[method:removeDoesNotBreakProbeChain()]
FastHashMap.java,org.jugsaxony.demo2.FastHashMap,org.pitest.mutationtest.engine.gregor.mutators.RemoveConditionalMutator_EQUAL_ELSE,remove,172,KILLED,org.jugsaxony.demo2.FastHashMapTest.[engine:junit-jupiter]/[class:org.jugsaxony.demo2.FastHashMapTest]/[nested-class:Remove]/[method:removeThenReinsert()]
FastHashMap.java,org.jugsaxony.demo2.FastHashMap,org.pitest.mutationtest.engine.gregor.mutators.RemoveConditionalMutator_EQUAL_ELSE,remove,170,KILLED,org.jugsaxony.demo2.FastHashMapTest.[engine:junit-jupiter]/[class:org.jugsaxony.demo2.FastHashMapTest]/[nested-class:Remove]/[method:removeAbsentKeyReturnsNull()]
FastHashMap.java,org.jugsaxony.demo2.FastHashMap,org.pitest.mutationtest.engine.gregor.mutators.RemoveConditionalMutator_EQUAL_IF,remove,172,KILLED,org.jugsaxony.demo2.FastHashMapTest.[engine:junit-jupiter]/[class:org.jugsaxony.demo2.FastHashMapTest]/[nested-class:Remove]/[method:removeDoesNotBreakProbeChain()]
FastHashMap.java,org.jugsaxony.demo2.FastHashMap,org.pitest.mutationtest.engine.gregor.mutators.RemoveConditionalMutator_EQUAL_IF,remove,170,KILLED,org.jugsaxony.demo2.FastHashMapTest.[engine:junit-jupiter]/[class:org.jugsaxony.demo2.FastHashMapTest]/[nested-class:Remove]/[method:removeThenReinsert()]
FastHashMap.java,org.jugsaxony.demo2.FastHashMap,org.pitest.mutationtest.engine.gregor.mutators.VoidMethodCallMutator,remove,175,KILLED,org.jugsaxony.demo2.FastHashMapTest.[engine:junit-jupiter]/[class:org.jugsaxony.demo2.FastHashMapTest]/[nested-class:Remove]/[method:removeThenReinsert()]
FastHashMap.java,org.jugsaxony.demo2.FastHashMap,org.pitest.mutationtest.engine.gregor.mutators.returns.NullReturnValsMutator,remove,177,KILLED,org.jugsaxony.demo2.FastHashMapTest.[engine:junit-jupiter]/[class:org.jugsaxony.demo2.FastHashMapTest]/[nested-class:Remove]/[method:removeExistingKeyReturnsOldValue()]
FastHashMap.java,org.jugsaxony.demo2.FastHashMap,org.pitest.mutationtest.engine.gregor.mutators.ConditionalsBoundaryMutator,resize,280,KILLED,org.jugsaxony.demo2.FastHashMapTest.[engine:junit-jupiter]/[class:org.jugsaxony.demo2.FastHashMapTest]/[nested-class:Resize]/[method:resizePreservesAllEntries()]
FastHashMap.java,org.jugsaxony.demo2.FastHashMap,org.pitest.mutationtest.engine.gregor.mutators.MathMutator,resize,277,TIMED_OUT,none
FastHashMap.java,org.jugsaxony.demo2.FastHashMap,org.pitest.mutationtest.engine.gregor.mutators.MathMutator,resize,288,KILLED,org.jugsaxony.demo2.FastHashMapTest.[engine:junit-jupiter]/[class:org.jugsaxony.demo2.FastHashMapTest]/[nested-class:GeneralBehavior]/[method:distinctStringKeys()]
FastHashMap.java,org.jugsaxony.demo2.FastHashMap,org.pitest.mutationtest.engine.gregor.mutators.MathMutator,resize,288,KILLED,org.jugsaxony.demo2.FastHashMapTest.[engine:junit-jupiter]/[class:org.jugsaxony.demo2.FastHashMapTest]/[nested-class:KeysValues]/[method:valuesContainsAllInsertedValues()]
FastHashMap.java,org.jugsaxony.demo2.FastHashMap,org.pitest.mutationtest.engine.gregor.mutators.RemoveConditionalMutator_EQUAL_ELSE,resize,283,KILLED,org.jugsaxony.demo2.FastHashMapTest.[engine:junit-jupiter]/[class:org.jugsaxony.demo2.FastHashMapTest]/[nested-class:Resize]/[method:resizePreservesAllEntries()]
FastHashMap.java,org.jugsaxony.demo2.FastHashMap,org.pitest.mutationtest.engine.gregor.mutators.RemoveConditionalMutator_EQUAL_ELSE,resize,286,TIMED_OUT,none
FastHashMap.java,org.jugsaxony.demo2.FastHashMap,org.pitest.mutationtest.engine.gregor.mutators.RemoveConditionalMutator_EQUAL_IF,resize,283,KILLED,org.jugsaxony.demo2.FastHashMapTest.[engine:junit-jupiter]/[class:org.jugsaxony.demo2.FastHashMapTest]/[nested-class:Resize]/[method:resizePreservesAllEntries()]
FastHashMap.java,org.jugsaxony.demo2.FastHashMap,org.pitest.mutationtest.engine.gregor.mutators.RemoveConditionalMutator_EQUAL_IF,resize,286,KILLED,org.jugsaxony.demo2.FastHashMapTest.[engine:junit-jupiter]/[class:org.jugsaxony.demo2.FastHashMapTest]/[nested-class:KeysValues]/[method:valuesContainsAllInsertedValues()]
FastHashMap.java,org.jugsaxony.demo2.FastHashMap,org.pitest.mutationtest.engine.gregor.mutators.RemoveConditionalMutator_ORDER_ELSE,resize,280,KILLED,org.jugsaxony.demo2.FastHashMapTest.[engine:junit-jupiter]/[class:org.jugsaxony.demo2.FastHashMapTest]/[nested-class:Resize]/[method:resizePreservesAllEntries()]
FastHashMap.java,org.jugsaxony.demo2.FastHashMap,org.pitest.mutationtest.engine.gregor.mutators.RemoveConditionalMutator_ORDER_IF,resize,280,KILLED,org.jugsaxony.demo2.FastHashMapTest.[engine:junit-jupiter]/[class:org.jugsaxony.demo2.FastHashMapTest]/[nested-class:Resize]/[method:resizePreservesAllEntries()]
FastHashMap.java,org.jugsaxony.demo2.FastHashMap,org.pitest.mutationtest.engine.gregor.mutators.returns.PrimitiveReturnsMutator,size,193,KILLED,org.jugsaxony.demo2.FastHashMapTest.[engine:junit-jupiter]/[class:org.jugsaxony.demo2.FastHashMapTest]/[nested-class:Remove]/[method:removeAbsentKeyReturnsNull()]
FastHashMap.java,org.jugsaxony.demo2.FastHashMap,org.pitest.mutationtest.engine.gregor.mutators.ConditionalsBoundaryMutator,values,229,KILLED,org.jugsaxony.demo2.FastHashMapTest.[engine:junit-jupiter]/[class:org.jugsaxony.demo2.FastHashMapTest]/[nested-class:NullValues]/[method:nullValueAppearsInValues()]
FastHashMap.java,org.jugsaxony.demo2.FastHashMap,org.pitest.mutationtest.engine.gregor.mutators.RemoveConditionalMutator_EQUAL_ELSE,values,231,KILLED,org.jugsaxony.demo2.FastHashMapTest.[engine:junit-jupiter]/[class:org.jugsaxony.demo2.FastHashMapTest]/[nested-class:NullValues]/[method:nullValueAppearsInValues()]
FastHashMap.java,org.jugsaxony.demo2.FastHashMap,org.pitest.mutationtest.engine.gregor.mutators.RemoveConditionalMutator_EQUAL_IF,values,231,KILLED,org.jugsaxony.demo2.FastHashMapTest.[engine:junit-jupiter]/[class:org.jugsaxony.demo2.FastHashMapTest]/[nested-class:NullValues]/[method:nullValueAppearsInValues()]
FastHashMap.java,org.jugsaxony.demo2.FastHashMap,org.pitest.mutationtest.engine.gregor.mutators.RemoveConditionalMutator_ORDER_ELSE,values,229,KILLED,org.jugsaxony.demo2.FastHashMapTest.[engine:junit-jupiter]/[class:org.jugsaxony.demo2.FastHashMapTest]/[nested-class:NullValues]/[method:nullValueAppearsInValues()]
FastHashMap.java,org.jugsaxony.demo2.FastHashMap,org.pitest.mutationtest.engine.gregor.mutators.RemoveConditionalMutator_ORDER_IF,values,229,KILLED,org.jugsaxony.demo2.FastHashMapTest.[engine:junit-jupiter]/[class:org.jugsaxony.demo2.FastHashMapTest]/[nested-class:NullValues]/[method:nullValueAppearsInValues()]
FastHashMap.java,org.jugsaxony.demo2.FastHashMap,org.pitest.mutationtest.engine.gregor.mutators.returns.EmptyObjectReturnValsMutator,values,237,KILLED,org.jugsaxony.demo2.FastHashMapTest.[engine:junit-jupiter]/[class:org.jugsaxony.demo2.FastHashMapTest]/[nested-class:NullValues]/[method:nullValueAppearsInValues()]
BitCompression.java,com.xceptance.xlt.report.util.misc.BitCompression,org.pitest.mutationtest.engine.gregor.mutators.MathMutator,combineAdjacentBits,37,KILLED,com.xceptance.xlt.report.util.misc.BitCompressionTest.[engine:junit-jupiter]/[class:com.xceptance.xlt.report.util.misc.BitCompressionTest]/[method:combineAdjacentBits_highBitSet()]
BitCompression.java,com.xceptance.xlt.report.util.misc.BitCompression,org.pitest.mutationtest.engine.gregor.mutators.MathMutator,combineAdjacentBits,37,KILLED,com.xceptance.xlt.report.util.misc.BitCompressionTest.[engine:junit-jupiter]/[class:com.xceptance.xlt.report.util.misc.BitCompressionTest]/[method:combineAdjacentBits_allBitsSet()]
BitCompression.java,com.xceptance.xlt.report.util.misc.BitCompression,org.pitest.mutationtest.engine.gregor.mutators.returns.PrimitiveReturnsMutator,combineAdjacentBits,37,KILLED,com.xceptance.xlt.report.util.misc.BitCompressionTest.[engine:junit-jupiter]/[class:com.xceptance.xlt.report.util.misc.BitCompressionTest]/[method:combineAdjacentBits_allBitsSet()]
BitCompression.java,com.xceptance.xlt.report.util.misc.BitCompression,org.pitest.mutationtest.engine.gregor.mutators.MathMutator,compressAndShiftOddBits,49,KILLED,com.xceptance.xlt.report.util.misc.BitCompressionTest.[engine:junit-jupiter]/[class:com.xceptance.xlt.report.util.misc.BitCompressionTest]/[method:compressAndShiftOddBits_highestOddBit()]
BitCompression.java,com.xceptance.xlt.report.util.misc.BitCompression,org.pitest.mutationtest.engine.gregor.mutators.MathMutator,compressAndShiftOddBits,49,KILLED,com.xceptance.xlt.report.util.misc.BitCompressionTest.[engine:junit-jupiter]/[class:com.xceptance.xlt.report.util.misc.BitCompressionTest]/[method:compressAndShiftOddBits_highestOddBit()]
BitCompression.java,com.xceptance.xlt.report.util.misc.BitCompression,org.pitest.mutationtest.engine.gregor.mutators.MathMutator,compressAndShiftOddBits,50,KILLED,com.xceptance.xlt.report.util.misc.BitCompressionTest.[engine:junit-jupiter]/[class:com.xceptance.xlt.report.util.misc.BitCompressionTest]/[method:compressAndShiftOddBits_highestOddBit()]
BitCompression.java,com.xceptance.xlt.report.util.misc.BitCompression,org.pitest.mutationtest.engine.gregor.mutators.MathMutator,compressAndShiftOddBits,50,KILLED,com.xceptance.xlt.report.util.misc.BitCompressionTest.[engine:junit-jupiter]/[class:com.xceptance.xlt.report.util.misc.BitCompressionTest]/[method:compressAndShiftOddBits_highestOddBit()]
BitCompression.java,com.xceptance.xlt.report.util.misc.BitCompression,org.pitest.mutationtest.engine.gregor.mutators.MathMutator,compressAndShiftOddBits,50,KILLED,com.xceptance.xlt.report.util.misc.BitCompressionTest.[engine:junit-jupiter]/[class:com.xceptance.xlt.report.util.misc.BitCompressionTest]/[method:compressAndShiftOddBits_highestOddBit()]
BitCompression.java,com.xceptance.xlt.report.util.misc.BitCompression,org.pitest.mutationtest.engine.gregor.mutators.MathMutator,compressAndShiftOddBits,51,KILLED,com.xceptance.xlt.report.util.misc.BitCompressionTest.[engine:junit-jupiter]/[class:com.xceptance.xlt.report.util.misc.BitCompressionTest]/[method:compressAndShiftOddBits_highestOddBit()]
BitCompression.java,com.xceptance.xlt.report.util.misc.BitCompression,org.pitest.mutationtest.engine.gregor.mutators.MathMutator,compressAndShiftOddBits,51,KILLED,com.xceptance.xlt.report.util.misc.BitCompressionTest.[engine:junit-jupiter]/[class:com.xceptance.xlt.report.util.misc.BitCompressionTest]/[method:compressAndShiftOddBits_highestOddBit()]
BitCompression.java,com.xceptance.xlt.report.util.misc.BitCompression,org.pitest.mutationtest.engine.gregor.mutators.MathMutator,compressAndShiftOddBits,51,KILLED,com.xceptance.xlt.report.util.misc.BitCompressionTest.[engine:junit-jupiter]/[class:com.xceptance.xlt.report.util.misc.BitCompressionTest]/[method:compressAndShiftOddBits_highestOddBit()]
BitCompression.java,com.xceptance.xlt.report.util.misc.BitCompression,org.pitest.mutationtest.engine.gregor.mutators.MathMutator,compressAndShiftOddBits,52,KILLED,com.xceptance.xlt.report.util.misc.BitCompressionTest.[engine:junit-jupiter]/[class:com.xceptance.xlt.report.util.misc.BitCompressionTest]/[method:compressAndShiftOddBits_highestOddBit()]
BitCompression.java,com.xceptance.xlt.report.util.misc.BitCompression,org.pitest.mutationtest.engine.gregor.mutators.MathMutator,compressAndShiftOddBits,52,KILLED,com.xceptance.xlt.report.util.misc.BitCompressionTest.[engine:junit-jupiter]/[class:com.xceptance.xlt.report.util.misc.BitCompressionTest]/[method:compressAndShiftOddBits_highestOddBit()]
BitCompression.java,com.xceptance.xlt.report.util.misc.BitCompression,org.pitest.mutationtest.engine.gregor.mutators.MathMutator,compressAndShiftOddBits,52,KILLED,com.xceptance.xlt.report.util.misc.BitCompressionTest.[engine:junit-jupiter]/[class:com.xceptance.xlt.report.util.misc.BitCompressionTest]/[method:compressAndShiftOddBits_highestOddBit()]
BitCompression.java,com.xceptance.xlt.report.util.misc.BitCompression,org.pitest.mutationtest.engine.gregor.mutators.MathMutator,compressAndShiftOddBits,53,KILLED,com.xceptance.xlt.report.util.misc.BitCompressionTest.[engine:junit-jupiter]/[class:com.xceptance.xlt.report.util.misc.BitCompressionTest]/[method:compressAndShiftOddBits_highestOddBit()]
BitCompression.java,com.xceptance.xlt.report.util.misc.BitCompression,org.pitest.mutationtest.engine.gregor.mutators.MathMutator,compressAndShiftOddBits,53,KILLED,com.xceptance.xlt.report.util.misc.BitCompressionTest.[engine:junit-jupiter]/[class:com.xceptance.xlt.report.util.misc.BitCompressionTest]/[method:compressAndShiftOddBits_highestOddBit()]
BitCompression.java,com.xceptance.xlt.report.util.misc.BitCompression,org.pitest.mutationtest.engine.gregor.mutators.MathMutator,compressAndShiftOddBits,53,KILLED,com.xceptance.xlt.report.util.misc.BitCompressionTest.[engine:junit-jupiter]/[class:com.xceptance.xlt.report.util.misc.BitCompressionTest]/[method:compressAndShiftOddBits_highestOddBit()]
BitCompression.java,com.xceptance.xlt.report.util.misc.BitCompression,org.pitest.mutationtest.engine.gregor.mutators.MathMutator,compressAndShiftOddBits,54,KILLED,com.xceptance.xlt.report.util.misc.BitCompressionTest.[engine:junit-jupiter]/[class:com.xceptance.xlt.report.util.misc.BitCompressionTest]/[method:compressAndShiftOddBits_highestOddBit()]
BitCompression.java,com.xceptance.xlt.report.util.misc.BitCompression,org.pitest.mutationtest.engine.gregor.mutators.MathMutator,compressAndShiftOddBits,54,KILLED,com.xceptance.xlt.report.util.misc.BitCompressionTest.[engine:junit-jupiter]/[class:com.xceptance.xlt.report.util.misc.BitCompressionTest]/[method:compressAndShiftOddBits_highestOddBit()]
BitCompression.java,com.xceptance.xlt.report.util.misc.BitCompression,org.pitest.mutationtest.engine.gregor.mutators.MathMutator,compressAndShiftOddBits,54,KILLED,com.xceptance.xlt.report.util.misc.BitCompressionTest.[engine:junit-jupiter]/[class:com.xceptance.xlt.report.util.misc.BitCompressionTest]/[method:compressAndShiftOddBits_highestOddBit()]
BitCompression.java,com.xceptance.xlt.report.util.misc.BitCompression,org.pitest.mutationtest.engine.gregor.mutators.returns.PrimitiveReturnsMutator,compressAndShiftOddBits,55,KILLED,com.xceptance.xlt.report.util.misc.BitCompressionTest.[engine:junit-jupiter]/[class:com.xceptance.xlt.report.util.misc.BitCompressionTest]/[method:compressAndShiftOddBits_highestOddBit()]
SimpleMathClean.java,org.jugsaxony.demo2.SimpleMathClean,org.pitest.mutationtest.engine.gregor.mutators.ConditionalsBoundaryMutator,max,20,SURVIVED,none
SimpleMathClean.java,org.jugsaxony.demo2.SimpleMathClean,org.pitest.mutationtest.engine.gregor.mutators.RemoveConditionalMutator_ORDER_ELSE,max,20,KILLED,org.jugsaxony.demo2.SimpleMathCleanTest.[engine:junit-jupiter]/[class:org.jugsaxony.demo2.SimpleMathCleanTest]/[nested-class:MaxPrimitiveIntTests]/[method:testFirstArgumentGreaterPositive()]
SimpleMathClean.java,org.jugsaxony.demo2.SimpleMathClean,org.pitest.mutationtest.engine.gregor.mutators.RemoveConditionalMutator_ORDER_IF,max,20,KILLED,org.jugsaxony.demo2.SimpleMathCleanTest.[engine:junit-jupiter]/[class:org.jugsaxony.demo2.SimpleMathCleanTest]/[nested-class:MaxPrimitiveIntTests]/[method:testSecondArgumentGreaterPositive()]
SimpleMathClean.java,org.jugsaxony.demo2.SimpleMathClean,org.pitest.mutationtest.engine.gregor.mutators.returns.PrimitiveReturnsMutator,max,20,KILLED,org.jugsaxony.demo2.SimpleMathCleanTest.[engine:junit-jupiter]/[class:org.jugsaxony.demo2.SimpleMathCleanTest]/[nested-class:MaxPrimitiveIntTests]/[method:testSecondArgumentGreaterPositive()]
SimpleMathClean.java,org.jugsaxony.demo2.SimpleMathClean,org.pitest.mutationtest.engine.gregor.mutators.ConditionalsBoundaryMutator,max,34,SURVIVED,none
SimpleMathClean.java,org.jugsaxony.demo2.SimpleMathClean,org.pitest.mutationtest.engine.gregor.mutators.RemoveConditionalMutator_ORDER_ELSE,max,34,KILLED,"org.jugsaxony.demo2.SimpleMathCleanTest.[engine:junit-jupiter]/[class:org.jugsaxony.demo2.SimpleMathCleanTest]/[nested-class:MaxBoxedIntegerTests]/[test-template:testParameterizedBoxedMax(int, int, int)]/[test-template-invocation:#8]"
SimpleMathClean.java,org.jugsaxony.demo2.SimpleMathClean,org.pitest.mutationtest.engine.gregor.mutators.RemoveConditionalMutator_ORDER_IF,max,34,KILLED,"org.jugsaxony.demo2.SimpleMathCleanTest.[engine:junit-jupiter]/[class:org.jugsaxony.demo2.SimpleMathCleanTest]/[nested-class:MaxBoxedIntegerTests]/[test-template:testParameterizedBoxedMax(int, int, int)]/[test-template-invocation:#6]"
SimpleMathClean.java,org.jugsaxony.demo2.SimpleMathClean,org.pitest.mutationtest.engine.gregor.mutators.returns.PrimitiveReturnsMutator,max,34,KILLED,org.jugsaxony.demo2.SimpleMathCleanTest.[engine:junit-jupiter]/[class:org.jugsaxony.demo2.SimpleMathCleanTest]/[nested-class:MaxBoxedIntegerTests]/[method:testEqualValuesOutsideCache()]
SimpleMathClean.java,org.jugsaxony.demo2.SimpleMathClean,org.pitest.mutationtest.engine.gregor.mutators.MathMutator,sum,48,KILLED,org.jugsaxony.demo2.SimpleMathCleanTest.[engine:junit-jupiter]/[class:org.jugsaxony.demo2.SimpleMathCleanTest]/[nested-class:SumArrayTests]/[method:testMultipleNegativeNumbers()]
SimpleMathClean.java,org.jugsaxony.demo2.SimpleMathClean,org.pitest.mutationtest.engine.gregor.mutators.returns.PrimitiveReturnsMutator,sum,50,KILLED,org.jugsaxony.demo2.SimpleMathCleanTest.[engine:junit-jupiter]/[class:org.jugsaxony.demo2.SimpleMathCleanTest]/[nested-class:SumArrayTests]/[method:testMultipleNegativeNumbers()]
SimpleMath.java,org.jugsaxony.demo2.SimpleMath,org.pitest.mutationtest.engine.gregor.mutators.ConditionalsBoundaryMutator,max,7,SURVIVED,none
SimpleMath.java,org.jugsaxony.demo2.SimpleMath,org.pitest.mutationtest.engine.gregor.mutators.RemoveConditionalMutator_ORDER_ELSE,max,7,KILLED,"org.jugsaxony.demo2.SimpleMathTest.[engine:junit-jupiter]/[class:org.jugsaxony.demo2.SimpleMathTest]/[nested-class:MaxPrimitiveIntTests]/[test-template:testParameterizedMax(int, int, int)]/[test-template-invocation:#4]"
SimpleMath.java,org.jugsaxony.demo2.SimpleMath,org.pitest.mutationtest.engine.gregor.mutators.RemoveConditionalMutator_ORDER_IF,max,7,KILLED,"org.jugsaxony.demo2.SimpleMathTest.[engine:junit-jupiter]/[class:org.jugsaxony.demo2.SimpleMathTest]/[nested-class:MaxPrimitiveIntTests]/[test-template:testParameterizedMax(int, int, int)]/[test-template-invocation:#5]"
SimpleMath.java,org.jugsaxony.demo2.SimpleMath,org.pitest.mutationtest.engine.gregor.mutators.returns.PrimitiveReturnsMutator,max,7,KILLED,"org.jugsaxony.demo2.SimpleMathTest.[engine:junit-jupiter]/[class:org.jugsaxony.demo2.SimpleMathTest]/[nested-class:MaxPrimitiveIntTests]/[test-template:testParameterizedMax(int, int, int)]/[test-template-invocation:#5]"
SimpleMath.java,org.jugsaxony.demo2.SimpleMath,org.pitest.mutationtest.engine.gregor.mutators.ConditionalsBoundaryMutator,max,12,SURVIVED,none
SimpleMath.java,org.jugsaxony.demo2.SimpleMath,org.pitest.mutationtest.engine.gregor.mutators.RemoveConditionalMutator_ORDER_ELSE,max,12,KILLED,"org.jugsaxony.demo2.SimpleMathTest.[engine:junit-jupiter]/[class:org.jugsaxony.demo2.SimpleMathTest]/[nested-class:MaxBoxedIntegerTests]/[test-template:testParameterizedBoxedMax(int, int, int)]/[test-template-invocation:#2]"
SimpleMath.java,org.jugsaxony.demo2.SimpleMath,org.pitest.mutationtest.engine.gregor.mutators.RemoveConditionalMutator_ORDER_IF,max,12,KILLED,"org.jugsaxony.demo2.SimpleMathTest.[engine:junit-jupiter]/[class:org.jugsaxony.demo2.SimpleMathTest]/[nested-class:MaxBoxedIntegerTests]/[test-template:testParameterizedBoxedMax(int, int, int)]/[test-template-invocation:#6]"
SimpleMath.java,org.jugsaxony.demo2.SimpleMath,org.pitest.mutationtest.engine.gregor.mutators.returns.PrimitiveReturnsMutator,max,12,KILLED,"org.jugsaxony.demo2.SimpleMathTest.[engine:junit-jupiter]/[class:org.jugsaxony.demo2.SimpleMathTest]/[nested-class:MaxBoxedIntegerTests]/[test-template:testParameterizedBoxedMax(int, int, int)]/[test-template-invocation:#2]"
SimpleMath.java,org.jugsaxony.demo2.SimpleMath,org.pitest.mutationtest.engine.gregor.mutators.MathMutator,sum,20,KILLED,org.jugsaxony.demo2.SimpleMathTest.[engine:junit-jupiter]/[class:org.jugsaxony.demo2.SimpleMathTest]/[nested-class:SumArrayTests]/[method:testDuplicateElements()]
SimpleMath.java,org.jugsaxony.demo2.SimpleMath,org.pitest.mutationtest.engine.gregor.mutators.returns.PrimitiveReturnsMutator,sum,22,KILLED,org.jugsaxony.demo2.SimpleMathTest.[engine:junit-jupiter]/[class:org.jugsaxony.demo2.SimpleMathTest]/[nested-class:SumArrayTests]/[method:testDuplicateElements()]
LRUClockMap.java,org.jugsaxony.demo2.LRUClockMap$DebugWrapper,org.pitest.mutationtest.engine.gregor.mutators.MathMutator,<init>,610,KILLED,org.jugsaxony.demo2.LRUClockMapTest.[engine:junit-jupiter]/[class:org.jugsaxony.demo2.LRUClockMapTest]/[nested-class:DebugViews]/[method:debugDataConsistency()]
LRUClockMap.java,org.jugsaxony.demo2.LRUClockMap$DebugWrapper,org.pitest.mutationtest.engine.gregor.mutators.returns.EmptyObjectReturnValsMutator,toString,616,SURVIVED,none
IntTimeSeries.java,com.xceptance.xlt.report.util.rework.IntTimeSeries$HistogramBucket,org.pitest.mutationtest.engine.gregor.mutators.returns.EmptyObjectReturnValsMutator,toString,489,KILLED,com.xceptance.xlt.report.util.rework.IntTimeSeriesTest.[engine:junit-jupiter]/[class:com.xceptance.xlt.report.util.rework.IntTimeSeriesTest]/[method:histogramBucket_toStringFormat()]
LRUClockMap.java,org.jugsaxony.demo2.LRUClockMap$Wrapper,org.pitest.mutationtest.engine.gregor.mutators.returns.EmptyObjectReturnValsMutator,toString,95,NO_COVERAGE,none
